seller_id,seller_order_count,seller_items_sold,seller_unique_customers,seller_total_revenue,seller_total_freight_value,seller_avg_item_price,seller_avg_freight_value,seller_avg_review_score,seller_avg_delivery_days,seller_avg_delay_days,seller_delayed_order_rate,seller_unique_products,seller_unique_categories,seller_state,seller_top_category,seller_active_days
0015a82c2db000af6aaaf3ae2ecb0532,3,3,3,2685.0,63.06,895.0,21.02,3.6666666666666665,10.333333333333334,-16.333333333333332,0.0,1,1,SP,small_appliances,21
001cca7ae9ae17fb1caed9dfb1094831,200,239,200,25080.03,8854.14,104.9373640167364,37.046610878661085,3.902542372881356,12.628205128205128,-13.213675213675213,0.0502092050209205,11,2,ES,garden_tools,523
001e6ad469a905060d959994f1b41e4f,1,1,1,250.0,17.94,250.0,17.94,1.0,10.6918511755307,-12.0,0.0,1,1,RJ,sports_leisure,0
002100f778ceb8431b7a1020ff7ab48f,51,55,51,1234.5,793.66,22.445454545454545,14.430181818181818,3.981818181818182,15.777777777777779,-8.185185185185185,0.16363636363636364,24,1,SP,furniture_decor,210
003554e2dce176b5555353e4f3555ac8,1,1,1,120.0,19.38,120.0,19.38,5.0,4.0,-27.0,0.0,1,1,GO,unknown,0
004c9cd9d87a3c30c522c48c4fc07416,158,170,157,19712.71,3551.23,115.95711764705882,20.889588235294116,4.1437125748503,13.958333333333334,-11.982142857142858,0.058823529411764705,88,2,SP,bed_bath_table,461
00720abe85ba0859807595bbf045a33b,13,26,12,1007.5,315.98,38.75,12.153076923076924,3.6538461538461537,8.153846153846153,-12.73076923076923,0.07692307692307693,9,1,SP,housewares,188
00ab3eff1b5192e5f1a63bcecfee11c8,1,1,1,98.0,12.08,98.0,12.08,5.0,9.0,-10.0,0.0,1,1,SP,health_beauty,0
00d8b143d12632bad99c0ad66ad52825,1,1,1,86.0,51.1,86.0,51.1,5.0,7.0,-22.0,0.0,1,1,MG,fashion_bags_accessories,0
00ee68308b45bc5e2660cd833c3f81cc,135,172,134,20260.0,3180.66,117.79069767441861,18.49220930232558,4.3274853801169595,8.732558139534884,-10.86046511627907,0.06395348837209303,23,2,SP,bed_bath_table,324
00fc707aaaad2d31347cf883cd2dfe10,103,135,102,12684.9,2285.09,93.96222222222222,16.926592592592595,3.791044776119403,15.348148148148148,-15.533333333333333,0.037037037037037035,19,1,PR,computers_accessories,133
010543a62bd80aa422851e79a3bc7540,2,2,2,1416.0,31.950000000000003,708.0,15.975000000000001,4.5,8.5,-8.5,0.0,1,1,SP,computers_accessories,28
010da0602d7774602cd1b3f5fb7b709e,1,5,1,849.5,230.25,169.9,46.05,1.0,26.0,-10.0,0.0,1,1,SP,kitchen_dining_laundry_garden_furniture,0
011b0eaba87386a2ae96a7d32bb531d1,1,2,1,99.98,29.18,49.99,14.59,4.0,25.0,-30.0,0.0,1,1,SP,health_beauty,0
01266d4c46afa519678d16a8b683d325,3,3,3,90.25,47.230000000000004,30.083333333333332,15.743333333333334,5.0,5.333333333333333,-9.333333333333334,0.0,3,1,PR,costruction_tools_tools,18
013900e863eace745d3ec7614cab5b1a,23,26,23,1619.7,469.67,62.29615384615385,18.064230769230768,4.730769230769231,11.038461538461538,-16.115384615384617,0.0,19,3,PR,fashion_shoes,405
014c0679dd340a0e338872e7ec85666a,14,15,14,7058.0,628.3100000000001,470.53333333333336,41.88733333333334,3.6666666666666665,18.533333333333335,-11.666666666666666,0.13333333333333333,10,3,MG,kitchen_dining_laundry_garden_furniture,524
014d9a685fd57276679edd00e07089e5,11,12,11,729.88,146.93,60.82333333333333,12.244166666666667,3.8333333333333335,8.5,-12.583333333333334,0.0,3,2,PR,stationery,268
0176f73cc1195f367f7b32db1e5b3aa8,38,39,38,4733.1,1287.01,121.36153846153847,33.00025641025641,4.0256410256410255,12.947368421052632,-8.736842105263158,0.10256410256410256,18,1,SP,bed_bath_table,270
01bcc9d254a0143f0ce9791b960b2a47,11,11,11,1521.21,277.65999999999997,138.29181818181817,25.24181818181818,4.4,12.4,-18.3,0.0,3,1,GO,health_beauty,173
01c97ebb5cdac52891c0ed1c37ba0012,9,12,9,577.5,178.5,48.125,14.875,4.083333333333333,12.333333333333334,-9.333333333333334,0.0,3,1,SP,computers_accessories,473
01cf7e3d21494c41fb86034f2e714fa1,61,67,61,9729.36,2008.82,145.21432835820897,29.982388059701492,4.212121212121212,11.076923076923077,-15.184615384615384,0.04477611940298507,21,9,PR,air_conditioning,507
01ed254b9ff8407dfb9d99ba1e17d923,5,5,5,1465.99,67.72,293.198,13.544,5.0,6.4,-17.0,0.0,2,1,SP,watches_gifts,96
01fd077212124329bac32490e8ef80d9,31,39,31,1208.0,575.36,30.974358974358974,14.752820512820513,4.3076923076923075,7.666666666666667,-11.948717948717949,0.02564102564102564,12,7,SP,health_beauty,130
01fdefa7697d26ad920e9e0346d4bd1b,129,131,129,14921.43,2768.64,113.90404580152672,21.134656488549616,4.346153846153846,10.276923076923078,-13.73076923076923,0.05343511450381679,21,1,PR,health_beauty,481
0241d4d5d36f10f80c644447315af0bd,238,246,235,31397.7,6853.91,127.6329268292683,27.86142276422764,4.3061224489795915,10.463414634146341,-13.016260162601625,0.044715447154471545,56,1,PR,furniture_decor,323
0249d282d911d23cb8b869ab49c99f53,11,11,11,393.0,138.88,35.72727272727273,12.625454545454545,4.2727272727272725,9.818181818181818,-8.363636363636363,0.18181818181818182,4,1,SP,sports_leisure,185
024b564ae893ce8e9bfa02c10a401ece,2,8,2,706.4000000000001,212.0,88.30000000000001,26.5,4.75,18.0,-40.5,0.0,2,2,SP,market_place,130
028872bfa080090a9d0abd4f1af168f8,1,3,1,70.5,47.37,23.5,15.79,5.0,16.0,-15.0,0.0,1,1,MG,unknown,0
02a2272692e13558373c66db98f05e2e,2,2,2,54.98,38.870000000000005,27.49,19.435000000000002,3.0,10.6918511755307,-12.0,0.0,2,1,RJ,telephony,29
02b72cdeb9cfcc429f1af6f4e3f3b737,4,4,4,522.65,225.99,130.6625,56.4975,4.75,12.0,-9.0,0.0,3,1,SP,baby,27
02c988090b766852e088c69d7fb3b551,13,17,13,1618.65,218.3,95.21470588235294,12.841176470588236,4.6875,8.0625,-10.8125,0.0,11,2,SP,signaling_and_security,394
02d35243ea2e497335cd0f076b45675d,14,16,14,5794.0,605.95,362.125,37.871875,2.6875,25.4375,-6.25,0.25,3,1,RN,furniture_decor,459
02dcd3e8e25bee036e32512bcf175493,14,17,12,1491.9,312.17,87.75882352941177,18.36294117647059,3.588235294117647,16.866666666666667,-5.933333333333334,0.29411764705882354,7,1,MG,stationery,298
02ecc2a19303f05e59ce133fd923fff7,21,24,21,5264.19,478.21,219.34124999999997,19.925416666666667,4.541666666666667,10.375,-15.041666666666666,0.0,17,3,SP,garden_tools,429
02f5837340d7eb4f653d676c7256523a,30,30,30,3883.05,580.83,129.435,19.361,4.833333333333333,9.166666666666666,-17.333333333333332,0.03333333333333333,3,1,PR,luggage_accessories,279
02f623a8eb246f3c5f7c2f96462654e6,44,44,44,6378.0,829.63,144.95454545454547,18.855227272727273,4.558139534883721,8.068181818181818,-10.704545454545455,0.06818181818181818,23,2,SP,sports_leisure,119
0307f7565ff85b299b6e5ef162b1b1a9,7,7,7,4728.8,274.77,675.5428571428572,39.25285714285714,3.142857142857143,14.666666666666666,-16.666666666666668,0.0,6,3,SP,cool_stuff,226
0336182e1b3e92f029d5354832045fdf,1,2,1,29.8,17.57,14.9,8.785,2.0,13.0,-42.0,0.0,2,1,SP,furniture_decor,0
034b9387752bfa309f350a70cd45ffa3,8,8,8,96.0,144.26,12.0,18.0325,4.5,8.125,-15.375,0.0,2,1,SC,toys,133
038b75b729c8a9a04b0d07cba7eabe86,2,2,2,467.0,90.85,233.5,45.425,3.5,22.5,-1.5,0.5,1,1,SP,housewares,2
039b29ff3b3473435d0cd59040575de9,9,9,9,114.9,100.65,12.766666666666667,11.183333333333334,4.444444444444445,8.555555555555555,-10.777777777777779,0.0,7,2,SP,music,119
039e6ad9dae79614493083e241147386,5,5,5,12925.0,348.42,2585.0,69.684,4.0,14.0,-12.2,0.2,4,1,SP,garden_tools,98
03a2a6dcbe45d639c4dc2a0d24769c40,9,9,9,1078.41,172.25,119.82333333333334,19.13888888888889,4.111111111111111,9.88888888888889,-12.555555555555555,0.1111111111111111,7,1,SP,garden_tools,155
03bd479e1d9484cdb14104d3023f7321,3,3,3,359.70000000000005,57.72,119.90000000000002,19.24,4.333333333333333,20.333333333333332,-5.666666666666667,0.0,3,1,MG,auto,75
0417b067eeab773d2f7061a726dc477f,13,13,13,1859.18,642.57,143.01384615384615,49.42846153846154,3.923076923076923,17.307692307692307,-3.923076923076923,0.23076923076923078,11,1,SC,auto,171
042573af89b6d931f672efaf789d8358,3,3,3,413.48,65.09,137.82666666666668,21.69666666666667,3.6666666666666665,19.666666666666668,-1.0,0.3333333333333333,3,2,SP,small_appliances,20
04308b1ee57b6625f47df1d56f00eedf,94,94,94,60130.6,3054.39,639.6872340425532,32.49351063829787,3.882978723404255,18.42391304347826,-11.576086956521738,0.07446808510638298,20,1,SC,health_beauty,270
0432ead42b6c8a0bdf68154add917fdf,85,90,85,7792.1,1207.52,86.5788888888889,13.416888888888888,4.477777777777778,8.333333333333334,-13.459770114942529,0.022222222222222223,56,3,SP,toys,481
044668ccd5316b12a7cf0d54a156e3e9,3,4,3,137.8,53.55,34.45,13.3875,5.0,7.0,-25.0,0.0,1,1,SP,food,12
04843805947f0fc584fc1969b6e50fe7,1,2,1,1400.0,74.76,700.0,37.38,5.0,15.0,0.0,0.0,1,1,RS,bed_bath_table,0
048c2757535328e0d7dac690ad3c0aae,51,51,50,9264.78,1286.28,181.6623529411765,25.221176470588233,4.18,18.04,-10.0,0.11764705882352941,20,1,SP,fashion_shoes,535
04aa0a1c5ce6b222003403a3e11c3cc0,11,17,11,5518.0,821.51,324.5882352941176,48.32411764705882,3.5294117647058822,15.882352941176471,-16.529411764705884,0.11764705882352941,8,2,SP,auto,307
04aba03279157f6d4e0fe8ccaf21963c,16,16,16,2575.9,346.43,160.99375,21.651875,4.3125,11.2,-13.933333333333334,0.0625,12,1,RJ,health_beauty,473
04e38a233f726ef161074ab1c9b0399a,23,28,23,1352.2,459.07,48.292857142857144,16.395357142857144,3.7857142857142856,11.083333333333334,-5.791666666666667,0.03571428571428571,11,3,SP,sports_leisure,232
04ee0ec01589969663ba5967c0e0bdc0,1,1,1,289.49,24.83,289.49,24.83,5.0,3.0,-13.0,0.0,1,1,RS,arts_and_craftmanship,0
04fdea0c111866e6cf812f1570d6b5bd,10,10,10,1055.0,206.95,105.5,20.695,3.2,17.5,-10.25,0.1,2,2,SP,computers_accessories,109
0509040ea3fe50071181bbc359eb7738,89,98,88,3737.95,1445.1499999999999,38.14234693877551,14.74642857142857,4.5,10.979166666666666,-10.760416666666666,0.04081632653061224,34,3,MG,sports_leisure,455
052577151711aec5c744fe12e66db3e1,4,4,4,2748.0,222.42,687.0,55.605,2.25,14.0,-12.0,0.0,1,1,SC,small_appliances,54
054694fa03fe82cec4b7551487331d74,21,22,21,9983.1,720.65,453.77727272727276,32.75681818181818,3.3636363636363638,29.714285714285715,-1.9523809523809523,0.2727272727272727,15,4,SP,small_appliances,456
056b4ada5bbc2c50cc7842547dda6b51,65,66,65,12333.390000000001,1306.02,186.86954545454546,19.78818181818182,4.123076923076923,12.307692307692308,-12.461538461538462,0.10606060606060606,23,2,RJ,watches_gifts,265
0570350b23eda5444f8d1d9544932058,6,11,6,626.9,124.86,56.99090909090909,11.350909090909092,5.0,4.0,-13.090909090909092,0.0,3,2,SP,perfumery,39
05730013efda596306417c3b09302475,4,4,4,952.0,216.67,238.0,54.1675,5.0,9.0,-11.5,0.0,4,2,SC,furniture_decor,47
058cb5aeb36d7c0fcae20fc85d5e0a59,12,13,11,1328.0,779.42,102.15384615384616,59.95538461538461,3.3846153846153846,9.333333333333334,-11.583333333333334,0.07692307692307693,8,1,RJ,luggage_accessories,323
058fd0aa2bfdb2274e05e1ae971dabb6,61,64,60,7667.9,887.9,119.8109375,13.8734375,4.390625,9.777777777777779,-11.80952380952381,0.078125,11,2,SP,perfumery,308
05a48cc8859962767935ab9087417fbb,1,1,1,42.9,16.49,42.9,16.49,5.0,11.0,-18.0,0.0,1,1,SP,garden_tools,0
05a940b4ecae36cadfd8e93bd9c43257,10,10,10,952.0,196.94,95.2,19.694,3.9,13.777777777777779,-14.88888888888889,0.0,9,3,GO,cool_stuff,217
05aebce0b5c8f0d41b29b686f2d05fd3,2,2,2,74.99000000000001,45.89,37.495000000000005,22.945,5.0,5.5,-2.5,0.0,2,2,SP,garden_tools,157
05ca864204d09595ae591b93ea9cf93d,1,1,1,179.9,8.52,179.9,8.52,5.0,5.0,0.0,0.0,1,1,SP,consoles_games,0
05d2173d43ea568aa0540eba70d2ca76,62,66,61,5759.66,1679.27,87.26757575757576,25.443484848484847,4.0,14.257575757575758,-11.606060606060606,0.045454545454545456,48,3,MG,auto,319
05e107217c7266362fd44b75b2cd4cc4,5,8,5,193.38,82.00999999999999,24.1725,10.251249999999999,4.125,6.375,-4.75,0.25,3,1,SP,stationery,52
05f51e13da97139648b8125c31e5f51b,60,63,60,13769.01,2019.29,218.5557142857143,32.05222222222222,4.095238095238095,11.916666666666666,-9.95,0.14285714285714285,21,3,MG,baby,255
05feb94f19d094d4b0f9281f0b1d4c99,6,6,6,9353.0,697.04,1558.8333333333333,116.17333333333333,4.5,14.833333333333334,-13.333333333333334,0.0,2,2,SP,garden_tools,188
05ff92fedb5be47920fea08e501238b9,59,62,58,21992.78,1815.39,354.7222580645161,29.280483870967743,4.209677419354839,11.783333333333333,-17.833333333333332,0.03225806451612903,16,4,RS,cool_stuff,672
062c325cd6a2b87845fab56b4ec2eeae,2,2,2,133.22,23.86,66.61,11.93,5.0,5.0,-9.5,0.0,2,2,SP,baby,86
062ce95fa2ad4dfaedfc79260130565f,55,60,55,7521.0,1200.44,125.35,20.007333333333335,3.966666666666667,12.745762711864407,-13.474576271186441,0.03333333333333333,14,5,RS,furniture_decor,226
06532f10282704ef4c69168b914b77be,8,9,8,10220.5,698.24,1135.611111111111,77.58222222222223,4.222222222222222,16.125,-12.875,0.0,8,2,PR,garden_tools,168
06579cb253ecd5a3a12a9e6eb6bf8f47,62,72,60,4727.2,1499.41,65.65555555555555,20.82513888888889,3.763888888888889,10.485714285714286,-9.114285714285714,0.09722222222222222,11,3,SP,housewares,373
066a6914e1ebf3ea95a216c73a986b91,68,74,68,9410.380000000001,1705.57,127.16729729729731,23.048243243243242,3.9726027397260273,13.63888888888889,-16.77777777777778,0.04054054054054054,44,7,PR,sports_leisure,672
0691148aee60ca47977c187804f935ae,47,53,47,5868.51,1490.94,110.72660377358491,28.130943396226417,3.990566037735849,12.584905660377359,-12.754716981132075,0.03773584905660377,37,6,PR,sports_leisure,275
0692610d8abe24f287e9fae90ea0bbee,4,4,4,173.99,31.73,43.4975,7.9325,4.0,6.25,-6.25,0.25,3,2,SP,computers_accessories,81
06a2c3af7b3aee5d69171b0e14f0ee87,392,405,388,36408.95,12141.29,89.89864197530864,29.978493827160495,4.0,17.271144278606965,-11.2636815920398,0.1925925925925926,44,1,MA,health_beauty,215
06bb3a2fe5e7b7a845b13e8fb91bd944,17,18,17,1536.19,326.14,85.3438888888889,18.11888888888889,4.611111111111111,8.333333333333334,-13.833333333333334,0.0,14,1,MG,health_beauty,296
06df0c10d34e459d9672bc77388742eb,26,30,26,9070.0,525.77,302.3333333333333,17.525666666666666,4.366666666666666,9.2,-14.666666666666666,0.03333333333333333,1,1,PR,sports_leisure,143
06e5eefc71ec47ae763c5c6f8db7064f,92,95,92,22188.56,2193.28,233.56378947368424,23.087157894736844,3.903225806451613,10.53763440860215,-16.913978494623656,0.0,35,6,RS,computers_accessories,484
07017df32dc5f2f1d2801e579548d620,8,9,8,946.49,181.75,105.16555555555556,20.194444444444443,4.111111111111111,9.666666666666666,-25.333333333333332,0.0,3,2,PB,telephony,508
070d165398b553f3b4b851c216b8a358,32,39,31,3393.16,1003.5899999999999,87.00410256410257,25.733076923076922,3.5,10.631578947368421,-9.078947368421053,0.10256410256410256,11,1,SP,pet_shop,357
0725b8c0f3f906e58f70cbe76b7c748c,17,37,16,2190.3,715.69,59.197297297297304,19.342972972972973,3.581081081081081,11.222222222222221,-15.583333333333334,0.10810810810810811,15,5,SP,housewares,564
0743a0239d764b9a0f959a57d07e36ab,4,4,4,336.96,66.26,84.24,16.565,4.75,4.75,-7.0,0.0,2,2,SP,food,11
0747d5bb69f0586cc869d8af4c50f93e,14,15,14,346.59999999999997,208.89,23.106666666666666,13.925999999999998,3.466666666666667,13.846153846153847,-16.307692307692307,0.06666666666666667,10,2,RJ,perfumery,262
0761743cbffb25d7148189e9f1a5f03a,3,7,3,241.2,86.2,34.457142857142856,12.314285714285715,4.285714285714286,13.857142857142858,-8.142857142857142,0.0,3,2,SP,health_beauty,64
077c5fae4bea9500e3737b16f71b9d3a,4,6,4,106.80000000000001,70.44,17.8,11.74,4.666666666666667,7.5,-9.833333333333334,0.0,3,1,SP,housewares,276
0791d9fc1e30678ecf03d3e55fa108d3,5,11,5,842.0,186.99,76.54545454545455,16.99909090909091,2.727272727272727,5.7272727272727275,-18.272727272727273,0.0,5,1,MG,housewares,70
079d295dcbf06ee8bb1b65ba964eb2b6,5,10,5,349.3,190.79,34.93,19.079,4.8,6.3,-10.6,0.0,3,1,SP,construction_tools_construction,45
07a9bc7f61396b658ddf3ac534efe44c,1,1,1,119.9,15.59,119.9,15.59,3.5,5.0,-5.0,0.0,1,1,SP,toys,0
07bf9669d84d1f11be443a9dd938f698,18,24,18,1776.0,646.22,74.0,26.925833333333333,3.25,8.291666666666666,-19.125,0.0,11,2,SP,kitchen_dining_laundry_garden_furniture,475
07d75e33f2750d97d467fb57e4dfdd8a,2,2,2,722.4,37.19,361.2,18.595,2.5,11.5,-11.5,0.0,2,2,SP,computers_accessories,62
07de60b03d150fb3ea09eab5da5e4c8b,9,9,9,719.1,169.9,79.9,18.87777777777778,4.333333333333333,12.88888888888889,-12.666666666666666,0.1111111111111111,4,1,SP,bed_bath_table,198
07e8e8fc5222bb358e6f259da3197074,2,2,2,51.8,23.06,25.9,11.53,4.0,8.0,-6.5,0.0,2,1,SP,unknown,168
080102cd0a76b09e0dcf55fcacc60e05,124,130,123,5716.78,2195.93,43.97523076923077,16.891769230769228,4.492307692307692,9.296875,-11.8828125,0.038461538461538464,43,5,MG,computers_accessories,399
080199a181c46c657dc5aa235411be3b,79,83,79,14504.2,1040.68,174.74939759036147,12.53831325301205,4.609756097560975,7.626506024096385,-9.650602409638553,0.012048192771084338,40,1,SP,auto,338
08061dc0fc165ed41288cc7acde738ee,4,4,4,123.80000000000001,58.42,30.950000000000003,14.605,4.5,19.5,-1.0,0.25,3,1,SP,computers_accessories,236
08084d990eb3f53af056ccbc1730c8a7,12,12,12,372.5,234.29,31.041666666666668,19.524166666666666,4.454545454545454,8.0,-15.75,0.0,3,1,SP,electronics,187
081acf3de680d554796c9cf041be7bc2,4,8,4,1597.3,205.5,199.6625,25.6875,4.125,13.125,-18.0,0.125,4,2,MG,furniture_decor,177
082e0bf4cb865a6533b1e8e498cc0255,11,23,11,2073.3,991.03,90.14347826086957,43.08826086956522,3.3043478260869565,12.73913043478261,-17.782608695652176,0.13043478260869565,17,2,SP,garden_tools,291
085f6f7e049c996695fb2074fe38d45e,6,8,6,305.4,130.56,38.175,16.32,3.625,10.125,-15.25,0.0,6,5,SP,housewares,65
08633c14ef2db992c11f840f04fad4cd,74,97,72,7644.3,1424.52,78.80721649484536,14.685773195876289,4.237113402061856,9.721649484536082,-11.845360824742269,0.05154639175257732,16,5,SP,sports_leisure,254
0873d9f8f36123f8d910f4760e788cfb,6,6,6,7265.59,161.06,1210.9316666666666,26.843333333333334,3.1666666666666665,12.833333333333334,-7.833333333333333,0.3333333333333333,6,2,SP,telephony,98
0885aaf116795758dfeb5f1032487bcd,28,30,28,2648.0,514.32,88.26666666666667,17.144000000000002,4.2,5.241379310344827,-11.448275862068966,0.0,20,2,SP,bed_bath_table,247
0887a9f087bcd5d9f6642b52f897fc6c,12,12,12,1642.0,220.35,136.83333333333334,18.3625,4.416666666666667,13.583333333333334,-12.416666666666666,0.08333333333333333,3,3,SP,telephony,183
08ad4ac1388e4420ca531c3edfc46198,6,7,6,221.61999999999998,89.05,31.659999999999997,12.721428571428572,2.7142857142857144,6.571428571428571,-12.142857142857142,0.0,5,1,SP,pet_shop,67
08cdbae123ff67ca4e36d9d641ce0119,4,6,4,3098.99,1096.47,516.4983333333333,182.745,2.5,28.833333333333332,4.166666666666667,0.6666666666666666,3,1,MG,furniture_living_room,159
08d0949a9a17c027262db1f3c450c26c,12,12,12,324.8,233.04000000000002,27.066666666666666,19.42,3.7083333333333335,13.75,-11.75,0.0,9,1,PR,furniture_decor,366
08d1c9478fb0d7d7fcac9c0da4e82fc7,1,1,1,538.0,67.57,538.0,67.57,5.0,10.0,-13.0,0.0,1,1,MG,furniture_decor,0
08d2d642cf72b622b14dde1d2f5eb2f5,17,21,17,914.0,321.26,43.523809523809526,15.298095238095238,4.45,14.45,-11.4,0.09523809523809523,8,6,SP,stationery,296
08f5819815f3d06545011850bd70f0a8,3,3,3,452.0,70.83,150.66666666666666,23.61,4.666666666666667,7.666666666666667,-15.333333333333334,0.0,3,1,SP,health_beauty,52
091065b789659bc3cd9af9cb3a6253ff,2,2,2,1359.0,85.37,679.5,42.685,3.5,11.0,-11.0,0.0,1,1,RS,cool_stuff,95
0936e1837d0c79253456bbb2ffaaef10,1,2,1,38.9,31.12,19.45,15.56,5.0,18.0,-12.0,0.0,1,1,SP,garden_tools,0
093805f8f2aeb63881444571e1f48f30,22,27,22,1215.79,343.94,45.029259259259256,12.738518518518518,3.814814814814815,7.7407407407407405,-10.777777777777779,0.037037037037037035,18,1,SP,health_beauty,151
094ced053e257ae8cae57205592d6712,19,19,19,1519.2,459.03,79.9578947368421,24.159473684210525,4.052631578947368,11.789473684210526,-15.68421052631579,0.0,13,2,SP,health_beauty,116
0951a6e282947e09cd47969f4ed0b47f,7,7,7,492.3,88.02,70.32857142857144,12.574285714285713,4.857142857142857,4.285714285714286,-7.571428571428571,0.0,2,2,SP,perfumery,32
09883d9ab71c8fe8a9bfc7fc3075b07e,5,5,5,329.5,76.67,65.9,15.334,3.4,14.0,-5.25,0.2,5,2,SP,health_beauty,212
099095b050cfe8eb1ddff5317587e96e,17,20,17,5193.83,715.3199999999999,259.6915,35.766,2.95,10.0,-11.31578947368421,0.15,11,8,SP,housewares,240
09bad886111255c5b5030314fc7f1a4a,5,5,5,487.5,72.86,97.5,14.572,5.0,6.0,-4.4,0.0,1,1,SP,art,19
09f952a5f58d2285b0372551ae8f9b01,50,56,50,11821.5,1524.96,211.09821428571428,27.231428571428573,3.875,12.660714285714286,-12.125,0.05357142857142857,11,2,SP,furniture_decor,343
0a198e95d32b1be2da9424c962a6ebfa,1,1,1,69.99,16.68,69.99,16.68,5.0,16.0,-4.0,0.0,1,1,MG,garden_tools,0
0a82f5fb06a4fe4ac2cf7cb412ec71b8,2,2,2,462.0,22.799999999999997,231.0,11.399999999999999,5.0,5.0,-10.0,0.0,2,1,SP,construction_tools_construction,55
0a85ebe4e328db81ac9109781205e2f7,12,12,12,667.9,137.75,55.65833333333333,11.479166666666666,4.583333333333333,4.75,-8.416666666666666,0.08333333333333333,8,2,SP,furniture_decor,105
0aa124728afc1131dff5655f4c6f487b,2,2,2,850.92,107.86,425.46,53.93,1.0,10.6918511755307,-12.0,0.0,2,2,MG,auto,28
0aa2205ca24f113f4658a5c536667426,4,11,4,815.62,172.48,74.14727272727272,15.68,2.8181818181818183,6.454545454545454,-14.090909090909092,0.0,3,1,SP,stationery,118
0ac4201fda2c68ebc0e47cb9423cf3c9,13,14,12,1676.88,233.99,119.77714285714286,16.71357142857143,4.285714285714286,12.071428571428571,-12.357142857142858,0.07142857142857142,4,3,SP,health_beauty,363
0ad80de75c811326389cfb1daba7d45e,6,6,6,1449.3999999999999,115.32,241.56666666666663,19.22,5.0,8.5,-12.5,0.0,6,1,RJ,toys,78
0adac9fbd9a2b63cccaac4f8756c1ca8,110,142,110,15960.95,2499.27,112.40105633802817,17.60049295774648,3.8865248226950353,12.343283582089553,-11.26865671641791,0.04225352112676056,66,5,SP,housewares,571
0ade5cc4a305ed7093a23f68ca47519c,2,2,2,158.88,42.39,79.44,21.195,5.0,6.5,-21.0,0.0,2,1,PR,auto,58
0aea4c6ae1505b3228ddf3dd7822ee5b,8,8,8,1427.91,151.75,178.48875,18.96875,3.875,17.875,-6.5,0.25,8,1,SP,watches_gifts,202
0af2ab31141893d26aca5a404a537dab,1,1,1,59.0,15.51,59.0,15.51,5.0,5.0,-6.0,0.0,1,1,SP,computers_accessories,0
0af977692321d895349eded183341d28,2,2,2,257.75,19.47,128.875,9.735,4.5,2.0,-8.5,0.0,2,1,SP,pet_shop,141
0afccdb8a34ee5c79f7c06faf2b4d56e,25,25,25,1225.5,388.28,49.02,15.531199999999998,4.041666666666667,12.958333333333334,-10.375,0.08,10,1,MG,telephony,367
0b09101900100c0e9d312861fad5a1b9,1,1,1,153.75,14.61,153.75,14.61,4.0,18.0,-61.0,0.0,1,1,SP,furniture_decor,0
0b0ddbc7b9d9584f442c7ac92b0ff6c9,3,3,3,1416.76,133.88,472.25333333333333,44.626666666666665,4.666666666666667,11.666666666666666,-18.0,0.0,3,1,SP,auto,66
0b18d63d0cd1d723567903fd34a07df2,9,14,9,1678.1399999999999,265.89,119.86714285714285,18.992142857142856,4.785714285714286,6.571428571428571,-15.714285714285714,0.0,9,2,SP,auto,427
0b1ca3ef18a63d7eb0c8897fa0849c08,1,1,1,55.0,7.87,55.0,7.87,5.0,6.0,-6.0,0.0,1,1,SP,health_beauty,0
0b35c634521043bf4b47e21547b99ab5,51,78,50,13533.65,1475.09,173.50833333333333,18.911410256410257,3.4935064935064934,16.92207792207792,-14.844155844155845,0.11538461538461539,39,1,PR,construction_tools_construction,247
0b36063d5818f81ccb94b54adfaebbf5,1,15,1,765.0,18.0,51.0,1.2,5.0,14.0,-21.0,0.0,1,1,SC,garden_tools,0
0b3f27369a4d8df98f7eb91077e438ac,2,2,2,146.51,24.88,73.255,12.44,4.0,7.0,-10.0,0.0,2,2,SP,furniture_decor,9
0b46f784306be7200ca1700aa55d819f,1,1,1,19.9,10.96,19.9,10.96,5.0,3.0,-15.0,0.0,1,1,MG,auto,0
0b64bcdb0784abc139af04077d49a20e,4,4,3,137.6,68.21000000000001,34.4,17.052500000000002,4.75,8.0,-18.0,0.0,2,1,RS,health_beauty,97
0b90b6df587eb83608a64ea8b390cf07,164,210,163,28592.32,3615.32,136.15390476190476,17.215809523809526,4.002392344497608,14.004784688995215,-18.311004784688997,0.03333333333333333,46,1,PR,computers_accessories,296
0bae85eb84b9fb3bd773911e89288d54,137,146,135,7482.21,2924.19,51.24801369863014,20.028698630136986,4.205479452054795,9.786206896551723,-15.248275862068965,0.00684931506849315,45,13,SP,housewares,514
0bb27263628258b8111a0262769fa9db,1,1,1,22.2,10.96,22.2,10.96,5.0,41.0,-17.0,0.0,1,1,SP,housewares,0
0bb738e4d789e63e2267697c42d35a2d,30,31,30,2388.3,642.34,77.04193548387097,20.720645161290324,4.580645161290323,11.482758620689655,-14.10344827586207,0.03225806451612903,4,2,SP,industry_commerce_and_business,503
0be8ff43f22e456b4e0371b2245e4d01,161,180,160,11805.5,2579.15,65.58611111111111,14.328611111111112,3.8944444444444444,9.851428571428572,-11.82857142857143,0.06111111111111111,121,13,SP,sports_leisure,476
0bebbb2cea103a4a020c95d43fd7d754,9,9,9,1367.2,147.14000000000001,151.91111111111113,16.34888888888889,4.888888888888889,5.444444444444445,-10.444444444444445,0.0,9,2,SP,health_beauty,58
0bf0150d5b9d60d9cd2906003332f085,39,62,39,5774.6,1097.74,93.13870967741936,17.705483870967743,3.711864406779661,13.612903225806452,-7.241935483870968,0.14516129032258066,15,2,SP,furniture_decor,512
0bfd0b434243adc5c2e1aa6baf19c6aa,6,6,6,371.20000000000005,65.78999999999999,61.866666666666674,10.964999999999998,3.6666666666666665,8.0,-20.5,0.0,6,5,RJ,housewares,103
0c7533c71df861ec58ad7ff999ed0e8d,61,73,61,2989.2999999999997,874.21,40.94931506849315,11.975479452054795,4.082191780821918,10.150684931506849,-9.808219178082192,0.0410958904109589,29,1,SP,perfumery,381
0c7f30ae9b147eca07affbef92832a6a,5,5,5,479.5,87.61,95.9,17.522,5.0,8.0,-16.8,0.0,4,4,PR,computers_accessories,45
0c8380b62e38e8a1e6adbeba7eb9688c,182,220,180,17348.79,4107.04,78.85813636363636,18.668363636363637,4.032110091743119,12.059633027522937,-12.417431192660551,0.045454545454545456,93,4,MG,bed_bath_table,685
0cab2da43793a6f3c5ed8514c5f54627,3,3,3,309.70000000000005,57.2,103.23333333333335,19.066666666666666,5.0,4.666666666666667,-21.333333333333332,0.0,2,2,PR,stationery,77
0cbcee27c791afa0cdcb08587a2013a8,39,41,39,5324.15,817.16,129.85731707317072,19.930731707317072,3.8536585365853657,12.9,-15.3,0.0975609756097561,13,3,MG,fashion_bags_accessories,643
0d33a55da925bbf1ff02af5f6059fc7f,22,24,22,547.3,385.61,22.804166666666664,16.067083333333333,4.5,8.375,-12.5,0.041666666666666664,8,4,SP,books_technical,264
0d4c8269e7f0401201794deef160edd6,3,4,3,792.64,99.39,198.16,24.8475,4.0,18.25,-6.25,0.0,4,1,SP,auto,20
0d83f8e03188682112cc0d93523705cc,4,8,4,696.26,124.31,87.0325,15.53875,2.75,24.875,-0.5,0.5,2,2,RS,computers_accessories,69
0d85bbda9889ce1f7e63778d24f346eb,51,58,51,4845.2,1624.5,83.53793103448275,28.00862068965517,4.211538461538462,17.79310344827586,-10.120689655172415,0.1896551724137931,17,3,MG,stationery,369
0daf5180aa44356f60f8effa533b55a2,2,2,2,144.8,38.83,72.4,19.415,5.0,7.5,-5.0,0.0,2,1,GO,perfumery,21
0db783cfcd3b73998abc6e10e59a102f,132,137,132,9077.4,1999.1499999999999,66.25839416058393,14.592335766423357,4.213235294117647,11.197080291970803,-13.087591240875913,0.0364963503649635,14,5,SP,telephony,545
0dd184061fb0eaa7ca37932c68ab91c5,161,193,160,18446.92,5319.5,95.57989637305698,27.56217616580311,3.953125,10.813471502590673,-11.2279792746114,0.08808290155440414,11,3,SP,industry_commerce_and_business,254
0ddefe3c7a032b91f4e25b9c3a08fca1,9,10,8,402.9,150.0,40.29,15.0,4.5,8.3,-8.8,0.0,7,4,SP,arts_and_craftmanship,133
0df3984f9dfb3d49ac6366acbd3bbb85,87,89,85,10021.49,1498.72,112.60101123595506,16.839550561797754,4.303370786516854,9.136363636363637,-14.806818181818182,0.011235955056179775,25,2,MG,health_beauty,462
0dfbed20065e425d2eaefb101f9816c0,3,3,3,84.35,49.25,28.116666666666664,16.416666666666668,2.6666666666666665,21.0,-2.0,0.3333333333333333,2,2,SP,baby,22
0e44d110fa6a54e121cb2c095a77762f,6,6,6,223.32,70.06,37.22,11.676666666666668,4.333333333333333,11.5,-7.333333333333333,0.16666666666666666,5,1,SP,stationery,312
0e72c1a751b496722a6cb1f10653b62a,3,3,3,140.8,51.300000000000004,46.93333333333334,17.1,4.666666666666667,6.333333333333333,-12.333333333333334,0.0,3,2,SP,toys,80
0e982cff76cc0579f632cea8a0e38c9d,7,12,7,1307.34,172.97,108.945,14.414166666666667,3.25,7.857142857142857,-12.285714285714286,0.0,8,1,SC,musical_instruments,188
0ea22c1cfbdc755f86b9b54b39c16043,237,269,221,10711.7,4363.61,39.82044609665428,16.221598513011152,4.3226415094339625,10.50943396226415,-16.750943396226415,0.007434944237918215,152,10,MG,fashion_bags_accessories,684
0eaa7e33d73809f1f925f7d07c506cbd,15,15,15,1552.0,194.9,103.46666666666667,12.993333333333334,4.714285714285714,5.466666666666667,-14.8,0.0,12,2,SP,toys,504
0ebd97a106433a45a4aebe57c1799778,31,32,31,3046.8,614.88,95.2125,19.215,4.5,8.75,-17.125,0.0,10,1,MG,fashion_bags_accessories,423
0ec28cec4046a4a199b6de9b4c891d97,3,4,3,296.6,56.04,74.15,14.01,5.0,8.75,-6.5,0.0,2,1,GO,health_beauty,24
0ed6ce5d87fd9c69eaacaeb778d67235,43,43,43,2141.42,687.83,49.80046511627907,15.996046511627908,4.404761904761905,15.547619047619047,-12.785714285714286,0.13953488372093023,26,4,SP,electronics,319
0ee4fb99ac55ffbbc98795aa01b7f8fa,1,1,1,59.9,11.03,59.9,11.03,5.0,6.0,-15.0,0.0,1,1,SP,furniture_decor,0
0ef83d7d83ed97cd2a0049ac8be5f88a,48,55,48,4421.01,1026.8,80.382,18.669090909090908,4.2407407407407405,9.236363636363636,-13.89090909090909,0.01818181818181818,14,2,PR,health_beauty,277
0f0c984a4a955310903b6b6008660bad,4,4,4,369.81,111.57,92.4525,27.8925,3.75,13.5,-10.0,0.0,4,2,SP,sports_leisure,32
0f519b0d2e5eb2227c93dd25038bfc01,1,1,1,79.9,23.0,79.9,23.0,5.0,12.0,-40.0,0.0,1,1,SP,furniture_decor,0
0f7eea709efdf942b5f95c7516dbacd7,3,3,3,195.74,44.32,65.24666666666667,14.773333333333333,4.0,7.666666666666667,-20.0,0.0,2,1,SP,health_beauty,37
0f80a40c312b2472dca482cf50f5186f,1,1,1,129.9,20.1,129.9,20.1,3.0,5.0,-17.0,0.0,1,1,SP,perfumery,0
0f94588695d71662beec8d883ffacf09,1,1,1,9.0,18.59,9.0,18.59,5.0,14.0,-12.0,0.0,1,1,SC,art,0
0fe2d9733ed841eb064503920015a8c0,3,3,3,389.64,108.71000000000001,129.88,36.23666666666667,4.666666666666667,8.0,-13.333333333333334,0.0,3,1,SP,auto,56
0ff83046c3fa22efee8ecf291888b191,10,11,10,768.9000000000001,254.48000000000002,69.9,23.134545454545457,4.818181818181818,11.909090909090908,-17.272727272727273,0.0,6,1,RS,sports_leisure,365
0ffa40d54288e4f3499b8780dd0f144f,33,35,33,2162.8,583.67,61.79428571428572,16.67628571428571,4.4,13.085714285714285,-12.2,0.11428571428571428,21,2,SP,books_technical,121
10076e5788b8ee532724bcd460baf762,23,26,23,821.48,377.29999999999995,31.595384615384617,14.51153846153846,4.615384615384615,9.384615384615385,-12.26923076923077,0.038461538461538464,13,2,SP,baby,438
10089e9f2fd0c668a8fd4e52e1698888,3,3,3,1139.9,59.41,379.9666666666667,19.80333333333333,4.333333333333333,7.0,-16.666666666666668,0.0,3,1,SP,air_conditioning,246
101921376b577a4540dc30e9009133ca,1,1,1,373.0,21.49,373.0,21.49,2.0,10.6918511755307,-12.0,0.0,1,1,SP,cool_stuff,0
101a3a003516bc11253298b2fad3cb65,5,6,5,450.0,74.0,75.0,12.333333333333334,4.833333333333333,6.333333333333333,-7.833333333333333,0.0,2,2,SP,fashion_male_clothing,34
1025f0e2d44d7041d6cf58b6550e0bfa,915,1428,899,138968.55,33892.14,97.31691176470588,23.733991596638656,3.853107344632768,11.569014084507042,-11.10492957746479,0.0665266106442577,154,4,SP,furniture_decor,412
10264f60a8f0a4d2f30810f5c661c673,4,4,4,284.6,41.86,71.15,10.465,5.0,3.5,-8.75,0.0,2,1,SP,health_beauty,50
1099a00e0ee3a50935e6c2447ca090c5,3,3,3,849.6999999999999,61.129999999999995,283.2333333333333,20.376666666666665,3.6666666666666665,14.666666666666666,-9.666666666666666,0.3333333333333333,3,1,RJ,air_conditioning,53
10cdd491d1dbea8fb4ead97b19c334ce,3,3,3,208.9,78.86,69.63333333333334,26.286666666666665,5.0,6.333333333333333,-18.0,0.0,2,1,MG,pet_shop,28
10ff823eda2b032e2c93d17a7d294736,9,9,9,1294.97,164.56,143.88555555555556,18.284444444444446,3.888888888888889,9.375,-14.125,0.0,6,2,SP,housewares,295
112453736dbe3889cfb74e1aaa0ba0c1,7,14,7,1890.0,264.77,135.0,18.912142857142857,4.071428571428571,13.142857142857142,-8.142857142857142,0.0,2,2,SP,auto,66
1127b7f2594683f2510f1c2c834a486b,114,132,114,6851.33,1821.71,51.90401515151515,13.800833333333333,4.090909090909091,9.7421875,-10.671875,0.05303030303030303,74,4,SP,garden_tools,543
11305281b50fff20ae8bb473f8e11876,35,40,35,6528.7,1444.51,163.2175,36.11275,4.35,13.55,-12.675,0.125,18,6,MG,home_confort,681
113e3a788b935f48aad63e1c41dac1bd,39,48,39,847.35,686.6,17.653125,14.304166666666667,4.404255319148936,11.604166666666666,-15.6875,0.041666666666666664,28,1,SP,christmas_supplies,390
116ccb1a1604bc88e4d234a8c23f33de,61,73,61,2004.89,943.4399999999999,27.464246575342468,12.923835616438355,4.602739726027397,8.315068493150685,-10.808219178082192,0.0273972602739726,27,6,SP,auto,285
11742f81550ac064cc9a40f67151d9ad,2,2,2,781.9,49.11,390.95,24.555,5.0,8.5,-5.0,0.0,2,1,SP,air_conditioning,15
117cfc326c6d50da67ca858ff5c0c852,5,5,5,454.6,81.47999999999999,90.92,16.296,4.6,5.8,-9.2,0.0,2,2,RJ,housewares,17
11938fcc75f6902fea1d0a6f72b54a57,2,2,2,594.98,142.16,297.49,71.08,3.0,21.5,-21.0,0.0,2,1,SC,bed_bath_table,136
119c7f1a00ef43fad0e57604e76a747c,2,2,2,189.8,17.02,94.9,8.51,4.5,5.5,-6.5,0.0,2,1,SP,health_beauty,135
119d1aef1b4144adba89163f6cd9f5d4,4,4,4,1094.0,204.24,273.5,51.06,4.75,4.25,-12.0,0.0,3,2,SP,furniture_decor,174
11bfa66332777660bd0640ee84d47006,76,102,76,3925.87,1682.67,38.48892156862745,16.496764705882352,3.784313725490196,15.72549019607843,-8.823529411764707,0.1568627450980392,40,2,SP,health_beauty,350
11d4c477d09821164bca4f70a2eae031,3,4,3,83.04,57.81999999999999,20.76,14.454999999999998,5.0,6.0,-12.5,0.0,2,1,SP,costruction_tools_garden,40
11eac105f3f90a9b87b19c89d91e24f3,5,5,5,802.89,124.94,160.578,24.988,3.6,8.8,-13.8,0.0,4,2,SP,cool_stuff,49
11fb6f6d341adbe19e81733701704635,3,3,3,1197.0,399.65999999999997,399.0,133.22,5.0,4.666666666666667,-7.333333333333333,0.0,1,1,SP,bed_bath_table,18
120476eb7a04c149d14772edaf5d9bf2,4,6,4,2368.8,150.83,394.8,25.138333333333335,3.8333333333333335,6.333333333333333,-13.5,0.0,4,3,RJ,construction_tools_construction,27
1284de4ae8aa26997e748c851557cf0e,3,3,3,1459.97,86.86999999999999,486.6566666666667,28.956666666666663,2.6666666666666665,18.666666666666668,-9.0,0.0,3,1,SP,watches_gifts,159
128639473a139ac0f3e5f5ade55873a5,533,560,532,11908.849999999999,9785.6,21.26580357142857,17.474285714285713,4.176895306859206,13.96028880866426,-12.274368231046932,0.04285714285714286,66,6,PR,electronics,462
128f9bfbe4c7d5185033914b1de3d39a,14,16,14,1277.29,373.2,79.830625,23.325,4.75,12.533333333333333,-13.533333333333333,0.0625,9,1,SP,health_beauty,276
12a8eb0f8d1cd3270695bf2a99f55966,2,2,2,397.0,39.67,198.5,19.835,3.5,20.5,-10.0,0.0,2,1,SP,luggage_accessories,62
12b9676b00f60f3b700e83af21824c0e,135,135,135,26774.0,3568.69,198.32592592592593,26.43474074074074,4.522388059701493,14.631578947368421,-21.2406015037594,0.007407407407407408,37,3,RS,cool_stuff,536
12c2ed9cded6138cf0c75f525f565fc7,4,4,4,314.96,51.05,78.74,12.7625,4.25,13.0,-4.25,0.25,4,3,SP,bed_bath_table,266
13074f016982ff2bd6c58ced8682f000,14,15,14,2116.0,995.7,141.06666666666666,66.38000000000001,3.933333333333333,14.0,-8.071428571428571,0.2,5,2,RS,kitchen_dining_laundry_garden_furniture,267
131fcb0a0c9a47bba4474aacff0f14b7,4,4,4,369.8,36.61,92.45,9.1525,4.0,3.75,-8.0,0.0,2,1,SP,home_appliances,66
1336efc61c316ddf92c899eb817f7cae,74,85,73,4837.31,1517.98,56.90952941176471,17.858588235294118,3.9411764705882355,11.211764705882352,-11.176470588235293,0.08235294117647059,50,8,SP,pet_shop,570
134285d1f41da5c13a756ee8142c8a4e,3,4,3,1572.6999999999998,80.93,393.17499999999995,20.2325,2.75,8.25,-10.5,0.0,2,1,SP,auto,67
134a288e7de827ec5ec62e3ec9c3a295,9,9,9,877.45,126.55,97.49444444444445,14.06111111111111,4.777777777777778,9.11111111111111,-10.88888888888889,0.0,7,2,SP,books_technical,139
134b867a0f7f8bbe6abf10f91874891e,1,1,1,789.89,132.95,789.89,132.95,4.0,12.0,-19.0,0.0,1,1,SP,auto,0
13511db12ac61e2f89c53b72a944a60b,6,6,6,798.0,265.97,133.0,44.32833333333334,3.5,8.833333333333334,-12.833333333333334,0.0,4,2,RS,auto,117
1352e06ae67b410cdae0b2a22361167b,4,4,4,696.0,69.22,174.0,17.305,2.3333333333333335,33.5,2.5,0.5,2,2,RJ,unknown,76
1354d51653f645349064725ed204e85e,18,20,17,2410.0,284.72,120.5,14.236,3.8,8.7,-18.8,0.0,13,3,SP,furniture_decor,441
138dbe45fc62f1e244378131a6801526,49,58,49,1125.56,689.24,19.406206896551723,11.883448275862069,3.9827586206896552,5.879310344827586,-10.0,0.017241379310344827,22,7,SP,housewares,109
139157dd4daa45c25b0807ffff348363,1,1,1,29.9,7.78,29.9,7.78,4.0,1.0,-13.0,0.0,1,1,SP,books_technical,0
13c2ed7698b3ca92dad49e849219da59,8,9,8,498.61,154.68,55.40111111111111,17.186666666666667,4.444444444444445,11.0,-9.88888888888889,0.0,7,1,PR,perfumery,210
13d058e4eeac2ce8217660b2f8a05812,23,23,23,3829.77,926.11,166.5117391304348,40.26565217391305,4.217391304347826,10.818181818181818,-10.272727272727273,0.08695652173913043,3,1,SP,home_appliances_2,435
13d95f0f6f73943d4ceffad0fc2cd32c,1,1,1,249.99,59.33,249.99,59.33,3.0,22.0,2.0,1.0,1,1,GO,auto,0
13dd308f81fea30cc670c656b2b46cc3,3,3,3,117.69999999999999,33.440000000000005,39.23333333333333,11.146666666666668,5.0,3.0,-6.333333333333333,0.0,2,1,SP,health_beauty,27
13e85aac53340018b40c2af68001b7e0,1,1,1,17.8,14.12,17.8,14.12,5.0,17.0,-35.0,0.0,1,1,SP,furniture_decor,0
13f57c12a00ed4610db646b913a7f5c6,7,13,7,645.2,175.95,49.63076923076923,13.534615384615384,4.769230769230769,12.307692307692308,-8.615384615384615,0.15384615384615385,6,1,SP,auto,220
13fa2a6c6b9d0f43cb588d7c82117a12,9,10,9,4528.0,191.44,452.8,19.144,4.0,20.0,-5.4,0.3,4,1,SP,health_beauty,110
141440cad9341e553f8401c574a2aa38,11,12,11,1288.2,290.8,107.35000000000001,24.233333333333334,4.166666666666667,6.5,-21.166666666666668,0.0,9,2,PR,drinks,104
1430239a858e7682bbc43b20758af153,18,23,18,660.79,268.75,28.729999999999997,11.684782608695652,3.9565217391304346,6.863636363636363,-10.818181818181818,0.0,10,3,SP,baby,364
1444c08e64d55fb3c25f0f09c07ffcf2,1,1,1,2749.0,69.74,2749.0,69.74,1.0,10.0,-22.0,0.0,1,1,BA,garden_tools,0
1464afc72f696af775557a821c2e253f,29,30,29,1059.36,454.42,35.312,15.147333333333334,4.166666666666667,10.8,-12.7,0.03333333333333333,8,2,RJ,perfumery,493
14a08204d03bb6b6bde8029f801ae0eb,28,38,28,2185.4,593.7,57.51052631578948,15.623684210526317,3.8157894736842106,8.263157894736842,-15.789473684210526,0.0,24,6,SP,electronics,157
14d7985702e72162bbf13b6beb74ab2b,37,38,37,3887.0,554.0,102.28947368421052,14.578947368421053,4.342105263157895,10.578947368421053,-8.736842105263158,0.10526315789473684,26,1,SP,sports_leisure,504
14ee35374a7876217954b5fa08e50463,6,6,6,809.0,114.05,134.83333333333334,19.008333333333333,4.333333333333333,17.0,-7.833333333333333,0.16666666666666666,2,2,SP,unknown,104
14f2b3587172b9db894c9bad8dab520b,2,2,2,244.0,86.06,122.0,43.03,2.5,13.5,-12.5,0.0,1,1,RS,housewares,115
152ee17e4c8aaf53dac99f3462e4999b,6,6,6,308.96000000000004,95.97,51.49333333333334,15.995,4.333333333333333,10.333333333333334,-14.333333333333334,0.0,3,2,SC,housewares,91
154bdf805377afea75a3bd158e9eab10,1,1,1,89.9,19.82,89.9,19.82,1.0,24.0,2.0,1.0,1,1,SP,baby,0
1554a68530182680ad5c8b042c3ab563,247,269,243,29052.53,6798.26,108.00197026022305,25.272342007434943,4.2434456928838955,13.576779026217228,-13.734082397003744,0.05947955390334572,70,5,MG,furniture_decor,709
157c3e4b42f81ac4a44e8b1ca2fe9876,23,31,23,2548.5,583.32,82.20967741935483,18.81677419354839,3.967741935483871,9.935483870967742,-13.0,0.06451612903225806,13,2,SP,furniture_decor,300
1588ac4010787100dddef64568f0ae35,3,3,3,599.97,46.0,199.99,15.333333333333334,3.0,19.333333333333332,-9.0,0.0,2,1,PR,computers_accessories,26
15aac934c58d886785ac1b17953ea898,25,26,25,4353.9,665.7,167.4576923076923,25.603846153846156,4.115384615384615,15.153846153846153,-7.615384615384615,0.15384615384615385,20,12,ES,air_conditioning,249
15ac3c501e2599e4917316fde5c5669a,1,1,1,144.2,51.61,144.2,51.61,1.0,10.6918511755307,-12.0,0.0,1,1,SP,pet_shop,0
15aec03fe4cf30dfa574cf550f5ff5ff,1,1,1,28.9,10.96,28.9,10.96,1.0,10.6918511755307,-12.0,0.0,1,1,RJ,health_beauty,0
15b3b1b81484422eb41df68ac87f1f50,2,2,2,78.35,24.54,39.175,12.27,1.0,14.0,-5.0,0.0,2,1,SP,health_beauty,58
15cd6eefe58588619aaed41dfa6621b1,16,18,16,1622.74,566.12,90.15222222222222,31.45111111111111,4.333333333333333,13.944444444444445,-11.0,0.05555555555555555,8,1,MG,unknown,298
15ead3a5037a918ddb520dfe39a3d2b9,7,8,7,275.5,158.45,34.4375,19.80625,4.375,18.428571428571427,-6.428571428571429,0.25,8,1,MG,books_general_interest,91
15fa791d5e017f66402dc28c44480657,8,8,8,1802.0,181.29,225.25,22.66125,4.25,11.125,-8.625,0.125,4,1,SP,baby,116
160851d3ece7aa1a510f8d1a4bb8a8af,2,2,2,102.05,39.099999999999994,51.025,19.549999999999997,5.0,5.0,-13.0,0.0,2,1,SP,computers_accessories,22
16090f2ca825584b5a147ab24aa30c86,402,410,400,25716.44,5456.67,62.7230243902439,13.308951219512196,4.044226044226044,8.753694581280788,-9.657635467980295,0.07804878048780488,37,7,SP,auto,573
160e4f13fd3a64b1b86807be88b5ffb0,4,4,4,886.0,94.45,221.5,23.6125,4.25,14.0,-15.0,0.0,2,2,PR,small_appliances,89
164a5a8794e6d42e14f55e447b12a3bc,1,1,1,73.99,62.77,73.99,62.77,5.0,13.0,-19.0,0.0,1,1,PR,baby,0
165b1235e9e9942cb5fae67103576fb0,11,16,11,2085.15,404.65,130.321875,25.290625,4.3125,6.8125,-8.3125,0.0625,9,3,SP,construction_tools_construction,90
165fc07beebdcb6190fba8a06db2a449,50,64,50,17481.4,1600.03,273.146875,25.00046875,3.6875,13.1875,-11.09375,0.09375,27,2,PR,computers_accessories,372
1660ad786c27fd935378b6192a90b417,12,13,10,1570.0,248.28,120.76923076923077,19.09846153846154,4.615384615384615,8.538461538461538,-10.692307692307692,0.07692307692307693,9,1,SP,computers_accessories,339
166e8f1381e09651983c38b1f6f91c11,2,2,2,78.8,30.2,39.4,15.1,5.0,14.0,-8.5,0.0,1,1,SC,unknown,26
167fd940acebc789debd6eb418c46e38,5,5,5,1077.58,100.9,215.516,20.18,3.0,15.0,-8.8,0.2,3,1,SP,auto,186
1690cada046eb7e92c12f98b1f8a8167,11,11,11,1959.0,252.38,178.0909090909091,22.94363636363636,4.545454545454546,6.8,-14.2,0.09090909090909091,3,1,SP,auto,115
16bdc8cefd0e32a6f0824d296c5ad14a,1,1,1,41.76,19.32,41.76,19.32,5.0,9.0,-12.0,0.0,1,1,SP,drinks,0
1703bc09972dab9782e7a9194943b69f,1,1,1,249.9,106.21,249.9,106.21,5.0,12.0,-18.0,0.0,1,1,MG,auto,0
1710c3aaa9c6b44ec3883ee0fe300e21,2,2,2,1188.9,37.650000000000006,594.45,18.825000000000003,5.0,5.5,-9.0,0.0,2,2,SP,electronics,6
17306570e772e7718c92a562d33f5f1d,29,32,29,9669.8,930.83,302.18125,29.0884375,3.625,13.5,-10.0,0.0625,21,2,SP,bed_bath_table,413
173d56ffbd4c56cb80fc3615487d712b,2,2,2,358.0,39.61,179.0,19.805,5.0,6.5,-17.0,0.0,1,1,SP,luggage_accessories,2
1746c1ae87ac63d530c7c943d0ac42e2,1,1,1,229.9,22.45,229.9,22.45,5.0,23.0,-4.0,0.0,1,1,SP,auto,0
1771297ac436903d1dd6b0e9279aa505,28,36,27,2881.27,585.16,80.03527777777778,16.254444444444445,4.628571428571429,8.972222222222221,-16.02777777777778,0.027777777777777776,9,3,SP,baby,574
1782ce2db72c3dda627d5e7c898104e1,9,10,9,2010.8,207.37,201.07999999999998,20.737000000000002,4.3,26.9,-1.9,0.1,7,3,SP,sports_leisure,453
17908cf9b444ee34047cadd5c0f4a516,11,11,11,1993.99,501.42,181.2718181818182,45.583636363636366,4.545454545454546,18.363636363636363,-11.818181818181818,0.09090909090909091,9,1,GO,auto,324
17998cf586426bf0f2c3726cb0a4b211,2,2,2,69.8,45.72,34.9,22.86,4.0,8.0,-22.5,0.0,2,2,MG,luggage_accessories,157
179d859f51292aac5c10806a356f7af9,18,19,18,404.46999999999997,395.8,21.287894736842105,20.83157894736842,4.315789473684211,8.789473684210526,-9.842105263157896,0.05263157894736842,8,1,SP,electronics,42
17a053fcb14bd219540cbde0df490be0,125,149,124,40703.14,8828.43,273.1754362416107,59.25120805369128,4.204081632653061,11.56081081081081,-10.128378378378379,0.053691275167785234,87,2,SP,office_furniture,403
17adeba047385fb0c67d8e90b4296d21,1,3,1,809.6999999999999,287.61,269.9,95.87,1.0,10.6918511755307,-12.0,0.0,1,1,SP,office_furniture,0
17ca9b9e9b9ef8fdb529001b49ebb50f,116,129,116,9754.83,2365.89,75.61883720930233,18.340232558139533,4.007751937984496,7.6015625,-14.0859375,0.007751937984496124,46,4,MG,bed_bath_table,406
17e34d8224d27a541263c4c64b11a56b,255,268,254,56363.24,5239.96,210.31059701492538,19.552089552238805,4.139097744360902,13.523076923076923,-10.853846153846154,0.0708955223880597,112,12,SP,perfumery,549
17eea220a40cc0d2c0c5346379682398,4,4,4,1414.98,98.01,353.745,24.5025,3.75,25.333333333333332,-0.6666666666666666,0.5,3,1,SP,health_beauty,42
17f51e7198701186712e53a39c564617,56,61,56,48019.0,9793.43,787.1967213114754,160.54803278688524,4.344262295081967,22.21311475409836,-12.229508196721312,0.08196721311475409,27,1,SP,health_beauty,546
180c3376aff0e43dd5788709df48a843,5,10,5,4513.0,209.97,451.3,20.997,4.7,15.6,-6.4,0.1,3,2,SP,fixed_telephony,145
1835b56ce799e6a4dc4eddc053f04066,423,558,421,33344.21,8741.95,59.75664874551971,15.666577060931901,3.591485507246377,12.330308529945553,-10.81306715063521,0.08781362007168458,147,2,SP,bed_bath_table,353
1838dd9b8977065acf51d95e0053ea7a,64,67,64,2820.3,1255.58,42.094029850746274,18.74,4.2388059701492535,12.138461538461538,-11.092307692307692,0.029850746268656716,14,3,MG,computers_accessories,369
184725737946a1a938bbbd1a9e978103,3,3,3,359.70000000000005,43.870000000000005,119.90000000000002,14.623333333333335,4.666666666666667,8.0,-2.6666666666666665,0.0,2,2,SP,health_beauty,8
184a67a8f9f63234d3a92340bbdb727f,8,11,8,268.66,208.34,24.423636363636366,18.94,3.6363636363636362,15.9,-21.9,0.0,7,1,SC,furniture_decor,399
186cdd1b2df32caa72cfb410bba768d3,6,6,6,1341.45,268.28000000000003,223.57500000000002,44.71333333333334,5.0,8.166666666666666,-28.166666666666668,0.0,6,1,SC,housewares,87
189ca3538ce9f920cacf0f982cbe223b,4,5,4,419.0,62.67,83.8,12.534,3.8,4.4,-9.8,0.0,4,1,SP,stationery,46
18a349e75d307f4b4cc646a691ed4216,121,148,120,8711.53,2198.03,58.86168918918919,14.851554054054056,3.3945578231292517,10.6796875,-14.84375,0.04054054054054054,42,17,SP,telephony,370
18e694e0e48ed6f7aa3f24aade5fd697,31,34,31,701.54,504.23,20.633529411764705,14.830294117647059,4.676470588235294,5.470588235294118,-13.411764705882353,0.029411764705882353,4,3,SP,computers_accessories,81
1900267e848ceeba8fa32d80c1a5f5a8,411,529,403,24982.53,8138.06,47.22595463137996,15.383856332703214,3.8550863723608444,12.35564053537285,-10.11281070745698,0.06427221172022685,127,3,SP,bed_bath_table,465
191d55f7edb8524d525ed01b20fe32e8,3,3,3,747.0,65.8,249.0,21.933333333333334,2.3333333333333335,22.0,-3.0,0.3333333333333333,3,1,DF,furniture_mattress_and_upholstery,51
1927cdb9fa74f5270097f6250e8e8f34,1,1,1,120.0,58.92,120.0,58.92,5.0,8.0,-9.0,0.0,1,1,SP,drinks,0
19484c79cef6c062cb177aa4ef2fcc3c,1,1,1,201.9,10.16,201.9,10.16,1.0,21.0,3.0,1.0,1,1,SP,perfumery,0
1961c3e1272bfeceb05d0b78b5bbfdaf,3,4,3,896.0,49.43,224.0,12.3575,3.75,4.666666666666667,-5.666666666666667,0.0,2,1,SP,pc_gamer,20
1967a9e2ad6f51802b093147d861df58,2,2,2,380.0,45.760000000000005,190.0,22.880000000000003,1.0,10.6918511755307,-12.0,0.0,1,1,SP,construction_tools_safety,8
1976a05ecf2996d6ffb7b5430e635fe7,8,9,8,1796.2,394.46000000000004,199.57777777777778,43.82888888888889,4.0,16.22222222222222,-8.11111111111111,0.2222222222222222,4,4,SP,furniture_decor,199
1987cd4be10fe09ee50454f9c354d1c6,14,16,14,2877.7,257.53000000000003,179.85625,16.095625000000002,4.25,15.3125,-14.1875,0.0625,7,1,MG,pet_shop,145
198c7ea11960a9844b544d9bcdca860c,25,25,25,1733.75,491.63,69.35,19.6652,3.88,14.0,-10.8,0.08,4,2,MG,small_appliances,208
1992f8fb6b19fcccd97ca819811e7267,1,1,1,28.8,11.22,28.8,11.22,1.0,10.6918511755307,-12.0,0.0,1,1,SP,diapers_and_hygiene,0
1996942dc085d7773ba77a529b163cd0,10,10,10,2943.51,239.92,294.351,23.991999999999997,3.9,11.333333333333334,-18.77777777777778,0.0,8,3,SP,watches_gifts,78
19a7c9f66ffa6452ff4b4c0cca71da27,1,1,1,279.0,59.74,279.0,59.74,5.0,25.0,-28.0,0.0,1,1,PR,furniture_decor,0
19d62d484cba71963c93f0f00ab42013,1,1,1,139.9,22.69,139.9,22.69,4.0,13.0,-8.0,0.0,1,1,SC,furniture_decor,0
19e0f40a907ec568c34bfac15de4f4a1,4,4,4,178.0,41.620000000000005,44.5,10.405000000000001,5.0,5.25,-13.0,0.0,1,1,SP,housewares,258
1a3df491d1c4f1589fc2b934ada68bf2,167,178,167,23302.7,4291.42,130.91404494382022,24.109101123595504,4.165730337078652,14.526315789473685,-13.035087719298245,0.033707865168539325,5,1,SC,bed_bath_table,472
1a6245add4353f18ed55138808906979,1,1,1,30.0,9.34,30.0,9.34,3.0,10.6918511755307,-12.0,0.0,1,1,SP,unknown,0
1a8e2d9c38b84a9702ac7922924b0573,1,1,1,80.0,17.0,80.0,17.0,5.0,15.0,-15.0,0.0,1,1,SC,unknown,0
1a932caad4f9d804097d7f8e615baed1,20,30,20,4661.0,1040.45,155.36666666666667,34.681666666666665,3.566666666666667,8.466666666666667,-12.1,0.1,4,1,SP,construction_tools_construction,112
1acde099eb406aa220b1169b188b42da,9,10,9,311.1,147.4,31.110000000000003,14.74,4.3,11.8,-8.1,0.0,9,1,SP,furniture_decor,56
1b0b0f4f95e962d6f32fe90c759d0479,2,2,2,139.8,23.37,69.9,11.685,5.0,9.0,-9.5,0.0,2,1,SP,health_beauty,258
1b1ae47a313a825a7ccceb8e2e30fa9d,11,11,11,2243.9,246.5,203.9909090909091,22.40909090909091,3.9,10.1,-14.2,0.0,6,4,PR,sports_leisure,214
1b45169b635ef59425637e9a33eb5fb3,7,8,7,308.9,110.45,38.6125,13.80625,4.625,7.25,-19.75,0.0,6,4,PR,housewares,183
1b4b28463457a256e9a784ebe2a8f630,1,1,1,699.42,15.92,699.42,15.92,1.0,14.0,7.0,1.0,1,1,SP,auto,0
1b4c3a6f53068f0b6944d2d005c9fc89,113,117,113,14760.300000000001,3031.37,126.15641025641027,25.909145299145298,4.103448275862069,13.808695652173913,-12.808695652173913,0.042735042735042736,31,9,SC,housewares,524
1b61fb1f0f2185d89e9a126c498e9cc7,1,1,1,49.7,16.11,49.7,16.11,5.0,11.0,-14.0,0.0,1,1,PR,furniture_decor,0
1b65c144b17e607c0f37f10bb7dfec8d,5,5,5,1109.5,144.85,221.9,28.97,2.0,8.2,-28.8,0.0,3,1,SC,construction_tools_construction,69
1b7e5006cb25dd23ce8686691013b121,11,11,11,2636.74,149.22,239.70363636363635,13.565454545454545,4.363636363636363,15.090909090909092,-6.363636363636363,0.18181818181818182,7,1,SP,health_beauty,307
1b8356dabde1d35e17cef975c3f82730,56,61,56,3426.39,987.22,56.17032786885245,16.18393442622951,4.081967213114754,9.7,-14.283333333333333,0.01639344262295082,14,5,SP,sports_leisure,283
1b8b75e227c9a9c100d0c210fb6176ce,19,19,18,1914.8300000000002,280.78000000000003,100.78052631578949,14.777894736842107,3.3684210526315788,14.466666666666667,-19.6,0.05263157894736842,15,2,SP,fashion_bags_accessories,325
1b938a7ec6ac5061a66a3766e0e75f90,30,33,30,3987.6,910.23,120.83636363636363,27.582727272727272,4.242424242424242,10.96774193548387,-14.741935483870968,0.0,8,6,SP,baby,330
1bb2bdb95f4841f1bba2c0d2cd83d3c9,81,85,80,5002.71,1146.56,58.855411764705885,13.488941176470588,4.583333333333333,11.891566265060241,-13.265060240963855,0.058823529411764705,23,5,SP,books_general_interest,559
1bb3812d5f0747a3ab7348f199001a10,9,9,8,834.4000000000001,215.17,92.71111111111112,23.907777777777778,4.888888888888889,12.222222222222221,-20.11111111111111,0.0,8,1,SP,sports_leisure,280
1bc2e21de46adfea6b98cc96b00f3b40,3,5,3,1039.95,102.60000000000001,207.99,20.520000000000003,3.6,16.6,-5.2,0.0,2,1,SC,cool_stuff,98
1c129092bf23f28a5930387c980c0dfc,201,220,200,9553.619999999999,3035.67,43.42554545454545,13.7985,4.168949771689498,11.127853881278538,-10.273972602739725,0.04090909090909091,15,2,SP,bed_bath_table,312
1c40343cc5d18c2d8248ac2f3366de34,21,22,21,2461.41,378.01,111.88227272727272,17.18227272727273,4.545454545454546,6.863636363636363,-12.0,0.09090909090909091,12,7,SP,perfumery,84
1c56ffe0e9dea2657fc6e95b53f40b13,3,3,3,183.0,84.39,61.0,28.13,4.333333333333333,6.333333333333333,-9.333333333333334,0.0,2,1,SP,perfumery,30
1c5e4e49b9079480255b49d50aac1aa9,12,12,11,10173.11,889.61,847.7591666666667,74.13416666666667,4.333333333333333,8.333333333333334,-12.25,0.0,8,3,SP,bed_bath_table,513
1c68394e931a64f90ea236c5ea590300,142,171,138,24832.75,2896.41,145.22076023391813,16.938070175438597,3.9298245614035086,15.35672514619883,-15.426900584795321,0.03508771929824561,39,2,PR,computers_accessories,393
1c742ac33582852aaf3bcfbf5893abcf,1,1,1,97.9,15.79,97.9,15.79,5.0,6.0,-20.0,0.0,1,1,MG,sports_leisure,0
1c83418358f249c9d6affa52d579db0e,1,1,1,24.9,14.52,24.9,14.52,5.0,10.0,-23.0,0.0,1,1,SP,music,0
1ca4bdb0cd7fc48e949bac066188ed26,4,4,4,1520.0,443.08,380.0,110.77,4.5,14.0,-10.666666666666666,0.25,1,1,MG,office_furniture,129
1ca7077d890b907f89be8c954a02686a,115,137,113,13341.57,1659.8600000000001,97.38372262773723,12.115766423357664,2.198529411764706,14.511811023622048,-6.858267716535433,0.1386861313868613,21,3,SP,unknown,206
1caf283236cd69af44cbc09a0a1e7d32,33,37,32,917.6,612.65,24.8,16.558108108108108,4.54054054054054,13.594594594594595,-11.405405405405405,0.10810810810810811,22,4,RJ,toys,475
1cbcd2ee0afb3fc09963b87eb65e7e4f,1,3,1,90.0,40.650000000000006,30.0,13.550000000000002,5.0,4.0,-13.0,0.0,1,1,PR,perfumery,0
1cbd32d00d01bb8087a5eb088612fd9c,11,12,11,1045.47,244.06,87.1225,20.338333333333335,4.25,11.75,-10.25,0.08333333333333333,11,5,SP,health_beauty,100
1cbd50a8c52e6cf8e315c5709fab386f,9,9,9,785.97,220.69,87.33,24.52111111111111,3.7777777777777777,18.444444444444443,-12.555555555555555,0.1111111111111111,7,5,PR,telephony,177
1cbdc7cf130a41fd13a3c2a7d2fcfda7,2,2,2,165.8,59.81,82.9,29.905,5.0,8.5,-13.5,0.0,1,1,MG,bed_bath_table,57
1cd9e0cc1839d55516843def5600816d,5,5,5,825.0,101.72,165.0,20.344,5.0,7.4,-10.2,0.0,2,1,SP,bed_bath_table,62
1ce3ae5a399804d1a87e706f8a813c3e,40,44,40,2563.0,853.69,58.25,19.402045454545455,3.727272727272727,13.340909090909092,-16.318181818181817,0.06818181818181818,19,1,SC,furniture_decor,382
1d0646a72178a6fb37ee8082140e06ec,2,2,2,61.0,36.62,30.5,18.31,5.0,7.5,-7.5,0.0,2,2,SC,health_beauty,37
1d0997ff06b524ce9289ffd75114ecd3,3,3,3,3747.0,126.57,1249.0,42.19,3.6666666666666665,16.333333333333332,-19.333333333333332,0.3333333333333333,3,2,PE,auto,300
1d139e3a3b14025640d8df1b230aace0,2,2,2,36.49,34.69,18.245,17.345,3.5,7.5,-20.5,0.0,2,1,SP,sports_leisure,67
1d1bbb8ac1581824986f582583fff01d,4,4,4,166.88,59.589999999999996,41.72,14.897499999999999,3.5,9.0,-5.75,0.25,3,2,SC,health_beauty,119
1d2732ef8321502ee8488e8bed1ab8cd,4,5,4,1148.0,80.18,229.6,16.036,3.2,11.2,-6.8,0.2,4,1,RJ,computers_accessories,379
1d29dfba02015238dfbe2449a5eaa361,12,12,12,612.8,177.12,51.06666666666666,14.76,4.5,14.833333333333334,-9.5,0.08333333333333333,3,1,MG,perfumery,463
1d4587203296c8f4ad134dc286fa6db0,42,43,42,2323.3,704.24,54.03023255813954,16.377674418604652,4.3023255813953485,9.121951219512194,-11.268292682926829,0.023255813953488372,30,1,SP,auto,255
1d503743d2526f03f0c2c89540ee008c,12,17,12,516.04,204.49,30.355294117647055,12.028823529411765,4.235294117647059,8.588235294117647,-9.411764705882353,0.058823529411764705,7,5,SP,auto,170
1d8dbc4f32378d715c717c1c1fc57bae,92,98,91,11315.89,2105.16,115.46826530612245,21.481224489795917,3.8958333333333335,15.051546391752577,-11.97938144329897,0.08163265306122448,25,1,PR,baby,461
1d953075c2f0dd990bacf27b83b330f1,1,1,1,59.0,19.32,59.0,19.32,5.0,7.0,-24.0,0.0,1,1,MG,computers_accessories,0
1da366cade6d8276e7d8beea7af5d4bf,43,49,43,6917.589999999999,1756.14,141.17530612244897,35.8395918367347,3.9375,16.979166666666668,-8.416666666666666,0.061224489795918366,15,3,MG,furniture_decor,320
1da3aeb70d7989d1e6d9b0e887f97c23,265,328,256,8823.52,4231.84,26.9009756097561,12.901951219512195,4.079754601226994,7.8734567901234565,-11.712962962962964,0.039634146341463415,155,21,SP,sports_leisure,535
1dc2de47ee26a0a5b12dc14fd6dc0dea,25,27,25,1670.3,617.1999999999999,61.86296296296296,22.859259259259257,4.518518518518518,14.296296296296296,-8.925925925925926,0.037037037037037035,11,1,SP,bed_bath_table,202
1dcfa3835714681d4ba4a93bc1e0fd41,13,15,13,1278.5,323.6,85.23333333333333,21.573333333333334,3.857142857142857,15.5,-15.5,0.0,4,1,SP,furniture_living_room,249
1dd33b8119b3cb1056ed5dc88cd0aaf4,8,8,8,1513.0,128.74,189.125,16.0925,3.75,10.5,-15.625,0.125,2,1,SP,musical_instruments,96
1de62b6f2fd96227629786db492433db,2,2,2,208.8,28.73,104.4,14.365,5.0,7.5,-15.5,0.0,2,1,SP,sports_leisure,69
1dfe5347016252a7884b694d4f10f5c4,21,27,21,1693.5,436.23,62.72222222222222,16.156666666666666,3.1923076923076925,19.03846153846154,-7.6923076923076925,0.2222222222222222,15,2,SP,bed_bath_table,162
1e26c56af8d48424e1df0140a2401f83,2,2,2,258.9,33.49,129.45,16.745,5.0,4.5,-16.0,0.0,2,2,SP,construction_tools_construction,55
1e47d8b6546eb3a77b1acddcc9406242,1,1,1,149.9,16.81,149.9,16.81,1.0,35.0,-11.0,0.0,1,1,SP,fashio_female_clothing,0
1e47defeeadeca0e9a18fa5a9311e735,3,3,3,234.12,57.5,78.04,19.166666666666668,5.0,11.666666666666666,-12.333333333333334,0.0,3,2,SP,sports_leisure,36
1e483cc5c76fef08d3ca05f9a8af7d01,10,11,10,171.99,123.08000000000001,15.635454545454547,11.18909090909091,4.090909090909091,7.6,-10.9,0.0,3,3,SP,fashion_underwear_beach,97
1e8b33f18b4f7598d87f5cbee2282cc2,123,140,123,17309.06,2702.24,123.63614285714287,19.301714285714283,4.282608695652174,7.359712230215828,-10.985611510791367,0.02857142857142857,30,1,SP,bed_bath_table,284
1e8c6a4c538f286aee9573239740a4b4,5,5,5,359.7,87.12,71.94,17.424,3.8,7.0,-14.2,0.0,5,3,SP,baby,125
1e9d5a33694bddb76316fd1f54734d20,2,2,2,318.0,150.94,159.0,75.47,4.5,12.0,-8.5,0.0,2,1,MT,furniture_bedroom,29
1eade46fba20122dc4aefb379f8c636b,58,75,55,3635.37,1038.34,48.471599999999995,13.844533333333333,4.306666666666667,11.52,-7.52,0.12,8,1,SP,health_beauty,524
1f1bb1f0859883505541bdd6606193e5,27,29,27,16040.84,522.03,553.1324137931034,18.00103448275862,4.310344827586207,13.758620689655173,-10.448275862068966,0.10344827586206896,24,3,SP,fashion_bags_accessories,479
1f2eebc0e970fd3c463e4f5d9652687a,1,1,1,44.99,8.48,44.99,8.48,5.0,11.0,5.0,1.0,1,1,SP,books_technical,0
1f50f920176fa81dab994f9023523100,1404,1931,1388,106939.20999999999,35165.770000000004,55.380222682547895,18.211170378042468,3.987259490379615,15.106957424714434,-10.852544132917965,0.07767995857068877,23,3,SP,garden_tools,508
1f7dfad2cb384ea4d2d7e1ffbd78c407,1,1,1,49.0,8.29,49.0,8.29,1.0,6.0,-4.0,0.0,1,1,SP,baby,0
1f7fd2a6fcd5a6fa5d8a4dabc72aaae0,3,3,3,531.8,100.88,177.26666666666665,33.626666666666665,5.0,6.666666666666667,-16.666666666666668,0.0,2,1,RS,housewares,396
1f867308a0ce13133a4e639ff4de0c02,7,13,7,875.1,209.82,67.31538461538462,16.14,4.538461538461538,10.0,-17.76923076923077,0.0,6,1,PR,housewares,249
1f9ab4708f3056ede07124aad39a2554,78,79,78,13602.73,2440.78,172.18645569620253,30.895949367088612,4.089743589743589,14.051948051948052,-13.493506493506494,0.05063291139240506,5,1,SP,baby,490
1fa2d3def6adfa70e58c276bb64fe5bb,1,1,1,6.9,9.0,6.9,9.0,1.0,6.0,-36.0,0.0,1,1,SP,housewares,0
1fbe10c70e30765ed1de86d9f7e98409,2,6,2,98.75,59.36,16.458333333333332,9.893333333333333,1.5,7.833333333333333,-6.833333333333333,0.0,2,1,SP,housewares,27
1fdc574883ef3b33ad41562d93f3a74a,18,18,18,4251.0,273.27,236.16666666666666,15.181666666666665,4.444444444444445,10.833333333333334,-11.5,0.05555555555555555,14,1,SP,auto,236
1fddcb7b326905d3ad5efe82187db347,1,1,1,92.0,13.22,92.0,13.22,1.0,10.6918511755307,-12.0,0.0,1,1,SP,auto,0
1fe5540d7c1c37a595fefbacd5570d9e,20,25,19,4537.6,581.15,181.50400000000002,23.246,4.28,11.6,-14.4,0.04,2,1,RJ,computers_accessories,13
1fe61aa5494bd3ae92a2c13e067c810f,1,2,1,537.76,100.82,268.88,50.41,4.0,7.0,-17.0,0.0,1,1,SC,auto,0
2009a095de2a2a41626f6c6d7722678d,8,12,8,388.89,193.54,32.4075,16.128333333333334,3.9166666666666665,9.166666666666666,-11.583333333333334,0.0,4,2,SP,computers_accessories,233
2039c5e51785b5dde7cf93ccb3b7be2c,1,1,1,159.9,13.78,159.9,13.78,5.0,8.0,-8.0,0.0,1,1,SP,housewares,0
204b4e07bddef3c9b317f70189135b22,1,1,1,73.4,14.73,73.4,14.73,5.0,10.0,-11.0,0.0,1,1,MG,bed_bath_table,0
2059c39f76271d4ca3f15b5ffaccc8b8,12,12,12,604.9,186.39000000000001,50.40833333333333,15.5325,4.5,8.916666666666666,-13.333333333333334,0.0,2,2,PR,books_general_interest,218
20611af7866c6068fd5ae1f9dbe15c92,2,2,2,219.8,114.5,109.9,57.25,4.5,8.0,-13.5,0.0,2,2,SP,baby,1
2063dd1b9f568df1c16741ea7d3e6adb,3,3,3,763.1,57.17,254.36666666666667,19.05666666666667,5.0,12.333333333333334,-26.333333333333332,0.0,3,1,PR,furniture_decor,255
2075d8cd4dd63ff12df0749a5866bb06,3,3,3,184.70000000000002,57.53,61.56666666666667,19.176666666666666,5.0,4.0,-7.0,0.0,2,1,PR,bed_bath_table,2
2078fe5066350e7d220c0ad3a3bbc6c1,1,1,1,29.9,38.14,29.9,38.14,2.0,10.6918511755307,-12.0,0.0,1,1,PR,furniture_decor,0
2089a6d640999f9b9141ac719b2af596,44,44,41,8830.82,695.12,200.70045454545453,15.798181818181819,3.727272727272727,19.024390243902438,-11.439024390243903,0.11363636363636363,25,3,SP,sports_leisure,456
20a7efa9721046319bdde5d60b6b5365,3,6,3,501.20000000000005,95.39,83.53333333333335,15.898333333333333,5.0,15.0,-16.333333333333332,0.0,2,2,SP,unknown,31
20a8b0dc55da94fe74d112082427c84f,7,7,7,407.4,123.98,58.199999999999996,17.711428571428574,4.285714285714286,7.714285714285714,-4.571428571428571,0.14285714285714285,3,2,SP,baby,22
20b54c376b794ed028df09a3cd88e8dc,11,11,11,1342.95,163.6,122.08636363636364,14.872727272727273,3.0,20.857142857142858,-3.0,0.18181818181818182,8,5,SP,fixed_telephony,288
20cb7c2fde3e5bf10f0bbe7394e1c6a9,32,51,32,861.9,798.38,16.9,15.654509803921568,3.843137254901961,11.52,-12.82,0.09803921568627451,2,1,PR,furniture_decor,524
20d53aad4fe5ee93a64f8839609d3586,2,2,2,51.9,34.54,25.95,17.27,2.5,39.0,17.0,0.5,2,1,MG,garden_tools,168
20d83f3ef0e6925fd74bfd59170babf7,40,54,40,2903.6,653.61,53.770370370370365,12.10388888888889,4.351851851851852,8.092592592592593,-11.61111111111111,0.037037037037037035,48,1,SP,fashion_bags_accessories,517
20f0aeea30bc3b8c4420be8ced4226c0,1,1,1,14.9,14.52,14.9,14.52,4.166666666666667,44.0,13.0,1.0,1,1,SP,bed_bath_table,0
20fd2d2080ed85fa67fad3fcbb2c1813,1,1,1,85.9,19.57,85.9,19.57,1.0,10.6918511755307,-12.0,0.0,1,1,PR,garden_tools,0
2138ccb85b11a4ec1e37afbd1c8eda1f,396,429,393,12357.03,6069.22,28.804265734265737,14.147365967365968,3.897196261682243,10.742243436754176,-12.673031026252984,0.04428904428904429,160,8,SP,telephony,692
213b25e6f54661939f11710a6fddb871,155,194,155,15379.5,3460.46,79.27577319587628,17.83742268041237,3.7853403141361257,14.784210526315789,-11.042105263157895,0.07216494845360824,81,3,SP,home_construction,265
213fafb0ca06fb3d5886579c2565791b,3,3,3,189.70000000000002,27.16,63.23333333333334,9.053333333333333,2.3333333333333335,4.0,-6.333333333333333,0.0,3,3,MG,cine_photo,69
2156f2671501a81034d7d07f217609d0,22,22,22,2981.5,452.39,135.52272727272728,20.563181818181818,3.8636363636363638,14.761904761904763,-6.476190476190476,0.13636363636363635,12,4,SP,computers_accessories,331
217f005bb37ff3aeef5b2ae1788e75ba,3,3,3,74.97,45.25,24.99,15.083333333333334,3.3333333333333335,14.0,-9.5,0.0,1,1,SP,fashion_sport,52
218d46b86c1881d022bce9c68a7d4b15,388,427,378,55093.28,7644.26,129.024074941452,17.90224824355972,4.149411764705882,13.314285714285715,-11.721428571428572,0.08196721311475409,143,3,SP,sports_leisure,581
218f991754f360af9c2daa5e0b8e990c,14,17,14,3554.32,265.22,209.07764705882354,15.601176470588237,3.5294117647058822,12.882352941176471,-7.411764705882353,0.11764705882352941,4,1,SP,housewares,244
2199e7fe213c16213bf5d6a7eadc9a5d,25,31,25,4078.29,569.49,131.55774193548388,18.370645161290323,4.290322580645161,10.633333333333333,-13.2,0.03225806451612903,13,8,SP,furniture_decor,678
21c62b998a043ebe31161d38f84929fc,4,4,4,750.49,90.84,187.6225,22.71,4.5,12.5,-16.0,0.0,2,1,CE,auto,23
21d59342ba150175ca2aa4f8faddeca6,2,2,2,259.9,74.39,129.95,37.195,4.5,8.5,-18.5,0.0,2,1,SP,health_beauty,13
21e83881401b92b49fb09a16d3852291,14,15,14,3588.0499999999997,594.48,239.20333333333332,39.632,4.333333333333333,10.615384615384615,-13.23076923076923,0.0,9,2,MG,garden_tools,325
2235cf78d3e2073a88146a9cb60f0dd0,1,1,1,178.99,25.77,178.99,25.77,5.0,14.0,-11.0,0.0,1,1,SP,furniture_living_room,0
226b05fe067266c59c15dae208213d06,10,11,10,1056.9,188.68,96.08181818181819,17.152727272727272,4.181818181818182,9.181818181818182,-13.727272727272727,0.0,8,2,PR,unknown,34
228e4c1a0be164f613d41c24345f9d2c,5,5,5,539.7,229.74,107.94000000000001,45.948,5.0,10.8,-20.2,0.0,3,1,PR,housewares,95
229c3efbfb0ea2058de4ccdfbc3d784a,121,148,118,15744.0,2362.57,106.37837837837837,15.963310810810812,3.643835616438356,10.386206896551725,-12.344827586206897,0.02027027027027027,24,1,MG,computers_accessories,681
22a23e5ac7061fc538cc2a019afaaf16,1,1,1,95.0,14.42,95.0,14.42,3.0,11.0,-16.0,0.0,1,1,MG,food_drink,0
22c32ec35d0116ef02c281798a25bf8b,4,6,4,119.58,90.43,19.93,15.071666666666667,3.5,9.333333333333334,-17.666666666666668,0.0,2,2,PR,sports_leisure,23
2305ab43e846518f58dd9d59f3f54e96,3,3,3,788.89,42.370000000000005,262.9633333333333,14.123333333333335,3.6666666666666665,11.333333333333334,-11.333333333333334,0.0,3,1,SP,perfumery,55
232a6014e7b10cba61c6c2b2ea6bb4b0,33,36,33,3919.87,1213.4,108.88527777777777,33.705555555555556,4.085714285714285,13.114285714285714,-14.257142857142858,0.027777777777777776,20,1,SP,pet_shop,530
23613d49c3ac2bd302259e55c06c050c,70,80,69,4293.0,2167.7599999999998,53.6625,27.096999999999998,3.6582278481012658,13.417721518987342,-11.316455696202532,0.0875,24,2,SP,furniture_decor,680
236585a4ddb5fea9fa40233e2249ed91,11,11,11,649.53,188.14,59.04818181818182,17.10363636363636,4.090909090909091,12.636363636363637,-13.181818181818182,0.09090909090909091,3,2,RS,computers_accessories,277
2379bdc3888025689a9deb7b141507d5,9,9,9,999.5,126.11,111.05555555555556,14.012222222222222,4.333333333333333,18.11111111111111,-5.777777777777778,0.2222222222222222,8,2,SP,perfumery,183
238fac594e170b59c6d228f5a4f4f1d9,29,30,29,3126.0,1419.52,104.2,47.31733333333333,3.9655172413793105,11.966666666666667,-10.266666666666667,0.13333333333333333,6,1,SP,pet_shop,315
23a0ffca143a15b9b5bbdb7d552f626a,23,24,23,3718.51,585.77,154.93791666666667,24.407083333333333,3.9583333333333335,10.708333333333334,-11.416666666666666,0.125,12,2,SP,garden_tools,152
23c38debaffe4a25a30fdbd9b586a13f,41,46,41,5382.18,834.38,117.00391304347826,18.13869565217391,4.304347826086956,11.152173913043478,-10.391304347826088,0.10869565217391304,12,6,SP,garden_tools,126
23ca5f678e0b3ea6c630b30fa8bf51ea,6,7,5,183.0,96.39,26.142857142857142,13.77,5.0,6.714285714285714,-18.285714285714285,0.0,4,1,SP,home_appliances,61
23d7c96d4a1160db1c726b248601b25a,53,55,53,11766.94,1379.58,213.94436363636365,25.083272727272725,3.8173076923076925,12.826923076923077,-10.961538461538462,0.09090909090909091,40,11,SP,cool_stuff,391
23ff42c4bf1f8f16cddb19d8b972974a,2,3,2,174.70000000000002,52.97,58.23333333333334,17.656666666666666,4.333333333333333,12.0,-16.333333333333332,0.0,2,1,MG,sports_leisure,51
240b9776d844d37535668549a396af32,36,36,36,13592.08,860.57,377.5577777777778,23.904722222222222,4.277777777777778,10.971428571428572,-11.257142857142858,0.027777777777777776,11,5,RJ,telephony,35
244b04680fdbded0acf5aebd9c92b44a,3,3,3,3477.7000000000003,138.81,1159.2333333333333,46.27,1.0,37.5,4.5,0.3333333333333333,3,1,SP,musical_instruments,106
244c2f1bff6afe1f2eaf9bfe9b2aed38,23,27,22,2580.0,1214.87,95.55555555555556,44.99518518518518,3.814814814814815,14.962962962962964,-8.481481481481481,0.14814814814814814,11,1,SP,furniture_decor,363
247587846358bb1d2e4c6522020b36fe,1,1,1,99.0,22.51,99.0,22.51,5.0,4.0,-13.0,0.0,1,1,SP,pet_shop,0
2493dc3f20131696a0ecdb9948051a8d,4,4,4,504.38,70.69,126.095,17.6725,4.75,8.5,-23.75,0.0,3,1,DF,cool_stuff,14
249f0e9905a6e06ad6c6bea7547ab9f6,3,3,3,347.95,39.04,115.98333333333333,13.013333333333334,3.6666666666666665,5.666666666666667,-19.666666666666668,0.0,3,2,RJ,art,39
24a6daf925d9d591870a66660416de31,2,2,2,60.0,30.08,30.0,15.04,4.5,13.0,-12.0,0.0,2,1,SP,books_general_interest,97
24c1de8d9551c0b4fbc53317d53efda8,1,1,1,355.0,57.12,355.0,57.12,5.0,12.0,-23.0,0.0,1,1,PB,sports_leisure,0
2528513dd95219a6013d4d05176e391a,161,167,161,32689.1,3749.65,195.74311377245508,22.45299401197605,3.9451219512195124,10.114457831325302,-12.289156626506024,0.041916167664670656,84,3,SP,home_confort,519
2528744c5ef5d955adc318720a94d2e7,5,5,5,6245.0,263.7,1249.0,52.739999999999995,2.4,9.8,-9.4,0.0,3,1,SP,agro_industry_and_commerce,242
252e76235acb79183cfca6e34f13337d,3,4,3,261.2,60.57,65.3,15.1425,3.75,14.25,-16.5,0.0,4,2,SP,furniture_decor,468
253c025bab43881055aeecde5e2d8b77,2,2,2,94.82,29.509999999999998,47.41,14.754999999999999,4.5,16.0,-6.5,0.5,1,1,PR,housewares,228
253f95b3a0e6983ae18aed49fbc2b845,5,5,5,799.5,91.44,159.9,18.288,4.4,9.0,-14.0,0.0,2,1,SP,auto,82
257e61d3251fb5efb9daadddbc2cf7ca,12,12,12,7729.0,1077.18,644.0833333333334,89.765,4.75,7.666666666666667,-17.666666666666668,0.0,12,2,PR,baby,130
258447aad3f7b01e2643c89f64dc5647,1,1,1,51.9,19.55,51.9,19.55,5.0,7.0,-12.0,0.0,1,1,PR,health_beauty,0
259f7b5e6e482c230e5bfaa670b6bb8f,138,165,138,8526.04,2739.21,51.6729696969697,16.60127272727273,4.213414634146342,8.123456790123457,-13.75925925925926,0.012121212121212121,24,2,SP,bed_bath_table,521
25be943a321c8938947bdaabca979a90,5,5,4,769.0,138.55,153.8,27.71,3.0,2.6666666666666665,-10.0,0.0,2,1,SP,kitchen_dining_laundry_garden_furniture,116
25c5c91f63607446a97b143d2d535d31,158,269,152,54679.22,7000.11,203.26847583643124,26.02271375464684,3.718283582089552,13.556390977443609,-11.966165413533835,0.05947955390334572,18,2,MG,computers_accessories,385
25cf099de44674fde97473224f9d59ab,50,50,49,1654.36,705.19,33.087199999999996,14.103800000000001,4.326530612244898,8.88,-12.92,0.04,30,1,SP,auto,445
25debeafbce801fdd479539350185eee,6,7,6,302.84000000000003,100.01,43.26285714285715,14.287142857142857,2.4285714285714284,14.166666666666666,-8.833333333333334,0.0,3,2,SP,perfumery,344
25e47381a6c510ddeb36084e33b89f0c,16,17,16,1289.6000000000001,282.11,75.85882352941178,16.59470588235294,4.0588235294117645,9.117647058823529,-13.117647058823529,0.0,11,2,SP,bed_bath_table,43
25e6ffe976bd75618accfe16cefcbd0d,108,117,108,11691.61,1705.24,99.9282905982906,14.574700854700854,4.384615384615385,9.417391304347825,-14.547826086956523,0.02564102564102564,54,6,SP,toys,629
262237171f48e85819065498cac80d7b,4,10,3,599.0,150.0,59.9,15.0,4.3,8.3,-11.5,0.0,1,1,SC,sports_leisure,365
2646baaf662d4d92ac48f047e35db92d,15,18,15,1263.05,286.34,70.16944444444444,15.907777777777776,4.555555555555555,5.111111111111111,-11.666666666666666,0.05555555555555555,10,4,SP,auto,101
26562f211dd1364af2a8596dc945e8ae,2,2,2,99.0,16.11,49.5,8.055,5.0,2.0,-5.0,0.0,2,2,SP,bed_bath_table,21
265fdc289dffa9f1ad801c74f7d0de47,1,1,1,495.0,51.55,495.0,51.55,5.0,7.0,-8.0,0.0,1,1,SP,furniture_bedroom,0
26785a546900236d66f2e4197c211158,15,15,15,1019.2,225.45,67.94666666666667,15.03,4.666666666666667,5.4,-18.733333333333334,0.0,12,1,SP,consoles_games,243
269c5fc9fcadee614364c3620c30a1f9,3,6,3,209.6,45.12,34.93333333333333,7.52,5.0,4.0,-2.6666666666666665,0.0,2,1,SP,luggage_accessories,8
269cff2d3c8d205c11f37a52402ea93b,4,5,4,1281.59,133.41,256.318,26.682,4.4,6.8,-9.4,0.0,3,2,SP,agro_industry_and_commerce,43
26af45f5dfd967225a832838aa4e24a3,10,11,10,573.1,198.51,52.1,18.046363636363637,4.181818181818182,8.636363636363637,-13.818181818181818,0.0,7,1,PR,auto,223
26b482dccfa29bd2e40703ba45523702,3,4,3,344.78,67.63,86.195,16.9075,5.0,3.25,-8.25,0.0,3,2,SP,pet_shop,19
26bad72add1f86e08a776ce4ffdaf1ca,7,7,7,622.0,123.92,88.85714285714286,17.702857142857145,4.428571428571429,10.571428571428571,-13.571428571428571,0.0,5,1,SP,food_drink,249
26d6bbee02420494d471c9f6436929c0,12,13,12,434.51,247.19,33.423846153846156,19.014615384615386,4.6923076923076925,7.538461538461538,-10.615384615384615,0.0,10,4,PR,auto,142
26d8a1c7c75d513045798992ead43aa2,36,38,36,8244.12,701.66,216.9505263157895,18.464736842105264,4.2368421052631575,12.0,-12.5,0.07894736842105263,21,3,PR,perfumery,360
26e13b6ff5b641b329e5524241ee2c93,4,4,4,119.69999999999999,69.97999999999999,29.924999999999997,17.494999999999997,4.0,6.0,-10.25,0.0,4,2,SP,fashion_bags_accessories,21
26e2c91ef821e1ff8985f408788fe35b,12,14,12,1649.4,274.47,117.81428571428572,19.605,3.0,24.5,-0.6428571428571429,0.35714285714285715,10,1,SP,bed_bath_table,154
26e2e5033827d2ba53929f43e03d8ffe,1,1,1,139.49,15.29,139.49,15.29,5.0,5.0,-14.0,0.0,1,1,SP,furniture_decor,0
26f6b7ab07be3e9e69ce82a6552efc19,2,2,2,54.8,25.95,27.4,12.975,3.0,10.5,-3.0,0.5,2,2,RJ,sports_leisure,1
270297ead4c65a6cd2593960d2af6b21,18,20,17,9422.4,546.1,471.12,27.305,3.736842105263158,14.0,-13.68421052631579,0.0,12,3,SP,furniture_decor,516
270572bb714b00531be85e16e1550f26,1,1,1,96.99,14.77,96.99,14.77,5.0,11.0,-16.0,0.0,1,1,SP,bed_bath_table,0
2709af9587499e95e803a6498a5a56e9,26,47,26,1279.56,579.46,27.22468085106383,12.328936170212767,2.5652173913043477,11.934782608695652,-4.478260869565218,0.48936170212765956,15,2,SP,health_beauty,556
270d3ef21830ad0ecf3a6c53d08a533a,6,18,5,509.0,234.67,28.27777777777778,13.037222222222221,2.2222222222222223,10.882352941176471,-9.058823529411764,0.0,3,1,SP,diapers_and_hygiene,142
271b8923c6a549e02d3c9fd1f8c0422b,1,1,1,105.19,13.4,105.19,13.4,4.0,14.0,4.0,1.0,1,1,SP,construction_tools_construction,0
271c58a1d139c45eaf3316107c6d3a3b,29,29,29,3897.52,671.19,134.39724137931034,23.14448275862069,4.068965517241379,12.666666666666666,-11.222222222222221,0.06896551724137931,6,1,SP,baby,104
272f092de69afedd4d2969440b37f18f,26,40,23,1935.3300000000002,536.01,48.383250000000004,13.40025,3.986842105263158,8.897435897435898,-15.948717948717949,0.0,25,4,SP,fashion_bags_accessories,278
2745f798279e0ed033addcc1474776d7,32,32,31,3668.53,696.46,114.6415625,21.764375,3.967741935483871,12.9375,-10.71875,0.09375,13,1,SP,sports_leisure,282
276677b5d08786d5dce7c2149dcce48b,33,47,32,3522.0,798.64,74.93617021276596,16.992340425531914,3.8085106382978724,10.666666666666666,-10.222222222222221,0.0425531914893617,18,6,MG,housewares,192
278b6e0b20c4f61fefaa0577943d7a35,1,2,1,1078.0,74.62,539.0,37.31,1.0,10.6918511755307,-12.0,0.0,1,1,SC,construction_tools_lights,0
27a56ff04b34c2ba34ce6ba4d3b9d616,8,8,8,349.28999999999996,102.98,43.661249999999995,12.8725,4.125,12.25,-10.0,0.125,7,2,SP,market_place,190
282c7480173bb9c01dd41cc739fec010,5,8,5,4274.2,192.11,534.275,24.01375,4.428571428571429,13.125,-16.125,0.125,4,2,SP,health_beauty,12
282f23a9769b2690c5dda22e316f9941,99,110,99,6505.08,1881.88,59.13709090909091,17.108,4.3,10.73394495412844,-12.119266055045872,0.03636363636363636,41,6,MG,food_drink,405
28405831a29823802aa22c084cfd0649,7,7,7,245.0,88.18,35.0,12.597142857142858,4.285714285714286,6.5,-6.0,0.0,1,1,SP,christmas_supplies,53
28872dc528e978a639754bc8c2ce5a4c,1,1,1,1009.9,29.0,1009.9,29.0,5.0,4.0,-31.0,0.0,1,1,RS,housewares,0
289cdb325fb7e7f891c38608bf9e0962,110,126,109,13544.95,2094.34,107.49960317460318,16.62174603174603,4.579365079365079,6.192,-10.584,0.015873015873015872,25,4,SP,perfumery,184
28a26ebce31d5918b181ede016fd693b,1,1,1,29.9,17.14,29.9,17.14,5.0,11.0,-10.0,0.0,1,1,MG,health_beauty,0
28c7d8743fbc8679f484868cc0fcaefb,3,3,3,201.5,68.86,67.16666666666667,22.953333333333333,5.0,13.0,-11.0,0.0,2,1,SP,health_beauty,96
28d162ab86bb49d719c32f0ee6186eaa,1,1,1,109.99,17.21,109.99,17.21,4.0,16.0,-12.0,0.0,1,1,SP,sports_leisure,0
28ea411b354f14b1a494be4e79f0ce02,6,6,6,820.0,76.93,136.66666666666666,12.821666666666667,4.666666666666667,8.333333333333334,-11.333333333333334,0.0,6,2,SP,bed_bath_table,336
28f10b1c5e5abb9d4857745bede6147c,28,28,28,835.0,350.42,29.821428571428573,12.515,4.0,7.178571428571429,-6.607142857142857,0.14285714285714285,4,3,SP,electronics,111
28fb0829fd777877cdc350d25cb5bd5b,4,4,4,499.6,69.66,124.9,17.415,3.75,14.0,-11.0,0.0,2,1,SP,health_beauty,72
293dee954235e4e4e43f129313625ebe,8,8,8,1778.92,240.3,222.365,30.0375,5.0,14.125,-17.625,0.0,6,2,DF,stationery,97
2953ce3a88f5e3c3b696d77fc9e4c8eb,14,15,14,470.0,161.32,31.333333333333332,10.754666666666667,4.666666666666667,7.533333333333333,-4.866666666666666,0.06666666666666667,7,2,SP,books_technical,326
296729ffb9b684050dd24836dac4494a,2,2,2,114.0,35.61,57.0,17.805,5.0,7.0,-13.0,0.0,2,2,SP,bed_bath_table,84
297d5eccd19fa9a83b2630071ff105e4,8,8,8,834.97,141.76,104.37125,17.72,5.0,6.5,-12.625,0.0,3,1,PR,housewares,34
299c89a525fee36c567f4fe72f038100,2,2,2,658.0,99.75,329.0,49.875,2.0,9.0,-5.0,0.0,2,2,CE,agro_industry_and_commerce,37
29c322e3f09f886f8bacbe91dfbd979e,1,2,1,48.98,56.59,24.49,28.295,5.0,6.0,-20.0,0.0,2,1,RS,auto,0
29e6e05b65f93bc224c644319dc52ecf,4,4,4,475.6,83.32,118.9,20.83,4.75,6.25,-15.0,0.0,3,1,MG,baby,50
29fe9f200d3fa0c668d2aa1ec7e08dfb,5,5,5,400.0,114.16,80.0,22.832,4.0,10.4,-16.0,0.0,4,1,SC,telephony,79
2a1348e9addc1af5aaa619b1a3679d6b,52,55,52,2843.0,788.4,51.69090909090909,14.334545454545454,3.0,26.784313725490197,0.7058823529411765,0.2727272727272727,34,12,MG,furniture_decor,565
2a167ca73899c85001a837d8fb4962f6,2,3,2,4097.0,100.62,1365.6666666666667,33.54,4.333333333333333,7.0,-13.666666666666666,0.0,2,1,SP,costruction_tools_tools,7
2a261b5b644fa05f4f2700eb93544f2c,51,82,50,5355.0,2041.73,65.3048780487805,24.899146341463414,3.3536585365853657,14.036585365853659,-9.109756097560975,0.1951219512195122,21,1,SP,furniture_decor,289
2a50b7ee5aebecc6fd0ff9784a4747d6,1,2,1,199.8,64.44,99.9,32.22,1.0,39.0,17.0,1.0,1,1,DF,construction_tools_construction,0
2a5b78b41cd05baeac8df54c6606b92c,49,60,47,19025.36,1107.47,317.08933333333334,18.457833333333333,4.083333333333333,8.892857142857142,-18.714285714285715,0.016666666666666666,23,1,MG,health_beauty,409
2a61c271b1ac763450d846849783e922,18,23,18,1516.76,496.37,65.94608695652174,21.581304347826087,3.652173913043478,19.82608695652174,-6.478260869565218,0.17391304347826086,6,2,SP,health_beauty,160
2a6fbeaa7ab9e5d59a35841a8da71ce4,30,30,30,1632.79,632.49,54.42633333333333,21.083000000000002,3.9310344827586206,13.9,-12.8,0.06666666666666667,10,4,SC,small_appliances,479
2a73cba571d90c694b7caca072ccf6ce,1,2,1,342.78,38.7,171.39,19.35,5.0,21.0,0.0,0.0,1,1,SP,furniture_decor,0
2a7c6c0b0d5efde2bf75ec1e1cec2d41,3,3,3,147.6,44.44,49.199999999999996,14.813333333333333,3.3333333333333335,10.333333333333334,-15.333333333333334,0.0,3,1,PR,furniture_decor,27
2a7dc43cecabf23403078e2188437d1d,52,54,52,4795.91,833.71,88.81314814814814,15.439074074074075,4.092592592592593,12.518518518518519,-10.25925925925926,0.05555555555555555,14,6,SP,furniture_decor,212
2a84855fd20af891be03bc5924d2b453,164,168,163,15819.1,3451.51,94.16130952380952,20.544702380952383,4.2379518072289155,8.081761006289309,-12.484276729559749,0.023809523809523808,55,8,MG,stationery,244
2aa3443d7bf9d9bb11133f420d75e083,10,10,10,647.0,134.12,64.7,13.412,3.0,10.0,-8.9,0.2,7,3,RJ,sports_leisure,271
2aafae69bf4c41fbd94053d9413e87ee,2,2,2,94.0,29.869999999999997,47.0,14.934999999999999,4.5,8.0,-27.5,0.0,2,1,RS,stationery,61
2addf05f476d0637864454e93ba673d5,12,12,11,4552.0,325.64,379.3333333333333,27.136666666666667,5.0,10.0,-15.083333333333334,0.0,8,1,DF,computers_accessories,227
2b03ac196f5ed62ac483960fe0fa3b65,7,7,7,843.1,92.09,120.44285714285715,13.155714285714286,4.142857142857143,12.571428571428571,-9.571428571428571,0.14285714285714285,5,2,SP,health_beauty,172
2b1a40c1daabc6ca280c4b815c101841,23,35,23,12732.6,1902.28,363.78857142857146,54.350857142857144,3.6285714285714286,13.363636363636363,-14.06060606060606,0.02857142857142857,20,1,MG,auto,615
2b2fed75b8e5ea3a052fc4c0825da485,3,4,3,510.9,59.93,127.725,14.9825,5.0,4.0,-20.25,0.0,3,1,MG,toys,97
2b3b9ce054da76a7428df143a567b156,5,6,5,301.0,62.28,50.166666666666664,10.38,3.1666666666666665,6.5,-17.666666666666668,0.0,3,1,SP,furniture_decor,62
2b3e4a2a3ea8e01938cabda2a3e5cc79,52,54,52,23629.15,905.95,437.57685185185187,16.776851851851852,4.388888888888889,8.12962962962963,-11.962962962962964,0.0,13,1,SP,computers_accessories,444
2b402d5dc42554061f8ea98d1916f148,1,1,1,299.89,63.9,299.89,63.9,5.0,6.0,-25.0,0.0,1,1,BA,toys,0
2b5ed0c9139dae8883a200dfcb272ece,4,4,4,85.41,59.34,21.3525,14.835,4.25,16.5,-5.25,0.25,1,1,SP,stationery,216
2ba91c7ad80ff88b23b7db823b43c233,6,6,6,740.4,99.93,123.39999999999999,16.655,3.8333333333333335,18.333333333333332,-3.0,0.16666666666666666,4,2,SP,pet_shop,130
2bd05d410a8fd26dc4184a15f4f2f588,6,7,6,1316.73,198.54,188.1042857142857,28.36285714285714,5.0,8.714285714285714,-18.428571428571427,0.0,6,3,MG,cool_stuff,267
2bdb95a56a36ebbc6640337ac5eac174,1,1,1,89.9,18.0,89.9,18.0,5.0,5.0,-34.0,0.0,1,1,SP,health_beauty,0
2be17df1c49978426251562096c3cc09,16,16,16,2165.0,312.55,135.3125,19.534375,4.1875,11.8125,-16.125,0.0625,10,3,SC,fashion_bags_accessories,529
2bf28e311bba65237358230cabac3f15,7,8,7,294.0,183.88,36.75,22.985,3.875,12.0,-10.25,0.25,6,3,PR,costruction_tools_garden,130
2bf6a2c1e71bbd29a4ad64e6d3c3629f,30,31,30,50628.9,1000.59,1633.1903225806452,32.27709677419355,4.193548387096774,12.774193548387096,-14.741935483870968,0.06451612903225806,28,2,RJ,watches_gifts,284
2c00c85d30361cd2ced2969cffbbffa3,1,1,1,49.8,7.71,49.8,7.71,5.0,1.0,-8.0,0.0,1,1,MG,baby,0
2c2c9832d1bb38c5b0034a3b47d313ee,1,1,1,49.9,18.45,49.9,18.45,3.0,12.0,-14.0,0.0,1,1,RS,perfumery,0
2c3d56f92f360fb89d849b84e8f50eae,8,8,8,465.6,124.84,58.2,15.605,3.125,13.285714285714286,-5.285714285714286,0.125,5,4,SP,health_beauty,168
2c43fb513632d29b3b58df74816f1b06,3,3,3,858.0,72.17,286.0,24.05666666666667,3.6666666666666665,3.6666666666666665,-16.666666666666668,0.0,3,2,MG,pet_shop,32
2c4c47cb51acd5ea5db5e0ae0e26542a,12,15,11,2575.9,341.47,171.72666666666666,22.764666666666667,4.6,10.266666666666667,-13.333333333333334,0.0,4,1,SP,pet_shop,328
2c538755f1ca9540af144f266e70df6c,1,1,1,334.99,24.92,334.99,24.92,5.0,6.0,-17.0,0.0,1,1,MG,auto,0
2c54051840f19eca309a5423cf22df36,2,2,2,23.7,28.57,11.85,14.285,4.5,8.5,-14.5,0.0,2,1,PR,sports_leisure,121
2c9005d8043aff18b8557ffb7b13cda4,1,1,1,109.9,19.74,109.9,19.74,5.0,7.0,-8.0,0.0,1,1,ES,furniture_decor,0
2c9e548be18521d1c43cde1c582c6de8,126,174,125,6109.44,2493.61,35.111724137931034,14.33109195402299,3.9239766081871346,13.309941520467836,-6.923976608187134,0.16091954022988506,15,5,SP,stationery,324
2cb4700db635baa1c0d4f90ed27b6669,2,2,2,199.8,28.92,99.9,14.46,2.0,16.0,-29.0,0.0,2,1,PR,baby,2
2cb6eb1b7185064167657fa09f541105,6,7,6,1217.9,164.78,173.9857142857143,23.54,4.571428571428571,7.857142857142857,-13.0,0.0,6,4,MG,furniture_decor,163
2cb98e27ce1c18abdb42209b34c382a7,1,1,1,62.49,57.21,62.49,57.21,4.0,19.0,-16.0,0.0,1,1,SP,auto,0
2d20f1cd18725c91147da0791d498022,1,1,1,99.8,19.89,99.8,19.89,5.0,9.0,-8.0,0.0,1,1,PR,housewares,0
2d22fc3089eb907b29ebff50581fb472,3,3,3,317.70000000000005,59.69,105.90000000000002,19.896666666666665,3.6666666666666665,9.333333333333334,-10.666666666666666,0.0,1,1,RJ,home_construction,16
2d2322d842118867781fc737e96d59a1,8,10,8,176.4,104.97,17.64,10.497,4.9,6.7,-6.3,0.1,5,1,SP,health_beauty,78
2d2c62bef4c8ba0dd74e0e228e808539,16,16,16,3749.0,481.48,234.3125,30.0925,4.125,9.9375,-9.3125,0.125,9,4,SP,small_appliances,275
2d34636518ba88f5349b732fcf8ba2e4,1,1,1,150.0,18.63,150.0,18.63,5.0,10.0,-28.0,0.0,1,1,SP,music,0
2d378dbb39815785238c0139c7647fb7,2,2,2,1154.0,300.44,577.0,150.22,5.0,19.0,-18.0,0.0,1,1,SC,furniture_living_room,33
2d42ebcda99fd55f6f4bc2f1ca035d50,10,11,10,921.5,282.47,83.77272727272727,25.679090909090913,4.0,9.272727272727273,-14.545454545454545,0.0,3,2,GO,small_appliances,44
2d50d6282f8aa2257819a77bfaa0efe0,44,45,44,3353.48,798.04,74.52177777777777,17.734222222222222,3.6444444444444444,13.30232558139535,-10.255813953488373,0.08888888888888889,15,3,SP,bed_bath_table,345
2d518637f53161b973e01f56ea4bb88e,13,13,13,1219.8899999999999,319.81,93.8376923076923,24.60076923076923,4.923076923076923,13.307692307692308,-21.615384615384617,0.0,2,1,SP,sports_leisure,108
2d8cfba3fcd3170555941605edaa196a,1,1,1,45.0,10.96,45.0,10.96,5.0,4.0,-14.0,0.0,1,1,SP,books_technical,0
2d9e8987a2ea5cf88dce330249043ff1,2,2,2,239.8,104.37,119.9,52.185,4.5,8.5,-5.5,0.0,2,1,SP,furniture_living_room,15
2dcf93836ae3ce0d7c93e2f10876467a,9,12,9,1443.8,178.64,120.31666666666666,14.886666666666665,4.166666666666667,5.916666666666667,-9.166666666666666,0.16666666666666666,9,2,SP,housewares,45
2dd1fb6f0e42a2243b8a01e40cd41216,4,5,4,845.89,96.84,169.178,19.368000000000002,2.6,15.5,-14.75,0.0,4,1,PR,sports_leisure,61
2dee2ce60de9709b1a24083217181a1f,54,55,54,7784.5,2060.06,141.53636363636363,37.455636363636366,4.363636363636363,13.963636363636363,-17.145454545454545,0.03636363636363636,8,1,MT,perfumery,344
2e0dba2da448400b1c11d7b4b22f32a4,7,13,7,235.87,171.83,18.143846153846155,13.217692307692309,3.769230769230769,8.076923076923077,-15.307692307692308,0.0,5,1,SP,auto,100
2e13c71026e1a39ba5cc1b86dcb679aa,24,28,24,3793.0,517.21,135.46428571428572,18.471785714285716,4.25,9.714285714285714,-14.178571428571429,0.03571428571428571,9,1,SP,sports_leisure,238
2e1a7d075abe038c1b2743005fe42ff1,19,23,18,1396.7,353.85,60.72608695652174,15.384782608695653,3.6956521739130435,14.363636363636363,-6.045454545454546,0.2608695652173913,13,2,SP,health_beauty,340
2e1c9f22be269ef4643f826c9e650a52,167,173,165,12687.68,2434.69,73.33919075144509,14.07335260115607,4.158823529411765,9.293413173652695,-10.502994011976048,0.057803468208092484,72,3,SP,health_beauty,401
2e2f44824ab87a0cb961f68bf4073e7f,1,1,1,48.0,17.93,48.0,17.93,2.0,10.0,-10.0,0.0,1,1,PR,unknown,0
2e3be8a987a30d7544dbbda6861cc14e,18,19,18,4430.84,346.71000000000004,233.2021052631579,18.247894736842106,3.0526315789473686,13.533333333333333,-10.933333333333334,0.05263157894736842,16,1,MG,computers_accessories,526
2e7ea2aafec5835e781b21d6d1faf1f1,7,7,7,528.4,118.22,75.48571428571428,16.888571428571428,4.5,6.714285714285714,-5.285714285714286,0.14285714285714285,4,1,SP,health_beauty,49
2e90cb1677d35cfe24eef47d441b7c87,127,137,124,13894.710000000001,2887.4500000000003,101.42124087591242,21.076277372262776,4.036496350364963,11.64963503649635,-10.751824817518248,0.11678832116788321,22,3,SP,electronics,535
2ea0861cc19e94cad86438c984c52da4,6,6,6,165.6,62.449999999999996,27.599999999999998,10.408333333333333,3.3333333333333335,4.833333333333333,-7.833333333333333,0.0,5,5,SP,housewares,60
2eb70248d66e0e3ef83659f71b244378,202,212,201,42628.61,3231.4900000000002,201.07834905660377,15.242877358490567,2.7139423076923075,17.507614213197968,-10.121827411167512,0.10849056603773585,33,12,SP,watches_gifts,162
2ec6e37d992a95eaddb3369dcbcc76d9,2,2,2,159.8,24.14,79.9,12.07,1.5,9.5,-19.0,0.0,1,1,RS,housewares,49
2ee0a0689f2f6a72f35a7cb6033f6e7e,4,4,3,272.0,52.84,68.0,13.21,4.0,9.0,-11.75,0.0,2,1,SP,fashion_bags_accessories,11
2eeb6531ee027a48d401e72bebdd87d3,3,3,3,38.7,40.0,12.9,13.333333333333334,4.333333333333333,11.333333333333334,-27.333333333333332,0.0,3,1,SP,perfumery,7
2ef086a599b597572aca4433b7ed6b3d,1,1,1,49.0,15.1,49.0,15.1,5.0,11.0,-15.0,0.0,1,1,SC,health_beauty,0
2f09f7d37a97956d11cc1a7cadd5262b,11,12,11,2005.0,463.41,167.08333333333334,38.6175,3.0833333333333335,12.625,-9.875,0.08333333333333333,5,3,SP,sports_leisure,227
2f1e7b90e01d9f086cbcb301c0c3d406,1,1,1,59.0,12.66,59.0,12.66,5.0,7.0,-10.0,0.0,1,1,SC,construction_tools_construction,0
2f3d8b4c9e2ee165075331fea3f3095a,1,1,1,130.0,17.35,130.0,17.35,5.0,12.0,-15.0,0.0,1,1,SC,unknown,0
2f4b0d3b9634b647d4edee577d7ebb7e,10,11,10,337.9,84.41,30.718181818181815,7.673636363636363,4.909090909090909,6.2727272727272725,-7.909090909090909,0.0,3,2,SP,perfumery,42
2f4b9d112bfa44a214bc6cef085d17c8,5,6,5,293.99,119.27000000000001,48.998333333333335,19.878333333333334,4.333333333333333,13.833333333333334,-26.0,0.0,3,3,ES,computers_accessories,191
2f73e04d12cdf0c945ded66bb3fcf6c7,3,3,3,1359.0,101.85,453.0,33.949999999999996,3.3333333333333335,13.0,-17.666666666666668,0.0,3,1,ES,garden_tools,550
2f74af7a0ee5636f12c2336f9fffed47,13,13,13,560.6999999999999,163.76999999999998,43.130769230769225,12.597692307692306,4.3076923076923075,9.307692307692308,-8.76923076923077,0.0,12,3,SP,sports_leisure,169
2f9b7ce230a057a98a9f5df5893ee36c,2,2,2,141.82,30.03,70.91,15.015,4.5,10.0,-6.5,0.0,2,1,SP,housewares,32
2fa13c8bd5705d279f7ed5cc9ec61c68,2,4,2,87.4,61.3,21.85,15.325,5.0,4.5,-10.0,0.0,2,2,SP,perfumery,81
2fb25ab44bdbeae6a4d816e0d0c9d500,5,5,5,683.08,78.21000000000001,136.616,15.642000000000001,4.8,8.0,-19.0,0.0,2,2,RJ,small_appliances,308
2fdde51ad3e12f297da656d4fbd5d0b5,10,10,10,6252.0,622.14,625.2,62.214,4.7,14.88888888888889,-18.0,0.0,3,2,SC,garden_tools,181
2ff6b7bff164ef05590a52734e1296da,7,7,7,1803.59,151.53,257.6557142857143,21.647142857142857,4.714285714285714,11.285714285714286,-15.142857142857142,0.0,6,4,PR,industry_commerce_and_business,190
2ff97219cb8622eaf3cd89b7d9c09824,89,96,89,4476.9,1389.13,46.634375,14.470104166666667,4.541666666666667,8.329787234042554,-9.393617021276595,0.03125,45,14,SP,housewares,189
3076499bbc033a927bf4a8a41bcf7fd4,7,9,7,359.33,124.3,39.925555555555555,13.81111111111111,4.444444444444445,6.555555555555555,-9.777777777777779,0.0,7,2,SP,furniture_decor,110
3078096983cf766a32a06257648502d1,59,64,59,8285.42,1415.48,129.4596875,22.116875,4.203125,11.62295081967213,-12.426229508196721,0.03125,39,11,SP,toys,355
30829ded4523ab9224b93bc49a62c95f,18,31,18,6911.71,638.0,222.9583870967742,20.580645161290324,3.5806451612903225,10.129032258064516,-18.64516129032258,0.03225806451612903,13,1,RS,computers_accessories,225
3092c0b297aacfb4bb6e056ebe13b9b8,19,21,19,1623.9,360.09,77.32857142857144,17.147142857142857,3.5714285714285716,13.176470588235293,-26.941176470588236,0.0,17,7,SP,housewares,161
30a2f535bb48308f991d0b9ad4a8c4bb,71,87,71,4731.3,1084.06,54.38275862068966,12.460459770114943,4.252873563218391,7.9655172413793105,-12.908045977011493,0.034482758620689655,20,1,SP,furniture_decor,537
30a81d8cf85fb2ada1b1b094c9583a95,17,20,17,1245.42,168.1,62.271,8.405,4.85,3.65,-7.6,0.0,7,1,SP,pet_shop,174
30c7f28fd3a5897b2c82d152bb760c17,7,7,7,2178.27,324.89,311.18142857142857,46.41285714285714,1.6666666666666667,20.333333333333332,-2.6666666666666665,0.14285714285714285,5,4,RJ,toys,219
312ba1d77e9c332ef21f9598b7f64cd7,9,10,9,756.0,132.05,75.6,13.205000000000002,2.7,25.285714285714285,4.714285714285714,0.4,4,2,SP,toys,174
31344c16881c08a8a72c6d2eb29918c1,43,43,43,9615.7,2296.92,223.62093023255815,53.416744186046515,4.348837209302325,15.238095238095237,-10.333333333333334,0.046511627906976744,10,1,MG,furniture_decor,570
31561f325664a8a7aba4c8d0c3a9b3db,36,38,36,2702.19,627.17,71.11026315789474,16.504473684210524,4.578947368421052,6.7894736842105265,-9.657894736842104,0.0,25,2,SP,auto,72
318f287a62ab7ac10b703ac37435a231,52,62,50,2517.48,1117.12,40.604516129032255,18.01806451612903,3.870967741935484,11.721311475409836,-9.475409836065573,0.11290322580645161,7,2,SP,bed_bath_table,562
31ae0774c17fabd06ff707cc5bde005f,11,11,11,6719.85,850.82,610.8954545454545,77.34727272727274,4.0,11.454545454545455,-12.363636363636363,0.09090909090909091,9,3,SP,agro_industry_and_commerce,473
31be790e64fc99f8ff48ec2bd18a3104,6,6,6,241.39999999999998,72.28,40.23333333333333,12.046666666666667,4.333333333333333,6.166666666666667,-2.8333333333333335,0.3333333333333333,3,1,SP,housewares,18
31da954dc0855f2495c6310f70a2f931,29,30,29,4583.0,449.71,152.76666666666668,14.990333333333332,4.233333333333333,7.666666666666667,-10.8,0.06666666666666667,14,2,SP,health_beauty,343
31e60bf8d103ce47932a85f5562deb16,1,1,1,181.0,58.04,181.0,58.04,5.0,14.0,-20.0,0.0,1,1,GO,luggage_accessories,0
31eec405c9bb71dec8e2629a92e764fa,5,5,5,256.89,170.24,51.378,34.048,4.6,8.0,-14.4,0.0,5,5,ES,auto,44
323ce52b5b81df2cd804b017b7f09aa7,30,30,30,2554.2,401.47,85.14,13.382333333333333,4.310344827586207,16.655172413793103,-5.655172413793103,0.13333333333333333,14,2,SP,stationery,187
324583d68897f5ddbaf38f6248322176,2,3,2,84.0,43.989999999999995,28.0,14.663333333333332,1.0,25.0,3.0,0.6666666666666666,1,1,SP,furniture_decor,4
325f3178fb58e2a9778334621eecdbf9,36,46,36,981.6999999999999,451.67,21.341304347826085,9.818913043478261,4.456521739130435,5.717391304347826,-12.043478260869565,0.0,13,4,SP,perfumery,326
327b89b872c14d1c0be7235ef4871685,3,3,3,1177.0,81.8,392.3333333333333,27.266666666666666,2.3333333333333335,47.333333333333336,9.0,0.3333333333333333,3,1,AM,telephony,40
3289d8c3eef4873f91ce0b1343c0dd58,1,1,1,199.99,19.28,199.99,19.28,5.0,13.0,-20.0,0.0,1,1,SP,sports_leisure,0
328acb143b4a73aad6bee8e734f5d20d,2,2,2,699.98,34.769999999999996,349.99,17.384999999999998,4.0,11.5,-17.0,0.0,2,2,PR,computers_accessories,4
3296662b1331dea51e744505065ae889,1,1,1,517.8,27.71,517.8,27.71,5.0,3.0,-11.0,0.0,1,1,SP,portateis_cozinha_e_preparadores_de_alimentos,0
32b8764b4ef628b53608fc34011fcc13,36,38,36,8884.0,2970.42,233.78947368421052,78.16894736842106,4.2368421052631575,10.868421052631579,-14.736842105263158,0.02631578947368421,11,1,SC,housewares,168
32e5635e63cb374eb63afdd242fb6134,1,1,1,910.0,17.82,910.0,17.82,5.0,7.0,-5.0,0.0,1,1,RJ,small_appliances,0
32f1bb9dfa65bc7df5c0d9d95a616be4,5,6,5,276.39,55.78,46.065,9.296666666666667,3.4,6.0,-5.4,0.3333333333333333,5,3,SP,housewares,142
32f83ffe11cd40f7adcf4eef171f52d9,1,1,1,29.99,15.1,29.99,15.1,5.0,10.0,-15.0,0.0,1,1,RS,health_beauty,0
32fdd5d44ecb43dfd6a24b9369eca144,8,8,8,479.2,138.68,59.9,17.335,4.375,15.375,-16.75,0.0,5,2,MG,stationery,54
3338e7a0710a195872be80e0d2423867,1,1,1,45.0,20.43,45.0,20.43,1.0,10.6918511755307,-12.0,0.0,1,1,SP,furniture_decor,0
333c4210e76a1aa2ab817b99437e3ff1,2,2,2,335.0,67.43,167.5,33.715,5.0,7.0,-23.5,0.0,2,1,SP,auto,23
3340ef1913fb70d28420f6ceb685c339,32,42,31,6731.15,750.4,160.2654761904762,17.866666666666667,4.333333333333333,15.0,-11.166666666666666,0.023809523809523808,15,1,PR,computers_accessories,308
334cab711dee080b079fa5779b584783,11,26,11,1069.7,351.66999999999996,41.142307692307696,13.52576923076923,4.961538461538462,6.423076923076923,-14.461538461538462,0.0,10,1,SP,furniture_decor,123
33576ec5412fb5905d876f12f33bfde6,31,32,31,2718.0,569.98,84.9375,17.811875,4.125,14.1875,-17.21875,0.03125,1,1,PR,fashion_bags_accessories,346
3361277dc30b7cccdb0c286b24219756,29,42,28,3905.05,635.85,92.97738095238095,15.139285714285714,4.214285714285714,13.357142857142858,-15.023809523809524,0.11904761904761904,18,3,PR,pet_shop,553
3364a91ec4d56c98e44174de954b94f6,6,6,6,3579.94,273.91,596.6566666666666,45.65166666666667,3.8333333333333335,14.333333333333334,-26.0,0.0,4,1,RO,auto,121
33a17d60c64393351ebf1ef860f4e0f2,43,47,43,8152.4800000000005,1279.38,173.45702127659575,27.22085106382979,4.617021276595745,10.127659574468085,-16.106382978723403,0.02127659574468085,11,1,RS,housewares,402
33a6f4b1e7cdc205511e76ba1b6e0186,105,126,104,10295.01,1888.9,81.70642857142857,14.991269841269842,4.357142857142857,8.087301587301587,-13.69047619047619,0.015873015873015872,15,2,SP,bed_bath_table,214
33ab10be054370c254ddfcf0a6253422,4,4,4,213.2,52.33,53.3,13.0825,5.0,5.5,-9.0,0.0,2,1,RJ,health_beauty,66
33ac3e28642ab8bda860a2f693000e78,34,35,34,3661.03,490.09000000000003,104.60085714285715,14.002571428571429,4.228571428571429,8.17142857142857,-13.057142857142857,0.0,18,2,SP,sports_leisure,528
33c51922b6e3c16b24a8f28e5833c99d,18,20,18,6657.87,368.01,332.8935,18.4005,4.277777777777778,14.25,-13.85,0.05,11,4,PR,perfumery,241
33cbbec1e7e1044aaf11d152172c776f,15,16,15,730.67,398.83,45.666875,24.926875,4.6875,7.6875,-16.0625,0.0,9,1,RS,small_appliances,136
33cbda8716511e27e556dff9d8418bf2,5,6,5,507.40000000000003,108.17,84.56666666666668,18.028333333333332,4.833333333333333,12.5,-17.5,0.0,5,3,SC,home_confort,431
33d677f27a69b84051204ee4ae76eaca,9,10,9,165.0,173.49,16.5,17.349,4.6,8.9,-19.9,0.0,5,3,SC,food_drink,125
33dd941c27854f7625b968cc6195a552,5,5,5,6787.5,380.91,1357.5,76.182,4.4,11.2,-19.8,0.0,1,1,ES,housewares,67
33fd411ed63a7c2f9005e3f065d9f85d,1,1,1,24.9,18.23,24.9,18.23,4.0,8.0,-25.0,0.0,1,1,RS,health_beauty,0
34056b8b55c1775a22af2331670a799c,78,78,78,6455.4,1774.49,82.76153846153845,22.749871794871794,4.0,12.493506493506494,-10.922077922077921,0.11538461538461539,58,1,SP,auto,280
340636a908b13bbe0f4fb63fbe1d0c03,5,6,5,823.2,169.95,137.20000000000002,28.325,3.0,7.333333333333333,-10.0,0.0,4,1,SP,pet_shop,69
343e716476e3748b069f980efbaa294e,17,24,15,922.5999999999999,312.1,38.44166666666666,13.004166666666668,4.0,15.347826086956522,-15.782608695652174,0.041666666666666664,6,1,SP,books_general_interest,477
3442033154be05bac582e173ef54fd12,1,1,1,161.0,8.39,161.0,8.39,5.0,3.0,-3.0,0.0,1,1,SP,telephony,0
344223b2a90784f64136a8a5da012e7f,1,1,1,10.9,16.79,10.9,16.79,2.0,32.0,0.0,0.0,1,1,SC,food_drink,0
3442f8959a84dea7ee197c632cb2df15,3,3,3,218.70000000000002,27.9,72.9,9.299999999999999,3.0,12.666666666666666,-6.0,0.3333333333333333,3,1,SP,sports_leisure,116
34675b28b826facfde119785bf287dc1,1,1,1,21.99,15.1,21.99,15.1,4.0,5.0,-16.0,0.0,1,1,PR,auto,0
3481aa57cd91f9f9d3fa1fa12d9a3bf7,25,25,24,1773.03,774.14,70.9212,30.9656,3.88,9.76,-16.88,0.0,7,3,SP,furniture_decor,322
3492e68f37fd1df87f4f2f2ea247f445,8,9,8,787.86,169.4,87.54,18.822222222222223,3.5555555555555554,9.666666666666666,-8.0,0.0,5,3,SP,auto,90
34a557286ead8fe75c989e0afcf7d98c,4,4,4,414.9,58.56,103.725,14.64,4.75,7.75,-11.25,0.0,2,1,SP,health_beauty,95
34aefe746cd81b7f3b23253ea28bef39,1,1,1,8.0,14.52,8.0,14.52,1.0,10.6918511755307,-12.0,0.0,1,1,PR,food_drink,0
34d1ca11b242c0fee2c834ae8d788566,40,41,40,13422.24,982.04,327.3717073170732,23.95219512195122,4.3,12.634146341463415,-14.024390243902438,0.0,4,1,MG,computers_accessories,523
34f563c82a85b99ae9e6d60db5fc2e28,8,8,8,2332.3,246.2,291.5375,30.775,4.625,10.125,-12.625,0.0,4,3,RS,musical_instruments,115
3504c0cb71d7fa48d967e0e4c94d59d9,53,53,53,2349.94,687.37,44.338490566037734,12.969245283018868,4.415094339622642,6.943396226415095,-10.79245283018868,0.0,14,6,SP,cool_stuff,124
35281d148dcf7134bae913c57db4e6da,1,1,1,119.99,17.03,119.99,17.03,5.0,5.0,-22.0,0.0,1,1,SP,housewares,0
353e21e8bf8de2722b4fae1636664b76,4,4,4,208.0,91.89,52.0,22.9725,2.5,8.75,-17.25,0.0,2,1,RS,auto,109
35857757f553273b1056c1cabdace7fb,6,6,6,454.6,118.74000000000001,75.76666666666667,19.790000000000003,4.0,17.666666666666668,-5.833333333333333,0.16666666666666666,6,1,SP,auto,246
3586b8580d9c917874e053a1bb37b5ff,36,43,36,1524.7,827.65,35.45813953488372,19.24767441860465,4.441860465116279,13.674418604651162,-17.0,0.046511627906976744,5,2,SP,stationery,464
35b96509602ec4b7da831b5cd73ff2c2,2,2,2,558.9,47.55,279.45,23.775,4.5,8.5,-14.0,0.0,2,1,RS,sports_leisure,87
35ef5aa32949680f627efec3c23e705c,4,5,4,361.59999999999997,156.81,72.32,31.362000000000002,3.2,11.2,-17.2,0.0,3,1,SC,musical_instruments,105
35fb511489d9ee3ee27a76debce9df06,7,7,7,414.5,172.29000000000002,59.214285714285715,24.612857142857145,3.5714285714285716,16.428571428571427,-10.571428571428571,0.14285714285714285,4,1,PR,pet_shop,410
3606774ec64634822d78dc2db6d37045,2,2,2,299.8,45.400000000000006,149.9,22.700000000000003,3.0,15.0,-35.0,0.0,2,1,SP,garden_tools,112
365e445f796710c3431557e85caa25db,4,5,4,1115.0,79.3,223.0,15.86,4.4,9.2,-15.6,0.0,4,2,SP,unknown,134
365e4bce19bda0082c3d15d83fdb8bcd,6,7,6,796.4,98.61999999999999,113.77142857142857,14.088571428571427,4.714285714285714,10.857142857142858,-12.428571428571429,0.0,6,2,SP,sports_leisure,158
36890be00bbfc1cdb9a4a38a6af05a69,13,13,13,1361.3,239.57999999999998,104.71538461538461,18.429230769230767,4.230769230769231,8.923076923076923,-11.615384615384615,0.15384615384615385,5,3,SP,baby,75
36a968b544695394e4e9d7572688598f,154,162,154,9482.87,2146.0,58.53623456790124,13.246913580246913,3.632716049382716,10.237179487179487,-12.314102564102564,0.030864197530864196,43,10,SP,computers_accessories,550
36f98ad67cc981f50ce8aed093d5783c,2,2,2,119.4,39.22,59.7,19.61,4.0,5.5,-13.5,0.0,2,1,PR,electronics,7
37303482a42fb700d8d127e70a9cd6c8,2,2,2,148.89,22.490000000000002,74.445,11.245000000000001,3.0,2.0,-15.0,0.0,2,1,SP,toys,2
373ee4a3a775a733770ca3f790b8b9ac,13,22,13,2141.49,290.32,97.34045454545453,13.196363636363635,4.0,10.090909090909092,-9.545454545454545,0.09090909090909091,9,5,RJ,sports_leisure,455
37515688008a7a40ac93e3b2e4ab203f,228,240,228,5986.6,3431.1,24.944166666666668,14.296249999999999,4.084033613445378,14.631799163179917,-8.096234309623432,0.07916666666666666,3,2,SP,consoles_games,370
376a891762bbdecbc02b4b6adec3fdda,57,58,57,6406.23,1287.4,110.45224137931034,22.196551724137933,4.672413793103448,11.706896551724139,-15.310344827586206,0.034482758620689655,13,5,GO,sports_leisure,347
376d67b61dce0c990155286e7ae486a4,1,1,1,94.0,17.91,94.0,17.91,4.0,14.0,-5.0,0.0,1,1,SP,health_beauty,0
3771c85bac139d2344864ede5d9341e3,26,30,26,1433.3,408.96,47.776666666666664,13.632,3.566666666666667,12.3,-8.3,0.13333333333333333,7,2,SP,unknown,201
377bc18334c78dd2f1535ef22a3ad225,1,1,1,135.98,88.46,135.98,88.46,5.0,9.0,-13.0,0.0,1,1,PR,garden_tools,0
3785b653b1b82de85ab47dd139938091,21,24,20,1552.0,481.27,64.66666666666667,20.052916666666665,4.75,10.958333333333334,-19.25,0.0,7,1,PR,housewares,342
37be5a7c751166fbc5f8ccba4119e043,272,281,268,55350.55,6083.33,196.97704626334522,21.648861209964412,4.317689530685921,10.16906474820144,-13.571942446043165,0.02491103202846975,9,2,SP,bed_bath_table,383
37ceb404da208418c9032f0674e57804,1,3,1,204.93,69.17999999999999,68.31,23.06,1.0,10.6918511755307,-12.0,0.0,1,1,SP,furniture_decor,0
37dd29b36c458d82f74a953c40c43645,7,8,7,4536.99,479.44,567.12375,59.93,4.0,18.5,-9.625,0.125,5,1,SP,home_construction,231
38102b031c2a15e54623d711bfc753d3,9,11,9,457.0,352.41,41.54545454545455,32.03727272727273,3.6363636363636362,21.1,-14.6,0.0,5,3,CE,furniture_decor,369
381c83fdca332ea6afd896da20bf6e4a,46,46,46,7355.8,999.21,159.90869565217392,21.72195652173913,4.391304347826087,12.26086956521739,-15.847826086956522,0.021739130434782608,37,2,PR,watches_gifts,361
3820c6537b3853be1a0687d5a60807ec,1,1,1,25.0,10.96,25.0,10.96,4.166666666666667,10.6918511755307,-12.0,0.0,1,1,SP,food_drink,0
382229d1e840115ffe3dbf5ff460e417,46,49,46,4096.96,869.66,83.61142857142858,17.748163265306122,4.26530612244898,8.520833333333334,-10.416666666666666,0.061224489795918366,24,9,RJ,housewares,127
385799a1cddbd26dfeb9157356a42282,5,7,5,633.93,82.61,90.56142857142856,11.801428571428572,4.285714285714286,5.833333333333333,-14.666666666666666,0.0,4,2,SP,sports_leisure,165
38874e327ce94d11390b96eb42d61928,6,6,6,3779.94,378.49,629.99,63.08166666666667,4.0,19.5,-11.666666666666666,0.16666666666666666,2,1,SP,office_furniture,384
389e45560e33d2d0747f949dcddbc08e,1,1,1,39.0,8.43,39.0,8.43,5.0,3.0,-7.0,0.0,1,1,SP,auto,0
38af8acfd46ac4a7bf754e8ca6736664,5,5,5,345.0,52.94,69.0,10.588,4.8,6.0,-14.2,0.0,2,1,SP,cool_stuff,78
38e679b9e0064cd94c6f035707344dae,28,30,28,3694.5099999999998,723.59,123.15033333333332,24.119666666666667,3.9310344827586206,10.75,-16.857142857142858,0.03333333333333333,12,2,PR,sports_leisure,480
38e6dada03429a47197d5d584d793b41,7,12,6,596.14,206.91,49.678333333333335,17.2425,3.3333333333333335,12.416666666666666,-7.333333333333333,0.0,8,2,SP,unknown,52
38f276ca6e7cc95a6d1bb55ac9e5550f,1,1,1,24.99,11.85,24.99,11.85,5.0,5.0,-14.0,0.0,1,1,SP,unknown,0
3903c788ded8dc03b5ebab37a2f3e9a1,5,5,5,119.97999999999999,51.269999999999996,23.996,10.254,4.0,10.0,-5.6,0.2,4,2,SP,health_beauty,72
391bbd13b6452244774beff1824006ed,2,2,2,127.8,35.4,63.9,17.7,1.0,44.0,24.0,0.5,1,1,SP,sports_leisure,28
391fc6631aebcf3004804e51b40bcf1e,526,613,523,39951.95,10190.88,65.17446982055465,16.62460032626427,3.961348684210526,13.8,-11.71404958677686,0.07830342577487764,131,3,SP,furniture_decor,688
392353362d22cc2c236e1ee81ff19890,5,10,5,288.7,191.97,28.869999999999997,19.197,4.6,7.7,-14.6,0.0,3,2,SC,construction_tools_construction,130
392e0502231ae2f8b29994ef6398cd77,20,20,20,1871.7,355.89,93.58500000000001,17.7945,4.157894736842105,17.058823529411764,-7.9411764705882355,0.1,12,1,SP,health_beauty,554
392f7f2c797e4dc077e4311bde2ab8ce,2,2,2,52.0,36.56,26.0,18.28,5.0,5.0,-8.0,0.0,1,1,RN,auto,0
3935fe5fe0f82787a9dcb8deb62be09d,16,17,16,1681.69,419.65999999999997,98.92294117647059,24.685882352941174,3.9411764705882355,10.470588235294118,-10.647058823529411,0.11764705882352941,8,3,SP,computers_accessories,129
3968920b9aa752ab98f7d5888c9252f2,8,10,8,523.3,157.71,52.33,15.771,4.1,8.1,-13.6,0.1,8,4,SP,housewares,94
3969863bb8af7f72580b3b1ffd3a17b3,12,13,12,623.15,226.87,47.934615384615384,17.451538461538462,4.0,9.384615384615385,-11.538461538461538,0.0,5,4,SP,sports_leisure,262
397c4d0c005b6f41f90098ac724e28cb,5,5,5,8177.0,445.37,1635.4,89.074,4.4,15.8,-5.8,0.4,4,4,SP,small_appliances,116
3985a3c45be355a4c57fde108bfabd1c,7,8,7,344.2,172.0,43.025,21.5,4.125,10.375,-17.875,0.0,5,1,RS,consoles_games,143
3986c0b54f6b748b75e7bd4e092aa3e5,1,1,1,24.99,15.28,24.99,15.28,5.0,6.0,-12.0,0.0,1,1,PR,perfumery,0
398cb257329ef7af7f1943a8974a3cbc,1,1,1,145.9,15.47,145.9,15.47,5.0,7.0,-18.0,0.0,1,1,BA,drinks,0
39a5005f2605cbdb4f9ac14485cabfd1,3,8,3,501.07,232.59,62.63375,29.07375,5.0,10.25,-14.125,0.0,3,1,SP,auto,38
39c763cca83e654764b7a4a650fb9b7c,11,11,10,761.0,223.21,69.18181818181819,20.291818181818183,3.8181818181818183,13.0,-6.818181818181818,0.18181818181818182,4,2,GO,sports_leisure,315
39d54ff918774174706fb065d7f9dc07,23,25,23,1593.59,363.4,63.743599999999994,14.536,3.8,14.666666666666666,-12.375,0.08,16,1,SP,auto,240
39d61be7a92eb77b7da367bd4845bc0e,7,14,7,700.59,209.03,50.042142857142856,14.930714285714286,4.214285714285714,10.214285714285714,-11.142857142857142,0.0,6,1,SP,furniture_decor,138
39f776d2974049026ff531fc42ef2a3e,3,4,3,1084.04,90.37,271.01,22.5925,4.0,15.0,-21.75,0.0,3,1,GO,construction_tools_safety,103
3a1a1fec38dd360f15fc912e821e169d,15,15,15,2007.38,371.25,133.82533333333333,24.75,3.8666666666666667,14.133333333333333,-5.2,0.26666666666666666,12,1,SP,auto,189
3a3c180dd702a725bd0ba4117689239e,1,1,1,41.9,35.48,41.9,35.48,4.0,13.0,-7.0,0.0,1,1,PR,pet_shop,0
3a3e46d10f74d8a6ca76e2b538f106a0,3,6,3,334.9,75.08,55.81666666666666,12.513333333333334,4.166666666666667,15.4,-20.8,0.0,3,1,SP,food_drink,175
3a4127e1ba7208ea37044c5092aae170,6,6,6,2219.6,91.35000000000001,369.93333333333334,15.225000000000001,3.5,11.4,-13.8,0.0,3,2,SP,telephony,119
3a490ba60afa30ece0e7d50cfe74a4f0,8,8,8,1529.2,165.87,191.15,20.73375,4.625,11.625,-13.0,0.0,3,1,MG,fashion_bags_accessories,249
3a52d63a8f9daf5a28f3626d7eb9bd28,1,1,1,35.0,17.78,35.0,17.78,1.0,6.0,-41.0,0.0,1,1,SP,sports_leisure,0
3a734b715d333a2588a3d54a0c9b8746,18,24,18,2463.52,395.64,102.64666666666666,16.485,4.208333333333333,11.19047619047619,-12.80952380952381,0.041666666666666664,10,7,SP,telephony,163
3a79f35a2344ede41af21267f61d5ec6,1,1,1,186.0,31.71,186.0,31.71,1.0,14.0,-8.0,0.0,1,1,SP,unknown,0
3aa3c89ae3cd482385568be76120f63c,1,1,1,29.9,19.04,29.9,19.04,4.0,10.0,-8.0,0.0,1,1,GO,auto,0
3ab971ce71839580d2ae5b4e40fe8044,36,38,36,5002.900000000001,896.15,131.65526315789475,23.582894736842103,3.888888888888889,6.351351351351352,-12.135135135135135,0.05263157894736842,9,2,SP,housewares,77
3ac588cd562971392504a9e17130c40b,1,1,1,11.9,7.39,11.9,7.39,5.0,7.0,-6.0,0.0,1,1,SP,fashion_bags_accessories,0
3ade81dab5a172b88e1871c28ae05260,30,32,30,5751.6,1551.3899999999999,179.7375,48.480937499999996,4.064516129032258,13.2,-10.5,0.09375,10,2,SP,furniture_bedroom,323
3afc536624bc2e65bddfb5db33cc01f3,6,6,6,312.0,107.07000000000001,52.0,17.845000000000002,3.5,9.5,-9.5,0.0,1,1,MG,electronics,139
3b15288545f8928d3e65a8f949a28291,104,121,104,14061.789999999999,2451.9,116.21314049586776,20.263636363636365,3.8916666666666666,13.796610169491526,-11.822033898305085,0.06611570247933884,46,3,SP,bed_bath_table,509
3b18f9856c6eb2413eafedb58e9eecd9,1,1,1,315.0,20.09,315.0,20.09,5.0,9.0,-17.0,0.0,1,1,SP,construction_tools_lights,0
3b872fd4747f01cc56206f2934198618,25,27,25,2726.7400000000002,1116.37,100.99037037037039,41.34703703703703,3.888888888888889,14.0,-9.074074074074074,0.14814814814814814,13,1,SP,bed_bath_table,266
3bb32fedaa74e4ad20f4ce067733bd31,2,3,2,103.69999999999999,58.86,34.56666666666666,19.62,4.666666666666667,5.333333333333333,-10.333333333333334,0.0,2,1,SC,sports_leisure,2
3bb548e3cb7f70f28e3f11ee9dce0e59,46,53,46,7690.02,896.79,145.09471698113208,16.92056603773585,3.981132075471698,10.245283018867925,-17.867924528301888,0.0,22,1,PR,computers_accessories,521
3bdff180c7e1f6551a643b99c265a120,59,61,57,3114.9,1046.96,51.06393442622951,17.163278688524592,4.016666666666667,9.827586206896552,-12.362068965517242,0.03278688524590164,17,1,SP,computers_accessories,439
3be5841cdcc46de4ed3f9116f104b2c5,4,4,4,599.6,88.35,149.9,22.0875,4.75,7.5,-25.75,0.0,4,3,SP,construction_tools_construction,19
3be634553519fb6536a03e1358e9fdc7,83,99,82,5370.95,1855.7,54.2520202020202,18.744444444444444,3.9292929292929295,9.326315789473684,-10.778947368421052,0.06060606060606061,39,6,SP,housewares,414
3bfad056cf05c00dabe2f895925d83b1,1,5,1,206.64999999999998,46.7,41.33,9.34,1.0,10.6918511755307,-12.0,0.0,1,1,SP,unknown,0
3bfba5a77604f6dfae7e6dd7aaf65821,4,4,4,2095.5,122.69,523.875,30.6725,5.0,8.75,-8.75,0.0,4,1,PR,health_beauty,12
3c010235b7345c92f125d14ee232a76b,15,15,15,3578.0,427.32,238.53333333333333,28.488,4.666666666666667,10.533333333333333,-9.133333333333333,0.0,6,1,PR,pet_shop,43
3c03b12bab54d8b37d79d914bfdb1aa0,37,43,37,4236.34,683.43,98.51953488372094,15.893720930232558,3.880952380952381,13.279069767441861,-8.813953488372093,0.16279069767441862,12,2,RJ,sports_leisure,243
3c3017960b2dbd72711a61f0400aab8f,10,10,10,968.8000000000001,254.09,96.88000000000001,25.409,4.0,11.88888888888889,-21.333333333333332,0.0,4,3,SC,furniture_decor,74
3c487ae8f8d7542beff5788e2e0aea83,30,33,27,9385.699999999999,719.65,284.4151515151515,21.80757575757576,3.909090909090909,13.090909090909092,-11.06060606060606,0.030303030303030304,11,1,DF,fashion_bags_accessories,372
3c4e0452bff7a2a788179488d3d77032,32,36,32,3746.4,606.12,104.06666666666666,16.836666666666666,3.742857142857143,13.11111111111111,-15.61111111111111,0.027777777777777776,10,2,PR,toys,108
3c7c4a49ec3c6550809089c6a2ca9370,141,160,140,4033.6400000000003,1824.66,25.210250000000002,11.404125,3.70625,9.348101265822784,-9.436708860759493,0.05625,24,1,SP,perfumery,348
3c88ed2e76a2247933a15daa7161eb1c,1,1,1,155.0,151.2,155.0,151.2,5.0,19.0,-9.0,0.0,1,1,SP,pet_shop,0
3ca08eeb8d5595949fed424bd3677742,14,14,14,1768.8700000000001,466.23,126.34785714285715,33.30214285714286,4.428571428571429,9.846153846153847,-14.384615384615385,0.0,7,1,PR,toys,241
3cfa1358a6caa965278721344c8d76f2,5,5,5,3140.2799999999997,81.25,628.0559999999999,16.25,4.8,5.6,-16.0,0.0,4,2,SP,home_construction,56
3d01d1c414c44b5943a09619ff3853cb,5,5,5,402.6,82.33999999999999,80.52000000000001,16.467999999999996,3.8,13.5,-14.0,0.0,2,1,SP,baby,280
3d0cd21d41671c46f82cd11176bf7277,9,11,9,447.8,174.57999999999998,40.70909090909091,15.87090909090909,4.7272727272727275,12.454545454545455,-12.090909090909092,0.0,6,4,SC,cool_stuff,362
3d2400ac620cffa23ac81bd192f7f555,1,1,1,105.0,8.9,105.0,8.9,5.0,7.0,-1.0,0.0,1,1,SP,costruction_tools_tools,0
3d2531eccfbde1d7c8db7a3a12fb267a,10,10,10,1999.54,213.06,199.954,21.306,4.222222222222222,9.6,-14.0,0.0,2,1,MG,health_beauty,117
3d290fe363c60a77498c1126fd3fb8d3,3,3,3,198.98,35.06,66.32666666666667,11.686666666666667,4.333333333333333,7.0,-12.666666666666666,0.0,2,1,SP,computers_accessories,83
3d39fbf22a665714baf62fae36029e23,8,8,8,2504.2,130.63,313.025,16.32875,4.75,8.0,-13.375,0.0,4,2,SP,sports_leisure,314
3d3ccf2b2f8134b10dce9dd446f0e075,3,3,3,608.6,141.93,202.86666666666667,47.31,3.3333333333333335,16.333333333333332,-4.666666666666667,0.3333333333333333,3,1,SP,bed_bath_table,50
3d4824f20035949c710eaf111f869d39,9,10,9,1041.04,173.54,104.104,17.354,3.9,8.666666666666666,-16.88888888888889,0.2,8,7,SP,music,79
3d49bfdd1b43a7fe169b3740067acc61,3,3,3,215.0,61.82,71.66666666666667,20.606666666666666,4.666666666666667,8.333333333333334,-20.333333333333332,0.0,2,1,MG,construction_tools_construction,53
3d4b1ae7539303b5704493798893e82c,6,9,6,1076.0,145.69,119.55555555555556,16.18777777777778,4.666666666666667,11.222222222222221,-10.444444444444445,0.0,6,2,SP,musical_instruments,83
3d5d0dc7073a299e31fa718ce1bc00b6,23,24,23,790.7,387.43,32.94583333333333,16.142916666666668,4.166666666666667,7.863636363636363,-13.090909090909092,0.08333333333333333,8,6,RJ,health_beauty,54
3d621842b2ed28e2b474132480edac3c,10,10,10,928.9100000000001,151.79,92.891,15.178999999999998,3.9,9.25,-11.875,0.0,5,1,SP,auto,210
3d62f86afa7c73be2628a3be1423f5a0,2,2,2,12.0,42.42,6.0,21.21,4.0,16.5,-21.0,0.0,1,1,SP,books_general_interest,27
3d68c634a99a1ba46dbca3967a69c623,2,2,2,594.0,263.7,297.0,131.85,5.0,9.0,-7.5,0.0,1,1,SC,cool_stuff,10
3d700782d7818f2c1e0d7a9e9d75fc00,3,3,3,149.7,85.41,49.9,28.47,3.6666666666666665,25.333333333333332,-2.6666666666666665,0.3333333333333333,1,1,SP,pet_shop,78
3d871de0142ce09b7081e2b9d1733cb1,1080,1147,1074,94914.2,22433.51,82.74995640802092,19.558421970357454,4.113656387665198,12.956675508399647,-13.117595048629532,0.05405405405405406,202,6,SP,stationery,538
3d8fa2f5b647373c8620330c4e077a9f,43,48,43,3571.73,818.82,74.41104166666666,17.05875,4.1022727272727275,8.872340425531915,-13.23404255319149,0.020833333333333332,11,6,SP,garden_tools,107
3da38366e7bd9baf6369071f782ecdf0,1,1,1,59.47,26.96,59.47,26.96,1.0,53.0,6.0,1.0,1,1,CE,auto,0
3db66a856d18a9cba7c9241fc5221c50,94,97,93,9478.300000000001,2044.36,97.71443298969074,21.075876288659792,4.185567010309279,15.360824742268042,-11.927835051546392,0.10309278350515463,38,6,MG,sports_leisure,487
3dbbce181edfaa4a597ec858c382d2ec,17,20,17,848.3,440.27,42.415,22.0135,4.35,13.8,-10.5,0.05,13,3,PR,books_general_interest,238
3dc69bf2c42f0568a5c4791ec3fd3745,2,2,2,300.0,34.43,150.0,17.215,4.0,26.0,-1.0,0.0,1,1,SP,health_beauty,94
3ded4e2d5f135cb103e5949d7263d2dd,1,1,1,49.9,12.48,49.9,12.48,5.0,5.0,-17.0,0.0,1,1,MG,computers_accessories,0
3df020b72d3d44b3af9d110fa3940b65,55,101,53,5039.9,1709.57,49.9,16.926435643564357,3.9504950495049505,12.346534653465346,-10.92079207920792,0.09900990099009901,13,1,SP,furniture_decor,401
3dfd3dc96f7f8598eca74e9ac8a2fa31,6,6,6,183.0,75.7,30.5,12.616666666666667,4.0,11.833333333333334,-10.166666666666666,0.16666666666666666,6,4,SP,housewares,215
3e35a8bb43569389d3cebef0ce820f69,1,2,1,55.8,28.88,27.9,14.44,5.0,7.0,-10.0,0.0,1,1,SP,drinks,0
3e46a38ee171c503c3b4a3f23fe3bf0c,1,1,1,59.9,9.11,59.9,9.11,5.0,4.0,-9.0,0.0,1,1,SP,health_beauty,0
3e51f9cbe317bc3a88f2c76583811ee4,1,1,1,76.09,8.69,76.09,8.69,5.0,8.0,-6.0,0.0,1,1,SP,health_beauty,0
3e8bd881d92466e63ba9e3e809cd3c50,9,10,9,2242.28,207.97,224.228,20.797,4.222222222222222,14.444444444444445,-7.555555555555555,0.3,8,4,RJ,electronics,68
3ea00e1dea2b0659dbaf654735929220,7,7,7,505.0,144.97,72.14285714285714,20.71,4.857142857142857,10.714285714285714,-20.285714285714285,0.0,2,1,PR,cool_stuff,385
3ea08c48e851106d2f584349daba335f,1,1,1,170.0,22.94,170.0,22.94,4.0,6.0,-16.0,0.0,1,1,MG,baby,0
3ef37b7ca6dd2b80bd8af81a62504996,2,2,2,700.0,40.97,350.0,20.485,4.5,14.0,-8.0,0.0,2,1,SP,cool_stuff,182
3f0e48d209018b466fcd3bb4ccfeb520,9,10,9,5399.0,255.79999999999998,539.9,25.58,3.9,9.3,-17.0,0.0,3,1,PR,pet_shop,172
3f2af2670e104d1bcb54022274daeac5,6,7,6,973.6,360.58,139.0857142857143,51.51142857142857,3.5714285714285716,18.571428571428573,-19.571428571428573,0.14285714285714285,5,1,PR,furniture_decor,232
3f3486b61f45078d4f31ee5e43d8c5bb,40,40,40,3829.73,896.84,95.74325,22.421,4.325,13.461538461538462,-10.333333333333334,0.1,12,3,SP,luggage_accessories,255
3f8034bfc6b8b4135534975d49f04c63,12,16,12,1313.9,280.61,82.11875,17.538125,3.0625,10.142857142857142,-17.785714285714285,0.0,8,2,PR,baby,126
3f8247d0f772ffa58560e5c682521ad5,1,1,1,139.9,18.55,139.9,18.55,3.0,10.6918511755307,-12.0,0.0,1,1,SC,signaling_and_security,0
3f84fefc07dc159b268d4a77d3e8c425,3,3,3,200.6,51.32,66.86666666666666,17.106666666666666,5.0,7.666666666666667,-20.666666666666668,0.0,3,1,PR,health_beauty,53
3f995f07c49d0d55a99d5c54957f7d81,43,43,43,3955.7,671.5,91.99302325581395,15.616279069767442,4.209302325581396,9.116279069767442,-12.116279069767442,0.023255813953488372,3,2,SP,auto,494
3f9be91358837bff69df67edfa3e42e8,7,7,7,569.7,132.36,81.38571428571429,18.90857142857143,4.428571428571429,9.428571428571429,-19.142857142857142,0.0,4,1,PR,pet_shop,43
3f9c56764fabca627406093dcb3ef0b4,7,7,7,909.3000000000001,105.64999999999999,129.9,15.092857142857142,4.714285714285714,8.0,-11.142857142857142,0.0,3,1,RJ,sports_leisure,92
3fac58ce0ad699020c7944d53c41329c,10,16,10,1244.95,183.02,77.809375,11.43875,4.5625,3.5,-6.9375,0.0,13,2,SP,construction_tools_lights,81
3fadb4cba4c35bce6a7eaf9872d5623a,3,5,3,209.5,68.02000000000001,41.9,13.604000000000003,3.2,8.4,-22.0,0.0,1,1,RS,health_beauty,54
3faf68a3b0af94b10bac70d86077be49,7,7,7,1322.93,119.16,188.99,17.02285714285714,4.571428571428571,15.571428571428571,-30.428571428571427,0.0,3,1,SP,unknown,86
3fd1e727ba94cfe122d165e176ce7967,37,38,37,2805.2000000000003,589.22,73.82105263157895,15.505789473684212,3.8157894736842106,15.166666666666666,-8.805555555555555,0.18421052631578946,12,1,SP,sports_leisure,123
3fe7120d6257285ac6a3ce7cb071ccec,2,2,2,199.98,28.28,99.99,14.14,3.5,9.0,-16.0,0.0,1,1,MG,health_beauty,5
3febca52652e7209509ccfe61cbde40e,2,2,2,84.0,16.9,42.0,8.45,2.0,10.6918511755307,-12.0,0.0,1,1,SP,health_beauty,6
3fefda3299e6dfaea3466ef346a3571a,1,1,1,209.0,16.21,209.0,16.21,4.0,6.0,-18.0,0.0,1,1,PR,electronics,0
4003520d80d0bad1d5623f7aa3c63cda,1,1,1,70.0,16.74,70.0,16.74,1.0,17.0,-5.0,0.0,1,1,RJ,baby,0
400f221ab83037c0ea78f1267da9624d,1,1,1,865.0,20.8,865.0,20.8,4.166666666666667,10.6918511755307,-12.0,0.0,1,1,SP,telephony,0
402916f742e5c740cc751493d9cf5053,9,10,9,1252.0,226.43,125.2,22.643,4.7,5.9,-19.1,0.0,5,3,MG,health_beauty,18
403aa86912527d730337ffcb0fb096ab,11,11,11,8959.89,204.62,814.5354545454545,18.60181818181818,4.0,10.636363636363637,-12.0,0.0,6,6,MG,telephony,289
4049512728d969bec69f84088b012416,7,9,7,389.84,160.43,43.315555555555555,17.825555555555557,5.0,10.555555555555555,-17.77777777777778,0.0,7,2,MG,sports_leisure,283
404e1ba01358af4cd63f679b2c4d1fa1,8,12,8,373.9,177.82999999999998,31.15833333333333,14.819166666666666,5.0,7.166666666666667,-19.666666666666668,0.0,7,3,MG,pet_shop,360
40536e7ca18e1bce252828e5876466cc,2,4,2,463.96,499.04,115.99,124.76,1.0,10.6918511755307,-12.0,0.0,1,1,SP,cool_stuff,5
406740ee611378a662d274c7d8c43c4a,8,10,8,1790.0,182.08,179.0,18.208000000000002,4.1,15.7,-6.5,0.2,2,2,ES,fixed_telephony,35
406822777a0b9eb5c50e442dd4cd3ec5,45,47,45,3648.08,948.26,77.61872340425532,20.175744680851064,4.326086956521739,13.130434782608695,-10.608695652173912,0.10638297872340426,19,2,SP,toys,296
4091f77d8c768fc3e81c20761471761d,8,8,8,1079.0,230.87,134.875,28.85875,2.75,17.5,-5.375,0.25,6,1,SP,baby,212
40d54b51e962dbe09cabbcfd33298dee,30,31,30,6785.5599999999995,537.69,218.8890322580645,17.344838709677422,3.903225806451613,6.709677419354839,-12.483870967741936,0.0,13,3,SP,health_beauty,412
40db9e9aa57f7bb151bcda6b0f9bdbb7,12,12,12,23168.0,655.99,1930.6666666666667,54.66583333333333,2.3636363636363638,14.416666666666666,-15.5,0.08333333333333333,9,1,PE,auto,189
40ec8ab6cdafbcc4f544da38c67da39a,2,2,2,117.8,39.2,58.9,19.6,5.0,6.0,-13.5,0.0,1,1,PR,housewares,8
411f3b52d857390502ee4e4d5ceabc2d,21,30,21,1804.01,378.71,60.13366666666666,12.623666666666667,4.2592592592592595,8.2,-7.033333333333333,0.06666666666666667,13,4,SP,construction_tools_construction,134
4125d9385a25e82d2f72d3a0fd55bc3f,1,1,1,42.9,18.4,42.9,18.4,5.0,8.0,-4.0,0.0,1,1,SP,housewares,0
412a4720f3e9431b4afa1476a1acddbe,21,22,20,2058.1,511.06,93.55,23.23,4.2727272727272725,10.090909090909092,-9.863636363636363,0.045454545454545456,8,3,SP,sports_leisure,337
4170f6a9367e6b5d6401d03ce6d54569,4,5,4,568.78,93.03,113.756,18.606,4.2,21.6,-2.4,0.2,3,2,DF,computers_accessories,60
417a1e6c7321084d2a0ae0d023cfad93,1,1,1,48.9,12.48,48.9,12.48,5.0,6.0,-17.0,0.0,1,1,RS,housewares,0
41958cbd3335433c8740300e8cd600d5,1,1,1,32.99,7.39,32.99,7.39,5.0,4.0,-11.0,0.0,1,1,SP,small_appliances,0
41ab63a91b8b264e8c8780368bf1dd5b,12,13,12,2571.95,302.27,197.84230769230768,23.25153846153846,4.230769230769231,17.307692307692307,-22.307692307692307,0.0,9,7,MG,small_appliances,279
41b14765bd56c8ad10971074380f9c0c,8,10,8,395.5,119.13,39.55,11.913,4.1,6.6,-15.1,0.0,2,1,SP,computers_accessories,130
41b39e28db005d9731d9d485a83b4c38,195,231,193,17112.55,3930.36,74.08030303030303,17.014545454545456,4.138528138528138,12.0,-18.41255605381166,0.04329004329004329,132,5,SP,bed_bath_table,577
41b86b552e54e3a7009596125aa8b167,10,11,10,1595.3,234.61,145.02727272727273,21.328181818181818,4.363636363636363,15.090909090909092,-18.0,0.0,11,1,SP,sports_leisure,20
41c2bad7229b0c25e6becf179ebf63ff,20,23,20,782.0,189.92,34.0,8.257391304347825,4.956521739130435,4.304347826086956,-16.043478260869566,0.0,4,1,RN,books_general_interest,234
41c9d3997dd3c072c31139dc5bb5761f,3,3,3,998.8,111.74000000000001,332.93333333333334,37.24666666666667,4.333333333333333,21.666666666666668,-10.333333333333334,0.0,1,1,MG,stationery,37
41da412d33e8da4f22baf55cb1bde82c,15,21,14,862.9,374.16,41.09047619047619,17.81714285714286,4.714285714285714,8.80952380952381,-19.19047619047619,0.0,10,1,ES,sports_leisure,146
41e0fa5761c886a630994a55c12087e7,5,5,5,423.6,68.31,84.72,13.662,5.0,9.6,-19.6,0.0,2,1,SP,health_beauty,72
4200ddf1967c5e41e48db62bc6d4b5ac,22,42,21,734.8,487.93,17.495238095238093,11.617380952380952,4.243243243243243,8.571428571428571,-11.428571428571429,0.023809523809523808,25,2,SP,bed_bath_table,240
4221a7df464f1fe2955934e30ff3a5a1,5,5,5,849.5,239.54,169.9,47.908,4.8,16.2,-16.6,0.0,1,1,BA,baby,46
422be4cc81a457fdb46f47edeb968ae5,1,1,1,239.9,77.47,239.9,77.47,5.0,18.0,-21.0,0.0,1,1,SP,furniture_decor,0
427165bf50f8ca07efc7bdc2bfcf1688,5,5,5,1603.5,89.4,320.7,17.880000000000003,3.2,38.2,17.8,0.6,3,1,SP,health_beauty,20
42b6488f5b8246d9141712abd4b1b693,2,2,2,247.99,41.81,123.995,20.905,4.0,7.5,-13.0,0.0,2,2,PR,health_beauty,123
42b729f859728f5079499127a9c2ef37,104,132,102,4118.86,1315.21,31.203484848484845,9.963712121212122,4.3538461538461535,7.458015267175573,-7.267175572519084,0.09848484848484848,18,4,SP,health_beauty,225
42bde9fef835393bb8a8849cb6b7f245,35,40,34,7703.0,784.84,192.575,19.621000000000002,4.2,9.41025641025641,-14.307692307692308,0.025,15,3,DF,toys,408
42d4b7e70819438f5ada61c965e92d7e,1,3,1,49.6,51.18,16.533333333333335,17.06,1.0,21.0,-2.0,0.0,2,2,GO,auto,0
42ef3192a9ff87a22d1867b74b3ee205,23,23,23,1354.0900000000001,301.88,58.87347826086957,13.125217391304348,4.6521739130434785,8.91304347826087,-11.043478260869565,0.0,20,4,SP,toys,211
42fa4ee7240e9b8eb4576358ec142ba7,22,22,22,3845.7,518.77,174.80454545454543,23.580454545454543,4.809523809523809,6.454545454545454,-15.681818181818182,0.0,7,3,RS,unknown,155
42fb44130ac3134cde8e35cf8ec7df25,3,3,3,62.699999999999996,36.44,20.9,12.146666666666667,3.6666666666666665,5.5,-14.0,0.0,2,1,SP,fashion_bags_accessories,47
430315b7bb4b6e4b3c978f9dfa9b0558,20,21,20,3118.4,586.23,148.4952380952381,27.915714285714287,4.0,14.0,-13.75,0.047619047619047616,14,9,SP,housewares,208
4305fe92735c8a43d154ff6dd2b8d927,19,21,19,2885.9,428.35,137.42380952380952,20.39761904761905,3.9047619047619047,10.947368421052632,-10.421052631578947,0.0,5,3,MG,sports_leisure,395
431050a06a317f2b38168dec3dcd2b46,12,12,12,1487.8,233.15,123.98333333333333,19.429166666666667,4.25,8.5,-14.1,0.0,7,2,SP,health_beauty,99
431af27f296bc6519d890aa5a05fdb11,117,125,117,13109.5,2141.35,104.876,17.1308,3.774193548387097,16.483870967741936,-7.540322580645161,0.136,20,1,SP,health_beauty,461
4324dd16853115efb0fd9d0d131ba6f4,12,18,12,1052.25,327.22,58.458333333333336,18.178888888888892,4.277777777777778,12.5,-13.944444444444445,0.05555555555555555,6,1,SP,computers_accessories,279
432c37c9dfba871172ec162e20118b8c,46,57,46,2968.87,969.67,52.08543859649123,17.011754385964913,4.175438596491228,15.145454545454545,-11.327272727272728,0.14035087719298245,17,7,DF,cool_stuff,406
432c67955c0acd1fd6b0b5d678766a71,3,3,3,1151.0,137.41,383.6666666666667,45.803333333333335,2.3333333333333335,6.0,-48.0,0.0,3,2,SP,health_beauty,119
43402bdf22aa2310e8f99e2f94f78628,4,5,4,649.95,187.15,129.99,37.43,2.8,15.6,-36.4,0.0,3,2,SP,furniture_bedroom,44
4342d4b2ba6b161468c63a7e7cfce593,20,20,20,2867.1,296.21,143.355,14.8105,1.263157894736842,15.0,-6.5,0.05,3,1,RJ,watches_gifts,213
436bf27f2f18474fc6047702e9f8a866,1,1,1,29.9,14.52,29.9,14.52,5.0,19.0,-10.0,0.0,1,1,SP,baby,0
4371b634e0efc0e22b09b52907d9d469,102,112,101,8194.0,1484.79,73.16071428571429,13.257053571428571,4.405405405405405,10.315315315315315,-10.801801801801801,0.0625,40,4,SP,sports_leisure,423
43753b27d77860f1654aa72e251a7878,1,1,1,23.9,42.38,23.9,42.38,5.0,27.0,-1.0,0.0,1,1,BA,furniture_decor,0
4391ea5c5990502176a1dcda44a2373d,3,5,3,2349.0,135.3,469.8,27.060000000000002,4.8,9.6,-17.4,0.0,3,2,RS,air_conditioning,212
439a47cc365d6e3bd526812ea9de3c29,8,13,8,1186.5,224.43,91.26923076923077,17.263846153846153,4.0,8.0,-12.461538461538462,0.0,5,1,SP,bed_bath_table,317
43a1d4bab73b816e44ef4e4facd9f9b5,1,1,1,189.9,15.5,189.9,15.5,4.0,9.0,-21.0,0.0,1,1,PR,health_beauty,0
43a5d4a57af536fddc96d08be3afdfcb,1,1,1,75.0,24.83,75.0,24.83,1.0,11.0,-18.0,0.0,1,1,MG,home_confort,0
43b2c864251aa0ce4030c746984e088a,2,2,2,94.8,34.52,47.4,17.26,3.0,5.5,-9.0,0.0,2,2,DF,housewares,25
43f8c9950d11ecd03a0304a49e010da6,41,41,41,4249.59,557.63,103.64853658536586,13.600731707317074,4.560975609756097,11.0,-12.292682926829269,0.04878048780487805,21,1,SP,consoles_games,306
44073f8b7e41514de3b7815dd0237f4f,144,153,144,18729.64,3172.29,122.4159477124183,20.73392156862745,3.7565789473684212,12.741721854304636,-15.814569536423841,0.0457516339869281,77,15,DF,health_beauty,531
440dd6ab244315c632130ecfb63827b1,94,95,94,13696.9,2096.31,144.1778947368421,22.06642105263158,3.851063829787234,16.22826086956522,-11.380434782608695,0.12631578947368421,28,2,SP,sports_leisure,669
443d880f15cbd3572885e1d44bf2c478,1,2,1,94.8,30.2,47.4,15.1,2.0,12.0,-14.0,0.0,1,1,SP,furniture_decor,0
4450bd8327d471c4a11a83d1445b1b62,1,1,1,199.0,15.56,199.0,15.56,5.0,7.0,-21.0,0.0,1,1,SP,health_beauty,0
446cc09cdbb130904da114e807dbec40,3,3,3,252.8,54.17,84.26666666666667,18.05666666666667,4.666666666666667,3.6666666666666665,-24.666666666666668,0.0,3,1,SP,party_supplies,89
44717f64ec2a457979cf83c429077666,2,3,2,107.0,63.91,35.666666666666664,21.30333333333333,5.0,5.0,-20.0,0.0,2,1,RS,construction_tools_lights,17
447d377bdb757058acb569025ee18a93,1,1,1,64.99,18.02,64.99,18.02,5.0,18.0,-14.0,0.0,1,1,RS,stationery,0
44ed138eca6214d572ce1d813fb0049b,2,3,2,129.79,56.01,43.26333333333333,18.669999999999998,4.666666666666667,8.0,-7.333333333333333,0.0,2,2,RS,health_beauty,13
44f091b5abab8018f682fce8124b85e5,6,6,6,1680.1,107.60999999999999,280.01666666666665,17.935,2.5,14.666666666666666,-0.3333333333333333,0.3333333333333333,4,1,SP,sports_leisure,63
45213867cefbf2cd4c6177e10216a951,14,14,14,4955.42,433.74,353.9585714285714,30.981428571428573,3.857142857142857,14.285714285714286,-13.285714285714286,0.07142857142857142,9,2,SP,musical_instruments,256
4559697a8f7e637227c2eeaed843baff,42,42,40,3696.0,778.27,88.0,18.530238095238094,4.0476190476190474,12.461538461538462,-12.461538461538462,0.07142857142857142,3,3,SP,home_appliances,497
455befea1bb853c75ccbca94cff26e5c,1,1,1,19.99,22.06,19.99,22.06,3.0,12.0,-38.0,0.0,1,1,RJ,health_beauty,0
455c5640e8c5bd1b2ee85c0158f85727,8,8,8,6729.5,457.39,841.1875,57.17375,4.5,14.625,-22.875,0.0,7,4,SC,musical_instruments,88
455f46ef09a9e45667e2981df84b5cc2,2,2,2,59.8,31.18,29.9,15.59,2.5,13.0,-2.0,0.0,1,1,SP,electronics,0
457fe919b032a3f7dadba6fb92cf7855,9,12,9,1104.89,141.22,92.07416666666667,11.768333333333333,4.833333333333333,5.333333333333333,-6.916666666666667,0.0,8,1,SP,bed_bath_table,95
458c6fa920810ce2492da71bc26d9eec,2,2,2,756.76,105.61,378.38,52.805,2.5,25.0,-10.0,0.0,1,1,SP,health_beauty,9
458d868c9642f55f18f04e951a3fdde6,2,2,2,2718.0,104.75,1359.0,52.375,5.0,17.0,-19.0,0.0,1,1,RS,health_beauty,61
45a3d05fb00435e52a28859dd03703b3,1,1,1,1299.0,24.79,1299.0,24.79,5.0,25.0,-5.0,0.0,1,1,SP,toys,0
45ba18c210d42734ec52c0c1c574e9ee,38,41,38,5589.13,972.96,136.32024390243902,23.730731707317073,3.8292682926829267,6.684210526315789,-12.5,0.04878048780487805,29,9,SP,baby,142
45c20d94d9171b0bcfab3c955e47d67b,4,4,4,129.45999999999998,81.11,32.364999999999995,20.2775,4.5,14.25,-10.5,0.0,4,3,SP,housewares,117
45d33f715e24d15a6ccf5c17b3a23e3c,59,61,59,4838.2300000000005,903.93,79.31524590163936,14.818524590163934,4.049180327868853,10.96551724137931,-11.982758620689655,0.04918032786885246,32,13,SP,computers_accessories,682
461ff5303b6c9c1a4a07f40c5aece516,3,3,3,102.69999999999999,58.73,34.23333333333333,19.576666666666664,3.6666666666666665,6.333333333333333,-16.0,0.0,2,1,PR,health_beauty,141
466222e777149751370e7e98fb623b0c,1,1,1,87.9,17.55,87.9,17.55,5.0,6.0,-9.0,0.0,1,1,RJ,auto,0
4677a5437afda5fa7140b927b07be1cc,11,11,11,3415.7,420.0,310.5181818181818,38.18181818181818,4.363636363636363,12.181818181818182,-14.090909090909092,0.09090909090909091,9,3,PR,auto,117
46dc3b2cc0980fb8ec44634e21d2718e,521,542,521,128111.19,11798.5,236.36750922509225,21.768450184501845,4.181308411214953,11.320610687022901,-12.248091603053435,0.05350553505535055,189,7,RJ,toys,682
46ef1a25845fc051c2998d878354810c,5,5,5,250.41,98.04,50.082,19.608,4.4,16.4,-4.8,0.0,4,2,MG,housewares,337
4736e9d642ef4257cd7622516931eb51,16,20,16,1078.8700000000001,370.90000000000003,53.94350000000001,18.545,4.15,4.5,-14.15,0.0,12,5,SP,air_conditioning,282
47648caee88ccfe951fbb27fbf7b4cbe,3,3,3,1564.99,68.0,521.6633333333333,22.666666666666668,3.6666666666666665,13.333333333333334,-6.0,0.3333333333333333,3,1,SP,auto,48
478bfe564db21eeb44386606aa30b650,3,3,3,182.70000000000002,48.1,60.900000000000006,16.033333333333335,4.666666666666667,13.333333333333334,-13.666666666666666,0.0,3,1,MG,pet_shop,79
47efca563408aae19bb7206c2d969ea9,12,12,12,2522.0,443.32,210.16666666666666,36.943333333333335,4.083333333333333,13.272727272727273,-15.0,0.0,5,1,PI,auto,230
47f55702f598c7c6cc8458b0fbc1c49a,2,2,2,127.5,35.9,63.75,17.95,5.0,17.0,-11.0,0.0,2,1,MG,unknown,45
48162d548f5b1b11b9d29d1e01f75a61,68,91,66,20510.14,2082.03,225.38615384615383,22.879450549450553,3.758241758241758,10.764044943820224,-12.853932584269662,0.01098901098901099,43,7,SP,garden_tools,568
4830e40640734fc1c52cd21127c341d4,210,219,210,9843.47,3126.55,44.94735159817351,14.27648401826484,4.0963302752293576,9.523584905660377,-11.202830188679245,0.045662100456621,54,9,SP,housewares,398
48328ec9a579151d9cc6a86d4a59336c,1,1,1,1099.0,97.78,1099.0,97.78,2.0,21.0,-7.0,0.0,1,1,RS,cool_stuff,0
483ca627d131e18f988349b1655c0acd,1,1,1,264.0,19.73,264.0,19.73,5.0,15.0,-5.0,0.0,1,1,SP,health_beauty,0
48436dade18ac8b2bce089ec2a041202,138,151,138,12271.710000000001,2911.93,81.26960264900663,19.28430463576159,4.046357615894039,13.72108843537415,-10.108843537414966,0.06622516556291391,23,2,SP,cool_stuff,521
485452467ff670447e84a8370c3fc898,3,3,3,175.7,139.74,58.56666666666666,46.580000000000005,4.666666666666667,13.666666666666666,-15.333333333333334,0.0,3,2,SC,unknown,27
4867209cb29b56b92893d7bde3ce8012,1,1,1,150.0,19.15,150.0,19.15,4.0,10.0,-17.0,0.0,1,1,SP,health_beauty,0
4869f7a5dfa277a7dca6462dcf3b52b2,1132,1156,1124,229472.63,20168.07,198.50573529411764,17.446427335640138,4.122822299651568,14.54965156794425,-11.164634146341463,0.1046712802768166,95,10,SP,watches_gifts,535
48985c61529077fa4f1e38bcff0f2ed3,7,7,7,879.3000000000001,148.07,125.61428571428573,21.15285714285714,4.428571428571429,10.0,-21.428571428571427,0.0,2,1,RS,health_beauty,182
48b6c3f4c6a93171da04b75313f2130f,2,2,2,290.26,37.8,145.13,18.9,5.0,24.0,-9.0,0.0,2,1,SP,signaling_and_security,46
48bad451945f5227341793478d6353ea,3,3,3,307.0,77.49000000000001,102.33333333333333,25.830000000000002,4.0,21.666666666666668,-14.666666666666666,0.3333333333333333,2,2,SP,books_general_interest,312
48e5ee06fb2dc74df1c711a9b6dfac2a,1,3,1,57.0,45.3,19.0,15.1,5.0,11.0,-20.0,0.0,1,1,MG,construction_tools_construction,0
48e954b2da4f6a750c844173b347ed40,2,6,2,397.79999999999995,159.01,66.3,26.501666666666665,4.166666666666667,8.0,-28.666666666666668,0.0,2,1,RS,drinks,27
48efc9d94a9834137efd9ea76b065a38,33,34,18,345.6,320.40000000000003,10.164705882352942,9.423529411764706,5.0,10.588235294117647,-24.352941176470587,0.0,17,8,PR,fashion_bags_accessories,33
48fb026ed7455a42f5d3e9390ed5088e,11,11,11,555.71,223.43,50.51909090909091,20.311818181818182,2.6363636363636362,11.222222222222221,-15.11111111111111,0.0,11,1,RJ,auto,193
49067458c68f7701fd334ce326accbe0,17,37,16,1047.6499999999999,573.85,28.314864864864862,15.50945945945946,3.324324324324324,11.64864864864865,-13.972972972972974,0.0,15,2,MG,costruction_tools_garden,324
4917cee8d902e13428c3ec4b1ca6f315,33,33,33,5421.9,1199.6399999999999,164.29999999999998,36.35272727272727,4.15625,17.612903225806452,-9.935483870967742,0.030303030303030304,7,2,SC,home_appliances_2,452
491a5ada3aa1678414e990262c4bbdc1,2,2,2,2840.0,33.81,1420.0,16.905,3.0,6.0,-12.0,0.0,1,1,SP,dvds_blu_ray,29
49383af7ab774e4e8f3000f49c83dc4b,8,12,8,660.0,242.23,55.0,20.18583333333333,4.583333333333333,7.333333333333333,-13.166666666666666,0.0,1,1,SP,bed_bath_table,115
4965a7002cca77301c82d3f91b82e1a9,1,1,1,8.49,7.87,8.49,7.87,5.0,6.0,-13.0,0.0,1,1,SP,pet_shop,0
497709c2976a8fa308730a2dec5b0726,1,2,1,76.0,18.04,38.0,9.02,5.0,5.0,-2.0,0.0,1,1,SP,stationery,0
4978a02ea9c8be7a9b5480680f40334e,18,19,18,2356.61,340.23,124.0321052631579,17.90684210526316,3.5789473684210527,4.947368421052632,-9.947368421052632,0.0,14,4,SP,construction_tools_construction,136
499185655c29ecfdbfe776ef7cf875b5,1,1,1,89.0,17.33,89.0,17.33,4.0,11.0,-34.0,0.0,1,1,RS,bed_bath_table,0
4992e76a42cb3aad7a7047e0d3d7e729,57,74,57,2211.1,1007.47,29.87972972972973,13.614459459459459,3.8378378378378377,7.8493150684931505,-10.575342465753424,0.05405405405405406,23,2,SP,housewares,458
499ec63c58e51296c9cf57edcfe1c8a8,5,5,5,365.0,47.93,73.0,9.586,4.8,4.8,-12.6,0.0,1,1,SP,computers_accessories,53
49cdc90518a4f82676b38b3c1aa43ff6,5,5,5,1539.5,82.61,307.9,16.522,3.8,5.4,-11.0,0.0,5,3,SP,auto,78
49e7217cfe4e427191c378ec626d8737,13,14,13,3002.7,375.61,214.47857142857143,26.829285714285714,3.9285714285714284,15.76923076923077,-11.0,0.0,9,2,MG,housewares,372
49f8d2ea7b718d0ce587d34207caf2b4,1,1,1,149.9,15.36,149.9,15.36,5.0,6.0,-1.0,0.0,1,1,SP,pet_shop,0
4a1917ef994878940e1fb03eeb787ad7,2,3,2,768.0,78.62,256.0,26.206666666666667,2.6666666666666665,9.666666666666666,-11.333333333333334,0.0,2,1,DF,fixed_telephony,36
4a1f694197d05fe70026b016a7316b41,14,23,14,907.77,370.98,39.46826086956521,16.129565217391306,4.391304347826087,10.478260869565217,-14.73913043478261,0.043478260869565216,12,2,SP,furniture_decor,176
4a23adac87cf538689fa600d976f78b2,3,3,3,405.0,35.41,135.0,11.803333333333333,4.333333333333333,8.0,-8.666666666666666,0.0,1,1,SP,furniture_decor,4
4a3ca9315b744ce9f8e9374361493884,1806,1987,1792,200472.92,35067.04,100.89225968797183,17.64823351786613,3.803261977573904,13.93945613134941,-9.644433042585941,0.09511826874685456,399,7,SP,bed_bath_table,596
4a3ccda38b2129705f3fb522db62ca31,66,78,66,17062.59,1432.34,218.75115384615384,18.363333333333333,3.7243589743589745,12.835616438356164,-11.082191780821917,0.0641025641025641,45,5,SP,construction_tools_safety,339
4a5b36211b1f51bf7eaa5c10a57fa483,1,1,1,139.19,16.07,139.19,16.07,5.0,4.0,-8.0,0.0,1,1,RJ,auto,0
4a82168aaef173cbb6e46ae88728f919,4,4,4,512.0,100.39,128.0,25.0975,4.0,6.25,-13.75,0.0,2,2,PR,health_beauty,24
4a82c4af97ffc0fb2dc26bfdc03b1842,3,3,3,143.7,67.2,47.9,22.400000000000002,5.0,12.333333333333334,-15.0,0.0,3,2,MG,unknown,76
4aba391bc3b88717ce08eb11e44937b2,29,30,29,7595.87,839.34,253.19566666666665,27.978,3.9,16.464285714285715,-13.25,0.13333333333333333,27,2,BA,sports_leisure,548
4aba6a02a788d3ec81c03137144d9a80,1,1,1,89.9,15.38,89.9,15.38,5.0,13.0,-11.0,0.0,1,1,SC,health_beauty,0
4b0fdb526525f9890eb145bf1534640e,18,20,18,2419.0,535.21,120.95,26.7605,3.95,8.3,-9.3,0.0,10,2,SP,bed_bath_table,178
4b1eaadf791bdbbad8c4a35b65236d52,8,8,8,1849.79,113.03,231.22375,14.12875,2.0,21.8,-15.8,0.125,5,1,SP,consoles_games,165
4b39558c138930b9e5489c93b6df5fe3,4,5,4,1096.7,132.4,219.34,26.48,4.6,12.4,-14.0,0.0,3,2,SE,computers_accessories,60
4b5f66b7adcf57f1ecc0d3c07dd6b177,23,38,22,6381.78,734.18,167.9415789473684,19.320526315789472,4.081081081081081,13.157894736842104,-14.368421052631579,0.02631578947368421,10,1,PR,computers_accessories,491
4b90495391ac0bd181a80a459df1e718,1,1,1,248.0,18.11,248.0,18.11,4.0,11.0,-39.0,0.0,1,1,RS,furniture_decor,0
4b9750c8ad28220fe6702d4ecb7c898f,218,222,217,15915.3,3389.8,71.69054054054054,15.26936936936937,4.351351351351352,8.950226244343892,-9.380090497737557,0.05855855855855856,34,2,SP,baby,318
4b98b0428fc1932cc2514ef9ce2505e6,2,2,2,327.63,35.8,163.815,17.9,2.0,22.5,-4.5,0.5,2,1,SP,unknown,66
4ba52dfeba874da5b9ee7b17c7494f04,11,11,11,1463.0,204.91,133.0,18.62818181818182,4.363636363636363,10.0,-11.727272727272727,0.09090909090909091,11,1,SP,books_technical,84
4bc3d93e4a5f88a598d3d8ce4ae510b3,1,1,1,169.0,19.28,169.0,19.28,1.0,10.6918511755307,-12.0,0.0,1,1,SP,computers_accessories,0
4bcec44888b30ba9001234c534716d3f,5,5,5,146.0,63.23,29.2,12.645999999999999,4.6,8.8,-9.4,0.0,2,1,SP,health_beauty,193
4bde6149c15cf7e177b36fa060dd6de8,2,2,2,159.8,32.66,79.9,16.33,5.0,10.5,-47.5,0.0,2,2,RS,food,2
4be2e7f96b4fd749d52dff41f80e39dd,1,1,1,267.0,32.84,267.0,32.84,1.0,10.6918511755307,-12.0,0.0,1,1,AC,books_technical,0
4be6b962d83299498bae2190f95d6566,11,12,11,508.8,182.29,42.4,15.190833333333332,4.181818181818182,6.833333333333333,-12.0,0.08333333333333333,6,2,SP,small_appliances,157
4be9ae93c4fc0f41713d71a4194ee1b3,1,1,1,109.9,27.07,109.9,27.07,5.0,11.0,-7.0,0.0,1,1,MG,sports_leisure,0
4bf2f4ee540798a61f9636d12cd9cc80,29,30,29,4995.56,505.45,166.5186666666667,16.848333333333333,4.166666666666667,13.133333333333333,-12.4,0.0,18,3,SP,fashion_underwear_beach,497
4bf658053d453036c70976bccb2c31b2,2,2,2,1742.99,81.57,871.495,40.785,4.5,24.0,-8.5,0.0,2,2,SP,unknown,33
4bfc7a4a1cf8d4d2121c27422d9e50b5,26,40,26,8124.4,1067.19,203.10999999999999,26.679750000000002,4.225,7.525,-10.525,0.025,7,1,SP,housewares,149
4c03b9dd4c11ee2cb35c96c49efc9420,48,48,48,6458.6,843.73,134.55416666666667,17.577708333333334,4.1063829787234045,10.020833333333334,-14.145833333333334,0.020833333333333332,5,1,SP,toys,155
4c18691b6037662be2df78a765d98ab5,63,67,63,3195.52,1120.99,47.694328358208956,16.731194029850748,3.8358208955223883,8.761194029850746,-11.492537313432836,0.05970149253731343,31,6,SP,housewares,183
4c1c7281388a33dd06daac44f9fadbd1,5,5,5,188.32,81.59,37.664,16.318,4.8,8.4,-16.4,0.0,5,3,SP,toys,77
4c2b230173bb36f9b240f2b8ac11786e,261,346,256,14592.27,4397.57,42.17419075144509,12.709739884393063,3.757309941520468,12.379008746355685,-8.644314868804665,0.0838150289017341,20,2,SP,sports_leisure,552
4c498c7345e89aebad651544829beca0,48,48,47,4819.76,570.0,100.41166666666668,11.875,4.291666666666667,10.319148936170214,-9.191489361702128,0.10416666666666667,20,2,SP,health_beauty,256
4c4d546adf3c3868fe19c9ec6e9ffda9,2,3,2,111.69999999999999,45.39,37.23333333333333,15.13,3.6666666666666665,6.333333333333333,-16.666666666666668,0.0,2,1,PR,pet_shop,70
4c60877808f4318ef1107fbeb8f89afa,2,2,2,118.0,32.63,59.0,16.315,4.0,14.5,-9.0,0.0,2,1,SP,computers_accessories,45
4c61e37f664c3c88aff092aa5ac779d7,7,8,7,788.3100000000001,119.86,98.53875000000001,14.9825,4.0,16.375,-2.875,0.25,3,2,RJ,consoles_games,37
4c8545742faaf58fafd5fd14d25d75cf,4,4,4,3020.0,196.31,755.0,49.0775,4.5,9.5,-14.25,0.0,4,2,SP,auto,64
4c8b8048e33af2bf94f2eb547746a916,23,27,23,2020.73,438.08,74.84185185185186,16.225185185185186,3.111111111111111,18.608695652173914,-4.043478260869565,0.1111111111111111,23,5,SP,bed_bath_table,367
4cc43a222a0f94910728b62b97a8c5f8,1,1,1,108.5,12.26,108.5,12.26,3.0,14.0,-12.0,0.0,1,1,SP,perfumery,0
4cc4fd4fdd406a85bbdc1f824b731bd7,1,2,1,539.98,31.24,269.99,15.62,5.0,8.0,-14.0,0.0,1,1,PR,auto,0
4ce6e5f6c52515177e18c1c9361d8677,1,1,1,226.6,25.67,226.6,25.67,3.0,10.6918511755307,-12.0,0.0,1,1,SP,auto,0
4ce8b55b4bfa4659184e7becc1fba3f2,2,2,2,199.0,59.870000000000005,99.5,29.935000000000002,3.0,12.0,-12.0,0.0,2,1,PR,auto,6
4cf490a58259286ada5ba8525ba9e84a,8,8,8,1254.2,155.19,156.775,19.39875,3.125,24.285714285714285,-17.857142857142858,0.0,6,1,SP,cool_stuff,253
4d0041cdbe51b4617d95c70b19decc74,8,8,8,5235.200000000001,230.29,654.4000000000001,28.78625,4.5,6.75,-10.5,0.0,6,1,MG,auto,81
4d232b78ab7ef10393dc3807d827bc0d,5,5,5,1475.0,214.99,295.0,42.998000000000005,4.4,5.8,-12.6,0.0,2,2,MG,auto,24
4d600e08ecbe08258c79e536c5a42fee,8,8,8,4465.34,168.12,558.1675,21.015,4.0,12.428571428571429,-27.857142857142858,0.0,8,2,PR,watches_gifts,160
4d6d651bd7684af3fffabd5f08d12e5a,369,395,356,43587.4,7898.91,110.34784810126582,19.997240506329113,4.1725888324873095,12.609254498714654,-13.030848329048844,0.0379746835443038,70,3,SP,sports_leisure,485
4d6fb82c629c7a5028bfd973c07b05e0,2,2,2,278.0,49.43,139.0,24.715,2.0,10.6918511755307,-12.0,0.0,1,1,MG,furniture_living_room,6
4d8809767a5bafe22909c77951fb6b41,1,1,1,50.0,8.72,50.0,8.72,5.0,10.6918511755307,-12.0,0.0,1,1,SP,furniture_decor,0
4d9fea3499bdc22aa4da4e339365f215,2,2,2,192.54000000000002,30.2,96.27000000000001,15.1,5.0,12.5,-19.5,0.0,1,1,SP,perfumery,136
4da0e408c99d2fdc2126dc9fce518060,44,54,43,3026.0,938.73,56.03703703703704,17.38388888888889,4.444444444444445,8.666666666666666,-21.944444444444443,0.0,30,2,PR,sports_leisure,576
4dab98ca6cd6d3df586203cefd28a042,1,1,1,154.9,18.33,154.9,18.33,5.0,28.0,-1.0,0.0,1,1,RS,fashion_bags_accessories,0
4dbd95a08b31ede5c82d3f861cb1ce1a,6,6,6,1304.67,189.36,217.44500000000002,31.560000000000002,3.5,12.0,-16.75,0.0,6,2,PR,books_general_interest,177
4dc2e811a1760953cb7c6a590b498943,1,1,1,175.0,24.84,175.0,24.84,5.0,6.0,-9.0,0.0,1,1,SP,luggage_accessories,0
4dc646b9b9e8e411ef48ba000ea3ac6f,4,5,4,289.7,63.56,57.94,12.712,2.4,10.4,-7.8,0.2,4,1,SP,perfumery,193
4ddeb3e828550cddc8d45c8bc36ab2d1,1,1,1,152.0,12.45,152.0,12.45,5.0,7.0,-11.0,0.0,1,1,SP,cool_stuff,0
4de6e4ba574aa9dfdc824bc44dc47fdd,14,14,14,451.1,253.32,32.221428571428575,18.094285714285714,4.071428571428571,8.857142857142858,-18.357142857142858,0.07142857142857142,12,2,PR,health_beauty,177
4deebb3199eeafb282ae33229144f94b,4,5,4,779.7,141.79,155.94,28.357999999999997,3.4,11.6,-1.4,0.4,3,1,SP,signaling_and_security,194
4e06067cc08b3f41d837768d392c3ee3,31,46,31,941.72,572.53,20.47217391304348,12.446304347826086,4.173913043478261,9.347826086956522,-14.391304347826088,0.043478260869565216,28,1,MG,perfumery,384
4e0d109ccfba9a1151c103049880c857,2,2,2,279.89,67.84,139.945,33.92,3.0,18.5,-15.5,0.0,2,1,RJ,watches_gifts,188
4e17c65a516f69d023a2ae78b84f28d6,61,74,61,7639.26,1155.54,103.23324324324325,15.615405405405404,4.081081081081081,14.391891891891891,-20.7972972972973,0.0945945945945946,47,5,SP,health_beauty,530
4e2627090e6e5b9fabba883a37897683,2,5,2,199.5,68.12,39.9,13.624,1.0,3.0,-14.0,0.0,2,1,MG,furniture_decor,42
4e326052e5dbba8adcd512f3450a307e,3,6,3,570.0,85.96,95.0,14.326666666666666,1.6666666666666667,19.5,-12.0,0.0,1,1,SP,christmas_supplies,24
4e42581f08e8cfc7c090f930bac4552a,3,4,3,336.0,117.8,84.0,29.45,1.0,47.0,12.0,0.5,3,3,SP,kitchen_dining_laundry_garden_furniture,12
4e480be820e37de1444325ff358c9296,1,2,1,430.3,143.44,215.15,71.72,5.0,12.0,-10.0,0.0,1,1,MG,auto,0
4e5725ba188db8252977a4f0227bd462,22,25,22,1930.59,382.61,77.22359999999999,15.304400000000001,3.44,20.25,-2.75,0.2,13,2,SP,computers_accessories,94
4e6015589b781adaa5ce7f1892d06bb1,3,3,3,684.0,56.5,228.0,18.833333333333332,3.6666666666666665,5.333333333333333,-12.666666666666666,0.0,1,1,SP,sports_leisure,103
4e7c18b98d84e05cbae3ff0ff03846c2,82,89,82,9177.9,2875.98,103.12247191011235,32.31438202247191,4.136363636363637,11.579545454545455,-13.170454545454545,0.033707865168539325,31,4,SP,small_appliances,522
4e85b538b0dad58852641540686d0e14,4,4,4,361.97999999999996,74.36,90.49499999999999,18.59,3.75,16.75,-6.0,0.5,4,2,SP,garden_tools,333
4e8dacf3d38f281ae26c3e0321d92d88,10,15,10,2644.95,216.16,176.32999999999998,14.410666666666666,2.466666666666667,13.0,-12.555555555555555,0.13333333333333333,5,2,SP,unknown,128
4e922959ae960d389249c378d1c939f5,420,454,419,46030.37,7274.38,101.38848017621146,16.022863436123348,3.89532293986637,14.147982062780269,-13.02914798206278,0.0881057268722467,136,24,SP,computers_accessories,687
4e92348462c75b6c842b994ce84a0ed4,1,1,1,69.9,15.59,69.9,15.59,5.0,9.0,-19.0,0.0,1,1,RS,health_beauty,0
4ea2f12dbe91deeacd2c1e74f069a6e6,4,6,4,210.2,70.07,35.03333333333333,11.678333333333333,4.833333333333333,7.666666666666667,-11.333333333333334,0.0,4,1,SP,perfumery,215
4eb61f060e7dcc1d5a80d806c35cc541,8,8,8,1313.0,153.12,164.125,19.14,3.875,5.75,-13.0,0.0,3,2,SP,home_appliances_2,152
4ebdc7e6cd6102a022dadc49156d4ea8,29,32,29,928.6999999999999,369.2,29.021874999999998,11.5375,3.75,9.71875,-10.71875,0.03125,23,5,SP,furniture_decor,512
4eeb99008a0f59d2c7759c59f9a346eb,2,2,2,1282.0,38.95,641.0,19.475,4.5,7.0,-12.5,0.0,2,1,SP,telephony,56
4ef4c39cf3c24f326434cf0b2e48046a,8,9,8,891.0,126.17,99.0,14.018888888888888,3.5555555555555554,13.5,-5.125,0.1111111111111111,2,1,SP,sports_leisure,216
4f0d637c1197fd65405ebd755ac9f86b,2,2,2,199.8,32.67,99.9,16.335,5.0,6.5,-17.0,0.0,2,1,SP,health_beauty,20
4f1f1c8666cdb6442f775c4e8caed465,2,2,2,944.98,125.41,472.49,62.705,5.0,19.5,-14.0,0.0,2,1,MG,toys,6
4f40d2ed38d1cc945364a7cd202a82c7,1,1,1,319.9,16.99,319.9,16.99,1.0,10.6918511755307,-12.0,0.0,1,1,SP,toys,0
4fae87d32467e18eb46e4a76a0a0b9ce,1,1,1,100.9,19.9,100.9,19.9,5.0,6.0,-12.0,0.0,1,1,RS,construction_tools_safety,0
4fb41dff7c50136976d1a5cf004a42e2,3,3,3,1230.0,66.77,410.0,22.256666666666664,4.0,66.33333333333333,33.0,0.3333333333333333,3,1,BA,watches_gifts,67
4fe2f67634d00c021aa01f96b6f2d68e,2,2,2,86.8,32.04,43.4,16.02,5.0,10.5,-21.0,0.0,2,2,PR,health_beauty,5
5011f0d93373a4c5753adf58ca77af8d,12,22,12,1009.4200000000001,381.43,45.88272727272727,17.337727272727275,3.5454545454545454,14.666666666666666,-4.190476190476191,0.18181818181818182,4,3,SP,food_drink,271
503c1de08ae81a2d86f17951b204db55,22,22,22,4906.99,414.90999999999997,223.045,18.859545454545454,4.409090909090909,13.045454545454545,-11.909090909090908,0.045454545454545456,2,1,SP,baby,392
5058e8c1e82653974541e83690655b4a,63,78,63,10022.82,3055.11,128.4976923076923,39.168076923076924,3.0789473684210527,25.935064935064936,-16.363636363636363,0.10256410256410256,31,4,SP,office_furniture,291
5075aaa8404020ae6aa8bf4792099b41,13,23,13,1822.8,447.72,79.25217391304348,19.46608695652174,3.8823529411764706,11.866666666666667,-10.333333333333334,0.0,6,3,MG,drinks,303
50770d25768b0486d89be26afca3108f,6,6,6,171.76999999999998,76.08999999999999,28.62833333333333,12.681666666666665,4.0,13.166666666666666,-6.833333333333333,0.16666666666666666,5,1,SP,books_general_interest,217
508808d438fe2ff972ed13bb8f4a82e2,10,11,10,294.83,122.64,26.80272727272727,11.149090909090908,4.2727272727272725,4.0,-8.8,0.0,10,7,SP,housewares,23
50a7e551a7b3f8d37cd6e32d8bfbe5ea,1,1,1,140.0,27.96,140.0,27.96,5.0,12.0,-4.0,0.0,1,1,SP,drinks,0
50bf89f1349bc0409a268c3a49678009,1,1,1,179.9,102.57,179.9,102.57,5.0,9.0,-26.0,0.0,1,1,SP,furniture_decor,0
50c361bcf670d16f6df4d52de3dff924,1,1,1,35.0,16.6,35.0,16.6,1.0,10.6918511755307,-12.0,0.0,1,1,SP,art,0
50c9975695009e5e6473912e83a6d1da,50,68,50,3964.4,2919.55,58.300000000000004,42.934558823529414,3.985074626865672,14.647058823529411,-8.735294117647058,0.10294117647058823,36,1,MG,sports_leisure,533
51209b446b2073894bdc0face6c73ffc,2,4,2,359.6,79.28,89.9,19.82,4.0,9.5,-17.0,0.0,1,1,ES,furniture_decor,35
512d298ac2a96d1931b6bd30aa21f61d,11,12,11,7401.94,321.93,616.8283333333333,26.8275,4.25,9.583333333333334,-14.666666666666666,0.0,8,3,RJ,musical_instruments,212
513a54369b6a8a6602fcb0e129c6d78d,2,2,2,47.8,14.86,23.9,7.43,4.5,3.0,-5.5,0.0,1,1,SP,computers_accessories,8
5145090ab595c0d0b8557199f5701fbf,4,4,4,1459.6,197.85,364.9,49.4625,4.25,15.25,-25.5,0.0,4,1,PR,bed_bath_table,86
5151aea44289d6c6b090ee31c2132508,7,7,7,1315.3,167.17,187.9,23.881428571428568,1.8333333333333333,17.0,-27.142857142857142,0.0,1,1,SP,air_conditioning,2
515d781150feed28a6ac091bb0e3cb8c,6,6,6,1002.35,152.37,167.05833333333334,25.395,4.166666666666667,9.333333333333334,-24.166666666666668,0.0,3,2,MS,cool_stuff,215
5160d23075764e18e07c1f4a87fad743,34,39,33,2429.0,486.42,62.282051282051285,12.472307692307693,4.461538461538462,8.921052631578947,-9.447368421052632,0.0,29,1,SP,toys,112
516e7738bd8f735ac19a010ee5450d8d,76,84,76,6643.09,1466.23,79.08440476190476,17.455119047619046,4.5476190476190474,8.317073170731707,-18.597560975609756,0.023809523809523808,53,2,RJ,health_beauty,105
51702dc2a3e106c76dbff722b5bf0726,13,14,13,2705.1,581.94,193.22142857142856,41.56714285714286,4.357142857142857,14.428571428571429,-14.214285714285714,0.0,8,3,SP,furniture_decor,429
5194c22ed1f616ec0c0f33c571542879,4,4,3,245.6,80.85,61.4,20.2125,4.25,12.0,-11.25,0.0,3,3,MG,home_appliances_2,45
519a7aa428f18d125a283cf8c014fdd6,3,3,2,79.69999999999999,73.1,26.566666666666663,24.366666666666664,4.0,7.0,-15.666666666666666,0.0,1,1,SC,furniture_living_room,23
51a04a8a6bdcb23deccc82b0b80742cf,1,1,1,167.99,31.93,167.99,31.93,1.0,35.0,7.0,1.0,1,1,SP,electronics,0
51e0557bc7b86de13e946c60ee91ce39,1,1,1,45.8,17.6,45.8,17.6,5.0,10.0,-9.0,0.0,1,1,MG,health_beauty,0
51e4e89242cbb846c2deff3dc015650e,16,16,16,822.58,353.17,51.41125,22.073125,4.625,8.75,-16.0,0.0,10,2,RS,garden_tools,138
51ed72984a04e5dd35c2b27e77179038,7,7,7,1294.3,198.93,184.9,28.41857142857143,3.5714285714285716,16.0,-9.714285714285714,0.14285714285714285,4,2,SP,home_appliances_2,160
51f108f62cb87d61918159902c8f8583,3,3,3,303.73,75.03,101.24333333333334,25.01,4.333333333333333,5.666666666666667,-17.666666666666668,0.0,2,1,PR,books_technical,25
5206cc4bc2297c833e6061c49bf9c43f,1,1,1,35.0,10.96,35.0,10.96,1.0,10.6918511755307,-12.0,0.0,1,1,SP,auto,0
52092ddbd3a58c450a4459bf051b2287,6,6,6,351.7,75.35,58.61666666666667,12.558333333333332,4.333333333333333,12.5,-11.833333333333334,0.0,4,1,SP,sports_leisure,136
520b493b57809f446cb0a233bb3e25c7,63,73,63,3698.9,1063.97,50.66986301369863,14.574931506849316,4.376712328767123,6.8493150684931505,-12.04109589041096,0.0136986301369863,28,4,SP,housewares,283
522620dcb18a6b31cd7bdf73665113a9,174,180,173,57168.49,4661.32,317.6027222222222,25.89622222222222,3.897727272727273,14.730337078651685,-14.01685393258427,0.08333333333333333,39,11,PR,consoles_games,670
5236605f4d4b0b3e4df85b850393fca0,5,5,5,265.3,82.18,53.06,16.436,4.8,10.2,-6.0,0.2,4,1,SP,sports_leisure,360
52454f90d4c30c016768db02f88c1a74,3,5,3,80.5,67.17,16.1,13.434000000000001,3.6,12.4,-7.4,0.0,4,1,SP,pet_shop,59
52562a9f449c3dc3d53f5f5b9ed74903,14,14,14,3266.6,444.03999999999996,233.32857142857142,31.717142857142854,4.785714285714286,12.928571428571429,-18.428571428571427,0.0,4,4,RN,sports_leisure,351
525e75a6fb1454a2325ab1734bcec221,10,11,10,657.0699999999999,120.0,59.73363636363636,10.909090909090908,3.727272727272727,6.0,-13.7,0.0,3,1,SP,auto,172
5275ca25d0358ca73864e0ae41be1320,4,4,4,409.6,69.22,102.4,17.305,4.75,6.5,-3.25,0.0,3,1,SP,stationery,15
527801b552d0077ffd170872eb49683b,90,92,89,17942.8,2062.56,195.0304347826087,22.41913043478261,4.483516483516484,12.521739130434783,-11.41304347826087,0.09782608695652174,26,4,SP,books_general_interest,322
52831e5990d0771cb4951d6f12928167,1,1,1,65.0,13.12,65.0,13.12,3.0,5.0,-10.0,0.0,1,1,SP,sports_leisure,0
528bcf6680c36dddf07620bd35b33a6f,2,2,2,969.98,43.86,484.99,21.93,4.5,20.5,-4.5,0.5,2,1,SP,health_beauty,127
528ce32f560edd11add4169f6a5b65be,2,2,2,59.8,15.3,29.9,7.65,5.0,10.0,-11.5,0.0,2,2,SP,housewares,78
52956b80ae65fda598f06f6b9943e7a9,3,3,3,792.0,66.85,264.0,22.28333333333333,4.0,24.666666666666668,-7.333333333333333,0.3333333333333333,1,1,PR,perfumery,23
52a50b42accf164f9f019941e5759d9b,4,4,4,139.96,57.059999999999995,34.99,14.264999999999999,4.75,5.0,-3.5,0.0,2,1,SP,food_drink,19
52a52b9f656520e99716f5bc40f661c8,7,8,7,783.1,148.12,97.8875,18.515,4.125,10.0,-12.0,0.0,6,1,SP,furniture_decor,89
52ac6f920b7280e4c6d30dd94de6259b,6,7,6,5657.3,726.59,808.1857142857143,103.79857142857144,3.2857142857142856,11.571428571428571,-11.857142857142858,0.0,5,2,PR,office_furniture,448
52b53f7061969fe471d119b6195da864,1,1,1,90.0,8.37,90.0,8.37,5.0,3.0,-8.0,0.0,1,1,SP,perfumery,0
52bb00821bcdd358a5a5a27e1f6be5a1,2,2,2,349.8,38.629999999999995,174.9,19.314999999999998,4.5,15.5,-9.0,0.0,2,1,SP,musical_instruments,83
52d76513f0c4d97f3b99570e2c94ee31,19,28,19,8153.1,889.26,291.1821428571429,31.759285714285713,3.88,11.357142857142858,-19.321428571428573,0.03571428571428571,15,8,RS,industry_commerce_and_business,397
52f0fe436a347ddad7ed5f9aa4e27eaa,21,23,21,1484.3700000000001,476.53,64.53782608695653,20.718695652173913,3.3043478260869565,13.428571428571429,-7.428571428571429,0.08695652173913043,16,7,SP,computers_accessories,131
52f6f9f13ba19504c02781132a049e75,1,1,1,199.0,23.13,199.0,23.13,2.0,16.0,-14.0,0.0,1,1,PR,furniture_decor,0
52f976b17ea7f2f087f56dcc419328f6,6,6,6,7630.0,862.65,1271.6666666666667,143.775,3.6666666666666665,9.833333333333334,-16.666666666666668,0.0,5,1,PR,sports_leisure,291
52f9db5cfb423382a2fa5c9e39303202,22,23,22,1269.77,358.77,55.20739130434782,15.598695652173912,4.173913043478261,9.681818181818182,-14.681818181818182,0.0,7,4,SP,home_appliances,268
5305693ffae2d3463377b1f6fe67b15a,1,1,1,93.56,12.99,93.56,12.99,5.0,13.0,-9.0,0.0,1,1,SP,unknown,0
53088c75f948b48a7ece173ac17f0c12,3,3,3,261.70000000000005,54.53,87.23333333333335,18.176666666666666,5.0,10.666666666666666,-13.666666666666666,0.0,2,2,RS,health_beauty,76
530ec6109d11eaaf87999465c6afee01,97,104,96,12983.810000000001,2656.4,124.84432692307693,25.542307692307695,4.221153846153846,10.306930693069306,-17.198019801980198,0.009615384615384616,30,6,PR,sports_leisure,456
53243585a1d6dc2643021fd1853d8905,358,410,349,222776.05,13080.63,543.3562195121951,31.903975609756095,4.075980392156863,12.94,-11.605,0.02926829268292683,23,2,BA,telephony,357
53336f97ddbe53e2a617d07b17447b95,1,1,1,599.5,75.33,599.5,75.33,5.0,19.0,-11.0,0.0,1,1,SP,home_appliances_2,0
533d46c1b06970e99f09523a61df4972,2,2,2,159.98,32.64,79.99,16.32,4.5,16.0,-10.0,0.0,1,1,SP,electronics,2
5343d0649eca2a983820bfe93fc4d17e,71,111,70,10000.64,2392.59,90.09585585585585,21.554864864864864,3.614678899082569,10.809090909090909,-12.6,0.09009009009009009,48,1,SP,furniture_decor,223
534a01cc6df1e034e05c32028a291fa2,5,5,5,235.59,59.86,47.118,11.972,4.4,10.2,-8.0,0.0,4,2,SP,housewares,67
535bf14f36346c7f59d87cece104d70c,1,1,1,50.0,7.77,50.0,7.77,4.0,4.0,0.0,0.0,1,1,RJ,construction_tools_lights,0
537eb890efff034a88679788b647c564,160,173,159,4679.7,2499.2,27.05028901734104,14.446242774566473,4.164739884393064,8.67251461988304,-12.450292397660819,0.03468208092485549,46,10,RJ,furniture_decor,407
538caafddff204241cecbf3a02e6b3cf,9,9,9,148.3,98.19,16.477777777777778,10.91,2.5555555555555554,16.75,-0.875,0.3333333333333333,6,1,SP,baby,421
539ed9e19811677513447759be5eccfc,2,2,2,32.83,31.09,16.415,15.545,3.0,4.5,-16.0,0.0,2,1,MG,construction_tools_construction,70
53b0300ca793f9834cd69c0678d35ee8,5,10,5,1662.15,137.31,166.215,13.731,5.0,5.6,-14.5,0.0,5,1,SP,construction_tools_construction,253
53d00c40e32aeb924a84ce72b1af869d,17,17,17,2165.85,296.22,127.40294117647058,17.424705882352942,4.352941176470588,15.705882352941176,-7.470588235294118,0.11764705882352941,9,1,SP,bed_bath_table,211
53e4c6e0f4312d4d2107a8c9cddf45cd,473,522,464,30148.95,9887.24,57.7566091954023,18.941072796934865,4.040384615384616,11.57421875,-13.427734375,0.04597701149425287,162,7,SP,housewares,551
54065e9aef7e9e9c2dc23b7594db021a,14,14,14,8003.0,280.43,571.6428571428571,20.030714285714286,3.857142857142857,11.833333333333334,-22.75,0.0,12,6,RJ,cool_stuff,366
5415337f1863452476d42d9f14a16a61,1,1,1,44.9,23.45,44.9,23.45,3.0,16.0,-23.0,0.0,1,1,MG,furniture_decor,0
54219883e72aad869adfb2a54b7bfa0f,5,5,5,6750.0,829.55,1350.0,165.91,3.2,16.4,-8.6,0.0,3,2,SP,toys,249
542917da124346b47ea1ac79a93ce454,20,20,20,1303.9,363.18,65.19500000000001,18.159,4.15,11.1,-14.0,0.05,13,2,PR,health_beauty,155
5444b12c82f21c923f2639ebc722c1ea,1,1,1,169.9,9.56,169.9,9.56,4.0,10.6918511755307,-12.0,0.0,1,1,SP,housewares,0
544863df86ed3b78a04e0820d41430ee,1,1,1,23.9,15.27,23.9,15.27,5.0,5.0,-18.0,0.0,1,1,ES,stationery,0
54583ab379489add547fe47b628db589,10,10,9,2240.0,151.07999999999998,224.0,15.107999999999999,4.8,4.6,-6.2,0.0,6,2,SP,baby,35
54965bbe3e4f07ae045b90b0b8541f52,78,86,78,10961.300000000001,2203.54,127.45697674418606,25.622558139534885,2.9382716049382718,26.234567901234566,-2.3950617283950617,0.3023255813953488,53,1,PR,bed_bath_table,257
54a1852d1b8f10312c55e906355666ee,200,204,197,17226.44,3387.96,84.44333333333333,16.60764705882353,4.3399014778325125,11.074257425742575,-10.896039603960396,0.07352941176470588,47,7,SP,sports_leisure,586
54aa8463e87776b5612f4bdc4bd5d4de,7,7,7,649.3,123.53,92.75714285714285,17.647142857142857,3.857142857142857,12.857142857142858,-23.714285714285715,0.0,4,3,MG,fixed_telephony,136
54c04bdb5ec46762f8f08c7e8f86ed4a,18,19,18,3281.66,476.12,172.71894736842106,25.05894736842105,4.315789473684211,14.842105263157896,-10.526315789473685,0.10526315789473684,12,1,SC,sports_leisure,183
55029529919c0123526150bd26ca8f20,7,7,7,453.95,134.88,64.85,19.268571428571427,4.714285714285714,8.428571428571429,-14.428571428571429,0.0,6,3,MG,sports_leisure,61
553a440137d6e0cf776aee0bb83ac9f5,2,2,2,144.8,30.34,72.4,15.17,1.0,22.5,-6.5,0.5,2,2,SP,musical_instruments,17
5563732abe64c3036cb97ad924128dd1,2,3,2,404.0,37.6,134.66666666666666,12.533333333333333,4.666666666666667,10.333333333333334,-11.0,0.0,3,2,SP,health_beauty,177
5566627eab3fe93fd6ee08798226101a,5,5,5,85.5,102.31,17.1,20.462,4.4,8.2,-17.2,0.0,4,1,PR,perfumery,284
556a6409838156ea299c9d1f9e2dde43,4,4,4,1362.8,86.84,340.7,21.71,3.25,7.0,-13.25,0.0,4,1,PR,housewares,53
557f22c76691849db52d2abccf0015d0,13,14,13,865.8599999999999,326.7,61.84714285714285,23.335714285714285,3.1538461538461537,13.692307692307692,-15.615384615384615,0.0,4,2,GO,computers_accessories,127
5587130f9850696ed7fafbc91c2cee44,2,2,2,69.8,33.69,34.9,16.845,5.0,6.0,-10.5,0.0,2,1,SP,housewares,24
559d56f3b8f0bc2e5a9a62fe2ce2a39f,2,2,2,385.0,48.72,192.5,24.36,2.5,12.0,-2.0,0.5,2,1,SC,baby,0
55a5b51f93f2b70ea513f5a047b0262a,39,41,39,4002.3,847.08,97.61707317073171,20.66048780487805,4.487804878048781,13.268292682926829,-12.487804878048781,0.024390243902439025,5,1,MG,sports_leisure,184
55bb6fe5bebe5012e2d7d9928e1128ff,15,16,15,1816.55,576.47,113.534375,36.029375,3.5625,16.0625,-9.3125,0.1875,11,5,SP,stationery,190
55c26bcb609f480eb7868594245febb5,6,6,6,664.4000000000001,161.82999999999998,110.73333333333335,26.971666666666664,4.0,9.333333333333334,-10.166666666666666,0.0,4,2,SP,stationery,121
55c96925041a14097b6a7825554f4ad5,6,10,6,294.8,188.57,29.48,18.857,3.2,10.666666666666666,-9.166666666666666,0.1,6,1,SP,furniture_decor,297
55d3daac7c404d59e51c2aa2f4dc5a23,21,28,21,4480.6,1309.88,160.02142857142857,46.78142857142858,3.9285714285714284,8.357142857142858,-12.142857142857142,0.0,7,3,SP,signaling_and_security,443
55dedd83e501d8248880557d9073cbfd,8,9,8,1055.3,110.78999999999999,117.25555555555555,12.309999999999999,4.888888888888889,3.888888888888889,-8.666666666666666,0.0,8,1,RJ,health_beauty,17
55f7a3319d80f7fdf078b8f03e6725fe,22,22,21,3013.78,406.67,136.99,18.485,3.772727272727273,6.318181818181818,-6.5,0.045454545454545456,4,2,SP,auto,51
562f8cfc51f265411f487d07e9c40e7f,13,13,13,766.9200000000001,199.32999999999998,58.99384615384616,15.333076923076922,4.538461538461538,13.538461538461538,-7.846153846153846,0.07692307692307693,4,2,MG,cool_stuff,201
562fc2f2c2863ab7e79a9e4388a58a14,260,270,258,8814.199999999999,4305.14,32.645185185185184,15.944962962962965,4.235074626865671,10.80377358490566,-13.211320754716981,0.02962962962962963,36,1,SP,telephony,217
5656537e588803a555b8eb41f07a944b,174,188,173,8065.93,3377.0299999999997,42.90388297872341,17.96292553191489,3.8031914893617023,10.989189189189188,-11.962162162162162,0.05851063829787234,72,11,DF,electronics,686
5659d77e8d90378e39b960ad5956f64e,2,2,2,182.48000000000002,30.65,91.24000000000001,15.325,2.5,20.0,-5.0,0.5,2,2,SP,health_beauty,192
56642bcb79900e777d68e91915cb4267,48,56,47,3657.64,814.15,65.315,14.538392857142856,3.767857142857143,13.839285714285714,-10.928571428571429,0.16071428571428573,8,3,SP,health_beauty,653
5670f4db5b62c43d542e1b2d56b0cf7c,22,22,22,6630.09,582.5600000000001,301.3677272727273,26.480000000000004,4.409090909090909,8.090909090909092,-14.136363636363637,0.045454545454545456,14,1,SP,perfumery,115
56a8b450e802502ba53a9885ee38e29f,1,1,1,62.45,15.2,62.45,15.2,1.0,10.6918511755307,-12.0,0.0,1,1,SP,garden_tools,0
56db5c0782e8f7ddc9343f9576ff6d16,2,2,2,734.8,57.15,367.4,28.575,3.0,9.0,-21.5,0.0,2,1,SC,air_conditioning,556
56e361f411e38dcef17cdc2a3d99628b,5,10,5,1298.0,1857.7600000000002,129.8,185.776,4.5,11.5,-11.9,0.1,4,2,SP,signaling_and_security,51
56f413900b5166ab4d730e9ac0b12cb0,3,3,3,151.79,42.45,50.596666666666664,14.15,4.666666666666667,10.0,-8.333333333333334,0.0,2,2,SP,sports_leisure,14
570d4583587a5fe2d47c7be89b91ad27,2,2,2,125.25,23.67,62.625,11.835,5.0,5.0,-10.5,0.0,2,1,SP,health_beauty,5
5721089ba9214e80074f27d5a03fc0eb,5,7,5,245.92999999999998,66.64,35.13285714285714,9.52,5.0,7.142857142857143,-13.142857142857142,0.0,4,2,SP,cool_stuff,89
5733d806668f8712c24b9abaefbfa642,2,2,2,243.8,85.88,121.9,42.94,5.0,14.5,-17.0,0.0,2,2,SP,construction_tools_safety,89
5741dc2bf5044c34d0698681c5081bed,3,3,3,89.69999999999999,34.05,29.899999999999995,11.35,5.0,6.666666666666667,-8.333333333333334,0.0,2,1,SP,perfumery,49
575df70bde3f9f2b30bf8d2e9910d725,27,34,27,5410.05,753.37,159.11911764705883,22.157941176470587,4.117647058823529,12.794117647058824,-17.794117647058822,0.029411764705882353,17,4,SP,furniture_decor,677
577719699805dd125d5b6fdde5943bba,8,8,8,1077.8000000000002,209.56,134.72500000000002,26.195,4.375,9.75,-16.25,0.125,8,3,RS,housewares,124
578460d8319c51dab351cd9db95eadfe,1,1,1,235.0,35.45,235.0,35.45,3.0,10.6918511755307,-12.0,0.0,1,1,GO,unknown,0
578fa3a9cb6b6dceab39231ad59cdaca,3,3,3,150.0,37.2,50.0,12.4,3.6666666666666665,22.333333333333332,1.3333333333333333,0.3333333333333333,2,1,CE,books_technical,226
5795aebfe331fbcd02a2c4b679fb7952,6,6,6,1280.0,156.09,213.33333333333334,26.015,3.8333333333333335,11.666666666666666,-15.833333333333334,0.0,3,2,SC,health_beauty,189
579891617139df7d8671d373f0669622,8,8,8,280.3,128.2,35.0375,16.025,4.5,17.875,-10.75,0.25,7,2,RJ,books_general_interest,389
57a834594e1e9e9219603bfec184eadc,1,1,1,139.0,27.05,139.0,27.05,5.0,6.0,-37.0,0.0,1,1,RS,pet_shop,0
57c764b4a836300be881e2ff86e449f9,29,30,29,1211.0,470.11,40.36666666666667,15.670333333333334,4.172413793103448,15.068965517241379,-9.448275862068966,0.13333333333333333,12,4,SP,housewares,566
57d2ba47f7a3209aa347532ae75c1165,2,2,2,318.0,140.24,159.0,70.12,4.0,15.0,-14.0,0.0,2,1,SC,sports_leisure,26
57df9869a600bd6b7c405f2a862eccfb,5,5,5,125.0,72.21000000000001,25.0,14.442000000000002,4.4,6.6,-19.4,0.0,1,1,MG,housewares,123
57e632711dec9ec14ca7546769483e7e,62,65,62,6350.06,1207.98,97.69323076923078,18.584307692307693,4.446153846153846,10.323076923076924,-16.892307692307693,0.0,20,2,SC,health_beauty,548
57fe6232e67823593374a2281d7a8af8,8,8,8,178.68,105.36,22.335,13.17,4.75,9.125,-10.5,0.0,7,2,SP,books_general_interest,270
582d4f8675b945722eda7c0cb61ba4c7,59,71,59,4702.96,980.97,66.23887323943661,13.816478873239436,4.112676056338028,10.126760563380282,-14.028169014084508,0.014084507042253521,25,5,SP,electronics,560
585175ec331ea177fa47199e39a6170a,1,1,1,3549.0,53.47,3549.0,53.47,5.0,7.0,-15.0,0.0,1,1,MG,computers,0
586a871d4f1221763fddb6ceefdeb95e,1,2,1,198.0,41.48,99.0,20.74,1.0,68.0,22.0,1.0,1,1,RS,furniture_decor,0
5882820ef11c4c068eea0677a7a879b4,14,14,14,9925.5,739.31,708.9642857142857,52.80785714285714,4.153846153846154,14.428571428571429,-17.357142857142858,0.0,6,2,RS,furniture_decor,472
5882f40daf39bc2a465e0cb453ddc222,1,1,1,640.0,58.9,640.0,58.9,2.0,10.6918511755307,-12.0,0.0,1,1,SP,telephony,0
58b98ccb79873e04eac4357cacc590d9,1,1,1,23.0,8.91,23.0,8.91,1.0,10.6918511755307,-12.0,0.0,1,1,SP,auto,0
58c851d1a3c7cd3da329eb59453fed44,2,2,2,268.99,24.270000000000003,134.495,12.135000000000002,5.0,4.5,-11.5,0.0,1,1,SP,pet_shop,11
58e4b302b54937e55a678c4d15111da4,3,3,3,279.79,49.06,93.26333333333334,16.353333333333335,2.3333333333333335,7.0,-48.0,0.0,3,1,PR,health_beauty,151
58f1a6197ed863543e0136bdedb3fce2,44,45,44,6833.0,1070.69,151.84444444444443,23.793111111111113,4.155555555555556,9.883720930232558,-15.348837209302326,0.022222222222222223,11,3,MG,watches_gifts,100
59417c56835dd8e2e72f91f809cd4092,18,18,17,36459.0,1198.77,2025.5,66.59833333333333,4.277777777777778,12.0,-21.22222222222222,0.0,9,1,SP,small_appliances,249
594f9aaa48e5bf431f011ddc5669b0d5,37,38,37,3248.8,887.61,85.49473684210527,23.35815789473684,4.578947368421052,7.552631578947368,-14.052631578947368,0.02631578947368421,24,5,MG,stationery,123
5962468f885ea01a1b6a97a218797b0a,8,9,8,791.0,137.04,87.88888888888889,15.226666666666667,3.75,10.166666666666666,-14.166666666666666,0.0,4,1,PR,stationery,177
596849622429351f47b32e6cae1055ff,14,14,14,1104.7,160.49,78.90714285714286,11.463571428571429,4.0,4.769230769230769,-9.923076923076923,0.0,12,4,SP,telephony,78
5996cddab893a4652a15592fb58ab8db,1,1,1,810.0,70.75,810.0,70.75,5.0,5.0,-16.0,0.0,1,1,SP,garden_tools,0
59b22a78efb79a4797979612b885db36,125,133,125,27184.5,4897.57,204.39473684210526,36.82383458646616,3.9696969696969697,12.045112781954888,-10.300751879699249,0.11278195488721804,67,4,MG,housewares,402
59bbc819b99a733f02f0d6b49d1c253d,2,2,2,139.8,22.950000000000003,69.9,11.475000000000001,5.0,4.5,-12.5,0.0,1,1,SP,housewares,49
59cd88080b93f3c18508673122d26169,10,12,10,392.33,175.38,32.69416666666667,14.615,4.75,13.25,-8.416666666666666,0.16666666666666666,10,2,SP,unknown,135
59cea8e446d3834393058e7e0666b6fb,10,10,10,696.6,204.54,69.66,20.454,4.6,7.0,-16.5,0.0,5,4,PR,computers_accessories,60
59de1d4c8c057c2a53acd4ca66531af2,1,1,1,135.0,21.75,135.0,21.75,5.0,18.0,-5.0,0.0,1,1,PR,computers_accessories,0
59fb871bf6f4522a87ba567b42dafecf,126,128,126,21708.57,2046.19,169.598203125,15.985859375,4.21259842519685,11.56,-14.648,0.0546875,23,6,SP,health_beauty,552
5a05a16bb50629ee31afab8a6d4c2674,14,15,14,794.3,281.18,52.95333333333333,18.745333333333335,4.0,6.6,-12.0,0.0,5,1,RS,housewares,118
5a32c398a06c345440bf2a683b017ad3,2,2,2,79.8,23.17,39.9,11.585,3.0,11.0,-7.0,0.0,2,1,RJ,books_general_interest,73
5a413ade68e8f8d93071a7f52a64cb9e,14,14,14,778.9,153.77,55.635714285714286,10.983571428571429,4.642857142857143,3.7142857142857144,-4.571428571428571,0.07142857142857142,4,1,SP,health_beauty,21
5a4236931428800e9d9cc04af0987118,1,3,1,44.97,45.69,14.99,15.229999999999999,5.0,3.0,-13.0,0.0,1,1,SP,housewares,0
5a425cc503b39b262a847fd6212bf53b,15,15,15,1360.5900000000001,269.51,90.706,17.967333333333332,4.214285714285714,6.285714285714286,-9.928571428571429,0.06666666666666667,9,1,PR,toys,114
5a6a02f419701fc8c605af71d4fc57a4,10,11,10,600.5,113.91,54.59090909090909,10.355454545454545,4.818181818181818,4.636363636363637,-9.454545454545455,0.09090909090909091,9,2,SP,books_general_interest,102
5a8e7d5003a1f221f9e1d6e411de7c23,139,181,138,11171.9,2694.29,61.7232044198895,14.885580110497237,4.1722222222222225,10.016759776536313,-12.435754189944134,0.04419889502762431,69,3,SP,furniture_decor,688
5a93f3ab0ef4c84ed5e1b5dbf23978bc,39,44,37,2338.25,697.14,53.14204545454545,15.844090909090909,4.7272727272727275,14.674418604651162,-19.046511627906977,0.022727272727272728,8,2,SP,baby,298
5a9b3bcab695173c820e53934574ae80,1,1,1,139.0,64.77,139.0,64.77,5.0,7.0,-26.0,0.0,1,1,SP,furniture_decor,0
5a9c0859cb00fd8aa4db443837f0a700,2,2,2,208.0,47.59,104.0,23.795,4.5,8.5,-14.5,0.0,2,1,SC,health_beauty,2
5aaa890629f83706d8d9bfecd8377c1c,1,1,1,48.9,17.92,48.9,17.92,1.0,10.6918511755307,-12.0,0.0,1,1,RJ,construction_tools_construction,0
5ab05b6d86d417796c69ffd6774ec832,10,12,9,1886.1000000000001,256.75,157.175,21.395833333333332,3.6666666666666665,12.083333333333334,-13.333333333333334,0.08333333333333333,2,1,SP,health_beauty,582
5abb8ea023c77787f2c15da891c8d384,13,13,13,2241.0,746.2,172.3846153846154,57.400000000000006,3.923076923076923,19.307692307692307,-7.153846153846154,0.23076923076923078,5,4,SC,cine_photo,288
5acd070dd3fe441bbb2ec1f1ede515ee,7,8,7,764.17,122.2,95.52125,15.275,2.75,22.875,1.75,0.375,5,2,SP,unknown,92
5b07547f10dd980738a1a27f685af669,13,14,13,1134.6000000000001,185.47,81.04285714285716,13.247857142857143,4.5,5.785714285714286,-5.714285714285714,0.14285714285714285,3,2,SP,health_beauty,23
5b0cc932433fa5184b5b94bfe6bcc256,12,17,12,1437.8,556.29,84.5764705882353,32.722941176470584,3.4705882352941178,11.235294117647058,-8.647058823529411,0.23529411764705882,4,2,SP,furniture_bedroom,46
5b179e9e8cc7ab6fd113a46ca584da81,34,36,34,5173.5,665.64,143.70833333333334,18.49,3.5142857142857142,12.194444444444445,-13.583333333333334,0.05555555555555555,9,4,SP,housewares,344
5b2e94f2c22b39ccc24d34ad0f669672,10,10,10,949.78,390.36,94.978,39.036,4.9,9.7,-12.8,0.1,5,1,SP,auto,97
5b33b527da3c5b969cc99dc435cad09a,16,17,16,1872.79,365.55,110.16411764705882,21.50294117647059,4.117647058823529,12.294117647058824,-13.941176470588236,0.058823529411764705,7,5,PR,electronics,559
5b35136197710e16ac5e7b7c2bd4ea85,7,9,7,3104.2000000000003,246.08999999999997,344.91111111111115,27.34333333333333,2.5555555555555554,19.444444444444443,-4.111111111111111,0.3333333333333333,5,1,RJ,housewares,227
5b51032eddd242adc84c38acab88f23d,12,14,12,3280.0,268.95,234.28571428571428,19.210714285714285,3.7857142857142856,11.428571428571429,-15.5,0.0,9,2,MG,furniture_decor,229
5b581417df4480f632484ba681e53944,12,13,12,1790.6,585.7,137.73846153846154,45.05384615384616,3.3076923076923075,19.666666666666668,-4.333333333333333,0.23076923076923078,9,2,SC,toys,198
5b664594895aefb418afaee6d40a9a23,16,22,16,1008.8,226.38,45.85454545454545,10.29,3.6363636363636362,10.045454545454545,-12.090909090909092,0.0,3,3,RJ,construction_tools_construction,567
5b67882648febfb6e1225e6ad7164f6b,27,30,27,6813.4800000000005,618.94,227.116,20.631333333333334,4.033333333333333,11.766666666666667,-13.5,0.03333333333333333,24,2,PR,sports_leisure,397
5b8154610ebb21fb90eb587365e673df,38,41,38,9397.54,1077.44,229.20829268292684,26.279024390243904,4.195121951219512,12.75,-9.25,0.14634146341463414,17,5,SP,computers_accessories,383
5b85809efd0d0e4dea1a9544e1280ed9,12,14,12,1804.6000000000001,292.76,128.9,20.91142857142857,4.357142857142857,6.928571428571429,-17.0,0.0,8,2,SP,health_beauty,95
5b925e1d006e9476d738aa200751b73b,63,63,58,7748.5,1053.34,122.9920634920635,16.719682539682537,4.603174603174603,10.46031746031746,-11.222222222222221,0.06349206349206349,8,1,SP,sports_leisure,318
5b92bfa4120daa27c574daa2e386c693,1,1,1,14.0,10.96,14.0,10.96,3.0,16.0,-9.0,0.0,1,1,SP,auto,0
5b97c06a046398e7005b2b7c0d707a92,4,4,4,1519.96,249.63,379.99,62.4075,3.25,25.666666666666668,-2.6666666666666665,0.25,1,1,MG,musical_instruments,61
5bba18b40e8c973b0f32e748004775b0,1,1,1,739.98,44.82,739.98,44.82,5.0,7.0,-46.0,0.0,1,1,SP,furniture_decor,0
5bc237df65098fe211bb4818f4d26d78,2,2,2,126.80000000000001,57.09,63.400000000000006,28.545,4.5,12.0,-32.5,0.0,2,1,MG,computers_accessories,218
5bc24d989e71e93c33e50a7782431b0e,17,17,17,3148.0,588.53,185.1764705882353,34.61941176470588,4.352941176470588,8.764705882352942,-16.529411764705884,0.0,9,1,MG,auto,111
5bc55dbe2f12b6af6d83ed46023e0dc8,17,21,17,2992.1,417.28,142.48095238095237,19.87047619047619,2.3333333333333335,12.523809523809524,-9.619047619047619,0.19047619047619047,9,2,MG,sports_leisure,173
5bf397d04035b5f45cc41e82ec106803,3,4,3,1525.0,47.28,381.25,11.82,4.25,2.75,-21.25,0.0,2,2,SP,small_appliances,54
5bffbafbb22daf6d3bfc216a46db8708,21,23,21,5239.7,454.5,227.81304347826085,19.76086956521739,4.695652173913044,8.08695652173913,-16.652173913043477,0.0,8,3,RJ,computers_accessories,120
5c030029b5916fed0986310385ec9009,7,10,7,4164.4,915.5,416.43999999999994,91.55,4.9,4.8,-16.4,0.0,6,1,SC,housewares,68
5c243662ce92d84573bfaff24c3e3700,98,100,98,32862.02,1775.64,328.62019999999995,17.7564,4.1313131313131315,10.27,-13.71,0.01,24,2,SP,health_beauty,376
5c3460cd3e8a984382ae254e7dd20d9f,9,10,9,775.76,198.54,77.576,19.854,4.7,9.3,-13.7,0.0,5,1,SP,baby,173
5c603ffb38cbbf25a0e0698941324143,2,2,2,348.8,44.81,174.4,22.405,1.0,10.6918511755307,-12.0,0.0,2,1,MG,auto,2
5c6d4016c2a288f074fa0848a2b653d2,32,35,32,3159.0,514.17,90.25714285714285,14.690571428571428,4.114285714285714,10.676470588235293,-10.176470588235293,0.08571428571428572,16,4,SP,computers_accessories,326
5c853bb56f70f4d14218944bae111d7a,23,24,23,263.13,251.06,10.96375,10.460833333333333,4.041666666666667,8.125,-11.958333333333334,0.0,12,2,SP,furniture_decor,546
5ca5d579b5857ee8709479b1047cecc3,2,2,2,339.89,23.990000000000002,169.945,11.995000000000001,1.0,17.0,5.0,0.5,2,1,SP,consoles_games,68
5cbbd5a299cab112b7bf23862255e43e,36,38,36,2726.06,659.15,71.73842105263158,17.346052631578946,4.315789473684211,10.342105263157896,-13.447368421052632,0.0,22,5,PR,housewares,335
5cf13accae3222c70a9cac40818ae839,149,156,149,14383.2,3019.27,92.2,19.35429487179487,4.438709677419355,10.148387096774194,-14.496774193548386,0.019230769230769232,34,2,MG,pet_shop,584
5cf1ec37aea089f45110c70653a166ab,3,3,3,50.0,43.1,16.666666666666668,14.366666666666667,3.6666666666666665,20.5,-9.0,0.0,1,1,SP,unknown,256
5d0363b33554b373851fc1622e4d5f3c,94,95,94,6610.79,2192.18,69.58726315789474,23.07557894736842,4.052631578947368,12.340425531914894,-9.0,0.08421052631578947,54,4,SP,auto,287
5d043cd5512d4bd2f88e5ccdd5736c38,1,1,1,650.0,64.91,650.0,64.91,2.0,9.0,-9.0,0.0,1,1,SP,sports_leisure,0
5d378b73ab7dd6f0418d743e5dcb0bd1,7,7,7,13243.0,393.28,1891.857142857143,56.18285714285714,3.857142857142857,30.166666666666668,2.8333333333333335,0.14285714285714285,3,1,SP,unknown,36
5d3bb11474a06bdc23fb9e89f1164ee0,31,32,31,3654.6,524.22,114.20625,16.381875,3.9375,9.34375,-13.53125,0.03125,10,6,SP,furniture_decor,403
5d505d2298ad549e4e4e835562fa0c1e,2,2,2,249.8,28.339999999999996,124.9,14.169999999999998,5.0,5.5,-17.0,0.0,1,1,SP,sports_leisure,17
5d76d80a2f5f39c891b996a1bf4c9853,6,6,6,1238.5,171.25,206.41666666666666,28.541666666666668,4.833333333333333,9.833333333333334,-10.5,0.0,5,3,SP,electronics,24
5d9dc90a686a8fddacffab6bab5653a3,12,12,12,3761.94,369.33,313.495,30.7775,4.166666666666667,8.166666666666666,-9.583333333333334,0.08333333333333333,5,1,SP,sports_leisure,318
5d9f3746e112e696f98ea22c56b3e912,1,1,1,1322.64,47.77,1322.64,47.77,5.0,7.0,-17.0,0.0,1,1,SP,garden_tools,0
5db42a6cd9bf1bf0d3aab9582767f168,1,1,1,200.0,19.33,200.0,19.33,5.0,16.0,-6.0,0.0,1,1,ES,housewares,0
5dc203c7b84a0e71e878a179de05fb9a,5,5,5,421.9,128.15,84.38,25.630000000000003,4.0,8.2,-12.2,0.0,3,3,SP,garden_tools,70
5dc4bdaf869e8c77c648078cbe8d59c2,1,1,1,292.99,34.5,292.99,34.5,1.0,10.6918511755307,-12.0,0.0,1,1,SC,cool_stuff,0
5dceca129747e92ff8ef7a997dc4f8ca,325,346,321,112155.53,13661.39,324.14893063583816,39.483786127167626,3.991228070175439,10.769679300291545,-11.247813411078717,0.05202312138728324,48,7,SP,luggage_accessories,514
5de1c80811ce7007f62f00d971236c09,2,2,2,76.8,30.950000000000003,38.4,15.475000000000001,5.0,7.5,-14.5,0.0,2,2,SC,housewares,27
5debea795b07621e1f90532e18f96145,25,33,25,1883.78,504.35,57.084242424242426,15.283333333333333,4.2727272727272725,9.818181818181818,-17.424242424242426,0.0,22,2,PR,health_beauty,297
5def4c3732941a971cba8fdee992ede1,5,6,5,134.8,66.24,22.46666666666667,11.04,4.5,3.8333333333333335,-5.833333333333333,0.0,5,4,SP,costruction_tools_tools,26
5e063e85d44b0f5c3e6ec3131103a57e,1,1,1,22.9,7.42,22.9,7.42,5.0,1.0,-7.0,0.0,1,1,SP,health_beauty,0
5e105f5c9f63f5f1fd75d6cb942e55b1,8,8,8,1471.9,273.83,183.9875,34.22875,4.5,9.0,-6.875,0.0,6,1,SP,housewares,97
5e106d93b717c2682b9383da480364a1,1,1,1,445.9,21.71,445.9,21.71,5.0,7.0,-26.0,0.0,1,1,PR,computers_accessories,0
5e25c632f9db6cfb8bc100421c2737b6,1,1,1,259.0,19.91,259.0,19.91,5.0,6.0,-24.0,0.0,1,1,SC,sports_leisure,0
5e49e3a44bdeb5aab2684258bbd4f525,3,3,3,507.0,52.769999999999996,169.0,17.59,4.666666666666667,16.0,-10.666666666666666,0.3333333333333333,2,1,SC,sports_leisure,91
5e9f5bd34e0830569f05c9d4f56e04a8,2,2,2,239.98,34.88,119.99,17.44,4.5,9.5,-10.5,0.0,1,1,RS,luggage_accessories,2
5ee7fd217d08dfe5d3e2f51f96a12c9a,9,9,9,1165.5,269.68,129.5,29.964444444444446,3.4444444444444446,16.333333333333332,-8.333333333333334,0.2222222222222222,8,2,SP,auto,429
5eeb9c756d9780b96283e5a2ac6da334,9,9,9,2471.0,247.74,274.55555555555554,27.526666666666667,4.222222222222222,16.22222222222222,-9.333333333333334,0.2222222222222222,7,1,SP,sports_leisure,281
5ef131ac72773e5b3f6c0d63cf424657,10,11,10,575.79,246.2,52.344545454545454,22.38181818181818,3.8181818181818183,5.818181818181818,-10.363636363636363,0.0,8,1,SP,toys,52
5f0057b677eb963672bf05dfa3f16c34,5,5,5,312.88,67.01,62.576,13.402000000000001,4.2,6.75,-35.0,0.0,5,3,SP,audio,135
5f06030071324cc52bf0304014ac7234,4,4,4,783.96,100.35000000000001,195.99,25.087500000000002,4.0,9.75,-14.25,0.0,1,1,SP,bed_bath_table,5
5f1dc28029d2c244352a68107ec2b542,62,78,62,2807.3,996.16,35.991025641025644,12.771282051282052,4.428571428571429,8.85897435897436,-15.948717948717949,0.02564102564102564,36,10,SP,health_beauty,514
5f2684dab12e59f83bef73ae57724e45,68,74,68,9000.87,1122.19,121.6333783783784,15.16472972972973,3.77027027027027,9.849315068493151,-11.082191780821917,0.05405405405405406,29,5,SP,toys,693
5f26c1408a65b42a7224cd463bdf3292,10,10,10,1139.8,217.29,113.97999999999999,21.729,4.8,6.1,-15.4,0.0,9,2,PR,health_beauty,59
5f3ae9136c875522250f8184f253413a,43,46,43,1158.0,615.76,25.17391304347826,13.386086956521739,4.5777777777777775,7.2,-12.11111111111111,0.043478260869565216,24,2,SP,books_technical,218
5f57db27027655e6c6a391601daa0258,1,1,1,98.0,53.04,98.0,53.04,5.0,14.0,-8.0,0.0,1,1,ES,auto,0
5f5a58930c3c35f3b5af264f34fb8c85,3,3,2,560.0,68.59,186.66666666666666,22.863333333333333,5.0,7.666666666666667,-22.0,0.0,2,2,SP,home_appliances_2,24
5f5b43b2bffa8656e4bc6efeb13cc649,27,29,27,3677.2,555.45,126.8,19.153448275862072,4.448275862068965,13.517241379310345,-13.89655172413793,0.034482758620689655,18,4,SP,stationery,204
5f67c6082caacb26e431a7b17940cece,13,14,13,1662.6,208.43,118.75714285714285,14.887857142857143,3.5714285714285716,21.857142857142858,-1.8571428571428572,0.21428571428571427,3,1,PR,computers_accessories,173
5f7300535881cef3b625fd683cf7d145,10,11,10,665.98,170.85,60.54363636363637,15.531818181818181,4.454545454545454,9.363636363636363,-13.0,0.0,7,2,RS,unknown,279
5fd924b4836098a5be0ecf81ba054ce0,7,8,7,1148.8,135.54,143.6,16.9425,4.0,7.125,-24.875,0.0,8,1,SP,garden_tools,42
602044f2c16190c2c6e45eb35c2e21cb,50,57,50,3739.16,938.28,65.59929824561404,16.461052631578948,2.9642857142857144,15.345454545454546,-8.127272727272727,0.19298245614035087,27,1,SP,bed_bath_table,307
6025c79c035c3d772133b8b8238463b2,2,4,1,989.74,108.59,247.435,27.1475,5.0,7.5,-8.75,0.0,3,1,PR,auto,19
6039e27294dc75811c0d8a39069f52c0,64,75,64,13670.7,2376.4700000000003,182.276,31.68626666666667,3.8266666666666667,17.472972972972972,-7.094594594594595,0.21333333333333335,10,3,SP,electronics,541
60562ab00b8054280520d390c8c0045c,17,17,17,2943.0,304.09,173.11764705882354,17.88764705882353,4.764705882352941,9.764705882352942,-14.294117647058824,0.0,5,1,SP,auto,289
6061155addc1e54b4cfb51c1c2a32ad8,28,33,27,15633.4,879.91,473.73939393939395,26.663939393939394,4.696969696969697,5.393939393939394,-9.090909090909092,0.030303030303030304,15,2,SP,pet_shop,86
606ce7768feac12c5e8bd58db8b08f0f,5,5,5,2916.6,102.26,583.3199999999999,20.452,4.8,9.2,-10.0,0.0,5,1,SP,watches_gifts,105
609e1a9a6c2539919b8205cf7c4e6ff0,87,130,87,6595.23,2687.19,50.73253846153846,20.67069230769231,3.598360655737705,9.892307692307693,-17.215384615384615,0.015384615384615385,69,3,SC,bed_bath_table,208
60ad151920c4f6f3ebbe8cfdf6166779,2,2,2,130.0,20.67,65.0,10.335,1.0,10.6918511755307,-12.0,0.0,1,1,SP,computers_accessories,4
60da8bfa7eebe230b7d66ac4082d79b3,3,3,3,86.6,38.67,28.866666666666664,12.89,4.333333333333333,7.333333333333333,-8.333333333333334,0.3333333333333333,2,2,SP,computers_accessories,15
610f72e407cdd7caaa2f8167b0163fd8,16,17,16,13585.16,844.29,799.1270588235294,49.66411764705882,3.7058823529411766,12.0,-9.941176470588236,0.11764705882352941,16,1,SP,bed_bath_table,144
612170e34b97004b3ba37eae81836b4c,107,110,107,23065.02,2307.06,209.68200000000002,20.973272727272725,4.427272727272728,10.49090909090909,-18.40909090909091,0.00909090909090909,48,12,RS,watches_gifts,71
612a743d294c27884fb7b80d2b19ba35,2,3,2,3057.7000000000003,104.45,1019.2333333333335,34.81666666666667,4.333333333333333,8.0,-23.666666666666668,0.0,2,2,PR,furniture_decor,567
615005a3ef192c00c6f0e977cee3d2bc,10,11,10,286.5,155.64,26.045454545454547,14.149090909090908,3.909090909090909,13.0,-11.0,0.09090909090909091,2,1,SP,sports_leisure,127
615c3462099ffa940d37b17dfda19594,2,2,2,229.0,32.05,114.5,16.025,5.0,7.5,-15.5,0.0,2,1,RJ,health_beauty,40
6179a28a13a726c29b3bf54c070dccab,2,2,2,600.0,86.24000000000001,300.0,43.120000000000005,3.0,25.0,-10.0,0.0,1,1,MG,luggage_accessories,53
6187a137b2af59dfdbad8d9f8c373c14,2,2,2,74.8,30.22,37.4,15.11,3.0,13.0,-11.5,0.0,1,1,SP,bed_bath_table,38
61b18775be84fb700a6b2d0ba097bf66,4,5,4,334.5,101.51,66.9,20.302,4.6,11.6,-10.0,0.0,4,1,SP,pet_shop,126
61b893c57e33626afb104d4112b1be76,1,1,1,74.99,13.1,74.99,13.1,1.0,10.6918511755307,-12.0,0.0,1,1,MG,furniture_decor,0
61c36f0fc4a47f9532e5512b66668e62,1,1,1,750.0,17.69,750.0,17.69,1.0,12.0,-7.0,0.0,1,1,SP,watches_gifts,0
61f159ef6da2d441951d2c0efa719362,3,3,3,154.97,61.01,51.656666666666666,20.336666666666666,1.0,10.6918511755307,-12.0,0.0,3,3,ES,baby,111
620c87c171fb2a6dd6e8bb4dec959fc6,740,798,726,114774.5,14135.21,143.82769423558898,17.71329573934837,4.214285714285714,12.426376440460947,-13.856594110115237,0.08145363408521303,129,2,RJ,health_beauty,688
6219ba2359cfb97f2e38fd4c321eb309,6,6,6,487.5,103.05,81.25,17.175,3.4,23.4,2.2,0.5,4,1,SP,housewares,282
6235903333ba7de1928c869e268e5964,1,1,1,94.06,41.42,94.06,41.42,5.0,4.0,-17.0,0.0,1,1,SC,drinks,0
623ad9d0c1e14bb5464a8c72bff7b4af,1,1,1,95.0,38.96,95.0,38.96,4.0,24.0,-1.0,0.0,1,1,MG,unknown,0
624f4ece8da4aafb77699233d480f8ef,53,55,52,9205.0,1722.37,167.36363636363637,31.31581818181818,4.185185185185185,13.018518518518519,-10.981481481481481,0.07272727272727272,9,2,SP,furniture_decor,684
626ab1cd96932367f0eeec2e47046c12,3,3,3,1310.0,80.47,436.6666666666667,26.823333333333334,4.666666666666667,6.666666666666667,-14.0,0.0,3,2,SP,garden_tools,193
62760d278921b5f352461620d68a9cee,3,3,3,397.0,53.1,132.33333333333334,17.7,3.6666666666666665,19.333333333333332,-14.333333333333334,0.3333333333333333,2,1,SP,furniture_decor,8
6288c69c4ce638e59925e59193f98b16,22,22,21,4506.28,306.2,204.83090909090907,13.918181818181818,3.9545454545454546,9.05,-12.05,0.045454545454545456,7,4,SP,toys,505
62c50c1af4dfdc4149d25c5222043d39,14,19,14,2785.7200000000003,310.31,146.61684210526317,16.332105263157896,3.263157894736842,13.0,-16.88235294117647,0.0,5,5,SP,fixed_telephony,351
62d977e2b2aee830de3e039a28490d12,2,2,2,399.8,32.32,199.9,16.16,1.0,10.6918511755307,-12.0,0.0,1,1,PR,unknown,2
62de60d81c55c29d76a6bce418b31cef,1,1,1,103.0,23.87,103.0,23.87,4.0,16.0,-2.0,0.0,1,1,SP,auto,0
630008e0f062605a415d694489f6f82e,2,3,2,105.15,30.35,35.050000000000004,10.116666666666667,3.0,17.0,-7.0,0.0,2,1,SP,electronics,7
63191ead8d3b2f937cd1996fdcbbad20,1,1,1,367.0,53.29,367.0,53.29,5.0,11.0,-26.0,0.0,1,1,SP,musical_instruments,0
63272377184e969942f7fff221be858d,2,2,2,149.7,66.53,74.85,33.265,5.0,11.5,-8.5,0.0,2,1,SP,housewares,0
6338ea67c41078a46ad99cc009654956,37,44,35,2286.09,924.3,51.95659090909091,21.00681818181818,4.609756097560975,12.659090909090908,-15.772727272727273,0.0,21,1,RS,auto,560
633ecdf879b94b5337cca303328e4a25,6,6,6,1037.6000000000001,87.89,172.93333333333337,14.648333333333333,1.8,25.333333333333332,6.5,0.6666666666666666,2,1,SP,health_beauty,7
634964b17796e64304cadf1ad3050fb7,268,326,262,39465.1,5955.43,121.0585889570552,18.268190184049082,3.8584615384615386,14.077399380804954,-10.34984520123839,0.08895705521472393,28,11,RJ,watches_gifts,278
63704069d9bd3a75c1cf59babe56004a,1,1,1,59.3,7.39,59.3,7.39,1.0,18.0,7.0,1.0,1,1,SP,drinks,0
638cba8be1fb599bbb76fd6948351eb3,17,26,17,598.1999999999999,315.67,23.007692307692306,12.141153846153847,4.615384615384615,8.136363636363637,-11.545454545454545,0.0,12,2,SP,sports_leisure,143
63a79f5a7eb5cb48a7e5787b141c7993,11,11,11,815.1,200.82999999999998,74.10000000000001,18.257272727272724,4.545454545454546,5.909090909090909,-14.090909090909092,0.0,6,2,MG,toys,96
63b464dbf392c7b80d12d932fa7cafed,37,39,37,6781.0,881.25,173.87179487179486,22.596153846153847,3.6923076923076925,12.81578947368421,-14.842105263157896,0.05128205128205128,17,1,SP,furniture_decor,361
63b9ae557efed31d1f7687917d248a8d,5,7,5,139.5,102.81,19.928571428571427,14.687142857142858,4.428571428571429,15.714285714285714,-18.857142857142858,0.0,6,2,SP,furniture_decor,131
63bc58679c44e8a998792119fd7ad23e,1,1,1,19.9,14.11,19.9,14.11,1.0,10.6918511755307,-12.0,0.0,1,1,SP,health_beauty,0
63ffcb71394dd8ea3872ed9ffda17c74,17,17,17,399.0,264.72,23.470588235294116,15.571764705882355,3.176470588235294,12.764705882352942,-11.058823529411764,0.058823529411764705,5,2,RJ,unknown,174
640e21a7d01df7614a3b4923e990d40c,116,137,115,7598.88,2446.24,55.46627737226277,17.85576642335766,4.262773722627737,9.992647058823529,-10.316176470588236,0.0364963503649635,12,1,SP,bed_bath_table,161
6426d21aca402a131fc0a5d0960a3c90,23,23,23,1209.64,384.18,52.593043478260874,16.703478260869566,4.173913043478261,10.434782608695652,-13.521739130434783,0.0,9,4,SP,bed_bath_table,139
643214e62b870443ccbe55ab29a4dccf,66,68,66,3270.13,929.65,48.09014705882353,13.671323529411765,4.426470588235294,9.045454545454545,-10.712121212121213,0.11764705882352941,32,2,SP,fashion_bags_accessories,325
643c01d7c56a724bec0454f4780e8a3e,2,2,2,205.55,41.1,102.775,20.55,4.5,9.5,-19.5,0.0,2,1,SC,garden_tools,40
6481e96574816ead57975da2c0f6d80d,32,43,30,3324.9,1015.96,77.3232558139535,23.62697674418605,4.1395348837209305,6.767441860465116,-11.232558139534884,0.023255813953488372,20,5,SP,signaling_and_security,210
64b87978a11c1ea7501a89eabe8c2c1a,7,7,7,489.92999999999995,101.9,69.99,14.557142857142859,2.0,10.6918511755307,-12.0,0.0,2,1,SP,health_beauty,13
64c9a1db4e73e19aaafd3286dc448c96,1,1,1,439.0,43.6,439.0,43.6,5.0,9.0,-9.0,0.0,1,1,PR,housewares,0
64cc804291f90c81f02bfc2bb58ff55a,2,2,2,517.6,46.54,258.8,23.27,5.0,14.5,-8.5,0.0,2,1,PR,furniture_decor,94
651530bf5c607240ccdd89a30c9c9712,1,1,1,199.9,24.55,199.9,24.55,4.0,11.0,-15.0,0.0,1,1,BA,fashion_bags_accessories,0
651fe66032c9520ee5587f694908040d,7,7,7,464.0,128.73,66.28571428571429,18.389999999999997,4.0,6.428571428571429,-9.0,0.0,6,2,RS,fashion_bags_accessories,36
6524b847b982cd56bb5d4b02b776ee42,1,2,1,779.8,55.14,389.9,27.57,4.0,42.0,16.0,1.0,1,1,SP,computers_accessories,0
6548c2550b6e2d8f18053216e1c7b6f3,3,5,3,217.7,69.85000000000001,43.54,13.970000000000002,5.0,6.2,-7.6,0.0,3,1,SP,housewares,57
655220df33262c7e0c4949a147366f94,13,15,13,2245.0,681.53,149.66666666666666,45.43533333333333,4.2,11.733333333333333,-8.466666666666667,0.13333333333333333,3,2,SP,luggage_accessories,120
6560211a19b47992c3666cc44a7e94c0,1854,2033,1824,123304.83,27960.94,60.65166256763404,13.753536645351696,3.908142999006951,9.058617234468938,-11.710420841683367,0.05017215937038859,256,7,SP,watches_gifts,558
6561d6bf844e464b4019442692b40e02,1,1,1,41.9,7.55,41.9,7.55,5.0,1.0,-7.0,0.0,1,1,SP,sports_leisure,0
6562efe88ce0826a4ca4f189f03b4b84,9,21,9,1135.8999999999999,300.31,54.09047619047618,14.300476190476191,4.0476190476190474,15.2,-12.15,0.09523809523809523,7,1,PR,furniture_decor,300
656591be56071d4c9ef4e5fee78a578a,7,11,7,1702.0,319.2,154.72727272727272,29.018181818181816,4.636363636363637,13.909090909090908,-5.545454545454546,0.2727272727272727,3,1,SP,office_furniture,61
6576fd3e23c88f0e5d4d23f39bba0542,1,1,1,14.5,10.96,14.5,10.96,1.0,10.6918511755307,-12.0,0.0,1,1,SP,garden_tools,0
657969cca82e884d272385ec0ef06edd,3,3,3,139.70000000000002,51.86,46.56666666666667,17.286666666666665,4.666666666666667,7.333333333333333,-24.333333333333332,0.0,3,1,RS,sports_leisure,91
659e8466eb3ff1b0e8740d74fb7bbedd,11,14,11,1486.8,393.2,106.2,28.085714285714285,4.5,9.285714285714286,-19.928571428571427,0.0,9,1,BA,health_beauty,353
65a7c0788e4d632ccb5e1b594b87f0bb,3,9,3,266.7,117.42,29.633333333333333,13.046666666666667,4.111111111111111,11.222222222222221,-13.0,0.0,6,1,SP,drinks,128
65b081a070633e057c462abdd6fb9dd8,19,20,19,1885.09,441.58,94.2545,22.079,4.35,11.25,-17.7,0.0,16,1,GO,perfumery,193
65c255b299faf2d12050937cc219c46c,2,2,2,88.2,21.88,44.1,10.94,4.5,6.5,-12.5,0.0,1,1,SP,perfumery,36
65febd49fd28ec955651299159b1f527,35,40,35,4319.7,981.44,107.99249999999999,24.536,4.225,6.605263157894737,-13.473684210526315,0.0,14,1,SP,housewares,127
6601ee6383e7f452be71929f8de48bbb,2,2,2,153.6,28.34,76.8,14.17,4.0,14.0,-17.5,0.0,2,1,SP,perfumery,11
6614814a00d344b846ae209f95ee7e3f,1,1,1,13.0,12.69,13.0,12.69,1.0,4.0,-16.0,0.0,1,1,SP,art,0
661ad5fcc28cdfb8bcadb12bb2272475,4,7,4,209.92999999999998,119.78,29.99,17.111428571428572,5.0,13.0,-15.142857142857142,0.0,1,1,SC,pet_shop,183
6624bc09786f0e41ae48dfc5eeb1a9e2,1,1,1,89.54,17.47,89.54,17.47,5.0,15.0,-34.0,0.0,1,1,MG,garden_tools,0
6650fcccd8cd2f7e55ffa524f30c4c59,3,3,3,529.7,166.0,176.5666666666667,55.333333333333336,2.6666666666666665,7.5,-12.5,0.0,2,1,SP,luggage_accessories,63
666658b8da8370f30e1f89893b1de5e6,1,2,1,298.0,23.34,149.0,11.67,5.0,10.6918511755307,-12.0,0.0,1,1,SP,garden_tools,0
668bf321538e5072858eaef6087ce027,1,1,1,19.9,8.11,19.9,8.11,5.0,4.0,-10.0,0.0,1,1,PR,housewares,0
66922902710d126a0e7d26b0e3805106,151,156,151,14362.3,3218.77,92.06602564102563,20.633141025641027,4.451612903225806,10.961290322580645,-10.251612903225807,0.07051282051282051,20,1,MG,pet_shop,464
669ae81880e08f269a64487cfb287169,162,186,162,13248.87,3372.59,71.23048387096775,18.13220430107527,4.135135135135135,11.497297297297298,-14.281081081081082,0.03763440860215054,16,3,SC,sports_leisure,564
66d5ae34537110d3affc56174dad2b2f,1,3,1,33.81,38.37,11.270000000000001,12.79,1.0,10.6918511755307,-12.0,0.0,1,1,SP,costruction_tools_garden,0
66dc1b1632bd6a3e508510c5b3492107,37,42,37,3721.39,727.87,88.60452380952381,17.330238095238094,3.4285714285714284,10.0,-14.439024390243903,0.023809523809523808,20,7,SP,sports_leisure,388
66e0557ecc2b4dbea057e93f215f68d8,31,31,31,12480.0,497.99,402.5806451612903,16.0641935483871,3.935483870967742,31.3,-8.9,0.1935483870967742,19,1,SP,consoles_games,264
66fd84ee7528c0c0de85d0f44a73d5ab,11,21,11,1438.11,453.19,68.48142857142857,21.58047619047619,2.9047619047619047,14.285714285714286,-17.666666666666668,0.047619047619047616,9,2,RS,computers_accessories,127
670a9dda115b5a88b18cfadee8de2332,11,11,10,918.9000000000001,183.09,83.53636363636365,16.644545454545455,4.454545454545454,11.727272727272727,-17.818181818181817,0.0,10,3,SP,fashion_bags_accessories,351
670c26e0f1bf8d0576271d5cfaec6d2b,78,87,76,6341.6,1694.03,72.89195402298851,19.471609195402298,4.310344827586207,13.255813953488373,-13.755813953488373,0.04597701149425287,15,2,PR,sports_leisure,269
671585f5a2af58b6e276bc01003c0d2b,27,27,27,1244.0,448.11,46.074074074074076,16.596666666666668,4.703703703703703,5.148148148148148,-13.962962962962964,0.0,5,1,PR,housewares,29
67225bff54a172ff67579aaf583efd78,8,8,7,1238.0,155.10999999999999,154.75,19.388749999999998,4.5,13.125,-11.375,0.0,7,1,PA,sports_leisure,141
674207551483fec113276b67b0d871ff,1,1,1,119.9,13.94,119.9,13.94,5.0,1.0,-11.0,0.0,1,1,SP,housewares,0
6750d71153f00fc58829af2a8ef1bcf1,6,6,6,3514.0,112.5,585.6666666666666,18.75,4.166666666666667,9.0,-16.833333333333332,0.0,6,1,RJ,sports_leisure,133
67883baaae6134ee81b271a542613728,19,19,19,8167.9,328.12,429.8894736842105,17.269473684210528,4.105263157894737,5.368421052631579,-6.105263157894737,0.05263157894736842,16,2,SP,watches_gifts,35
679769a98cfcc6da877c8486ff1c13f3,21,21,21,7029.0,438.39,334.7142857142857,20.875714285714285,4.571428571428571,9.095238095238095,-15.619047619047619,0.0,2,1,MG,health_beauty,544
67bf6941ba2f1fa1d02c375766bc3e53,16,22,16,5610.0,1419.68,255.0,64.53090909090909,4.0,11.45,-10.2,0.045454545454545456,4,3,PR,office_furniture,345
67e43d802fde8cfd3f9580124f8167d1,2,3,2,36.0,42.36,12.0,14.12,1.0,10.6918511755307,-12.0,0.0,1,1,SP,bed_bath_table,17
6806dad1da97bfb5a9038eac6881f706,10,14,10,1477.0,306.26,105.5,21.875714285714285,3.9642857142857144,12.785714285714286,-13.785714285714286,0.0,9,4,PR,auto,236
681fce914360217db47784ae28905a96,23,24,22,4127.33,444.47,171.97208333333333,18.519583333333333,3.869565217391304,12.333333333333334,-13.208333333333334,0.125,9,3,PR,perfumery,283
6824a69c9ea0313eba299dd4a2dba09a,6,7,6,666.9,117.18,95.27142857142857,16.740000000000002,4.714285714285714,4.0,-14.142857142857142,0.0,6,3,MG,construction_tools_construction,27
685b870da5b52a710782c9c0fefbeb5b,2,2,2,627.0,43.98,313.5,21.99,2.0,39.5,16.0,1.0,2,1,SP,musical_instruments,82
6860153b69cc696d5dcfe1cdaaafcf62,74,84,74,3827.63,1490.6,45.56702380952381,17.745238095238093,4.156626506024097,9.773809523809524,-9.607142857142858,0.07142857142857142,22,3,SP,construction_tools_construction,275
6861de0f40cacb0602e473c51639f980,5,8,5,674.0,275.73,84.25,34.46625,2.625,13.25,-20.125,0.125,2,1,PR,office_furniture,228
686886775c8f6b1191c7b953fb52708c,1,1,1,189.0,13.62,189.0,13.62,5.0,3.0,-14.0,0.0,1,1,SP,furniture_decor,0
6879c4d287a8dd06b11f54ea8f78e4da,6,6,6,527.67,149.46,87.945,24.91,4.333333333333333,6.333333333333333,-12.0,0.0,3,3,SP,health_beauty,61
688756f717c462a206ad854c5027a64a,83,101,83,5966.54,1934.91,59.074653465346536,19.157524752475247,3.7755102040816326,10.353535353535353,-7.707070707070707,0.039603960396039604,40,5,SP,housewares,133
68ca56ce86830f3d31b1b7ec6a54da3e,6,6,6,719.59,143.37,119.93166666666667,23.895,3.8333333333333335,4.6,-16.8,0.0,5,4,PR,housewares,29
68f86ba270525243e68ae74044f992b9,11,12,11,876.5,194.81,73.04166666666667,16.234166666666667,4.25,10.0,-13.727272727272727,0.0,7,1,RJ,health_beauty,353
6902157ee16728322d61a1321fa79e58,2,2,2,159.8,31.630000000000003,79.9,15.815000000000001,3.0,10.0,-20.0,0.0,1,1,SP,telephony,15
693660429f9dc4ff704eb3d88dad54d7,2,2,2,124.0,24.119999999999997,62.0,12.059999999999999,4.0,3.5,-17.0,0.0,1,1,SP,electronics,0
695051e2981c8b19e77cafe450d5bdf3,1,1,1,169.76,12.69,169.76,12.69,5.0,20.0,-8.0,0.0,1,1,SP,unknown,0
6973a06f484aacf400ece213dbf3d946,95,115,94,11011.05,1363.57,95.74826086956521,11.857130434782608,3.526315789473684,14.592592592592593,-7.453703703703703,0.1391304347826087,13,1,SP,computers_accessories,162
698624c6632eeba1774924dbea24c700,1,1,1,19.9,15.23,19.9,15.23,5.0,6.0,-11.0,0.0,1,1,SP,unknown,0
6989574bd97d9773f10d232b6c07da59,7,7,7,2478.3999999999996,321.1,354.0571428571428,45.871428571428574,4.857142857142857,10.285714285714286,-12.428571428571429,0.0,4,2,PR,luggage_accessories,489
698f5fa55a5f73d0740e9d9a773e8093,4,6,4,120.0,83.99,20.0,13.998333333333333,4.833333333333333,5.5,-14.666666666666666,0.0,2,1,RJ,health_beauty,7
69a43819c758c65a5befb0b471c954d7,2,3,2,299.85,100.91,99.95,33.63666666666666,4.0,14.0,-24.333333333333332,0.0,3,1,PR,fashion_bags_accessories,93
69b5eaa096c3f9d1e5c398c597f567d6,2,2,2,938.0,49.02,469.0,24.51,5.0,6.0,-6.0,0.0,1,1,SP,housewares,9
6a0cbc8af2e8abd1bdfb777943d174c6,35,35,35,3894.05,745.37,111.25857142857143,21.296285714285716,4.0588235294117645,15.117647058823529,-8.941176470588236,0.08571428571428572,5,2,SP,sports_leisure,421
6a3139c7bf09ece22a4713d956acbe5e,1,1,1,61.9,14.74,61.9,14.74,5.0,3.0,-13.0,0.0,1,1,SP,sports_leisure,0
6a38087bc8ad4f89ff453561005f6dea,15,22,15,1833.43,547.92,83.33772727272728,24.905454545454543,4.409090909090909,11.636363636363637,-11.909090909090908,0.0,3,2,GO,computers_accessories,91
6a51fc556dab5f766ced6fbc860bc613,26,33,26,7577.67,792.58,229.62636363636364,24.01757575757576,3.9393939393939394,14.709677419354838,-11.580645161290322,0.06060606060606061,18,5,SP,air_conditioning,499
6a53b90c3ad9e0b56d9fe5c69165fff5,2,4,2,139.78,55.0,34.945,13.75,3.5,11.0,-7.0,0.0,2,2,PR,baby,78
6a8a889bde935bafa76d7848782dfaf9,26,30,24,860.8199999999999,367.79999999999995,28.694,12.259999999999998,3.933333333333333,7.166666666666667,-15.1,0.06666666666666667,6,2,SP,small_appliances,74
6a8b085f816a1f75f92dbac6eb545f8f,127,135,126,6018.97,2177.99,44.58496296296296,16.13325925925926,4.12962962962963,13.962406015037594,-10.203007518796992,0.07407407407407407,71,1,SP,auto,389
6aa3928696eab49a19a466e665a649fd,18,22,17,2075.0,335.68,94.31818181818181,15.258181818181818,4.545454545454546,7.681818181818182,-14.045454545454545,0.045454545454545456,12,1,RJ,health_beauty,160
6b15924333bd1a741595fe981ea04822,21,21,21,614.3199999999999,240.14000000000001,29.25333333333333,11.435238095238097,4.666666666666667,7.285714285714286,-11.285714285714286,0.0,5,1,SP,health_beauty,153
6b1c4d4d9ccf0be3d8544eb0e71e5318,1,1,1,1699.0,60.04,1699.0,60.04,5.0,12.0,-14.0,0.0,1,1,RS,computers_accessories,0
6b243f80ed07b10f0e8aa0f21a205f3c,79,89,76,6260.1,1547.3,70.33820224719102,17.385393258426966,4.022471910112359,10.561797752808989,-14.426966292134832,0.033707865168539325,31,1,PR,sports_leisure,400
6b2612338467c08c9b25f0cc55b1578d,1,1,1,92.9,20.97,92.9,20.97,4.0,16.0,-22.0,0.0,1,1,PR,agro_industry_and_commerce,0
6b333a05bf188ef3e1f1662a86bd9855,12,13,12,3990.91,563.97,306.9930769230769,43.38230769230769,4.384615384615385,9.538461538461538,-8.76923076923077,0.07692307692307693,9,6,DF,auto,194
6b3bd31ad8fcda4b2635ec9f3ff2ecdf,36,43,36,4198.9,757.02,97.64883720930231,17.605116279069765,3.86046511627907,12.380952380952381,-9.952380952380953,0.09302325581395349,19,2,RJ,sports_leisure,139
6b536a23086fba0d58c08d68814397f6,19,23,19,2068.8,369.17,89.94782608695652,16.050869565217393,3.9130434782608696,13.681818181818182,-11.5,0.08695652173913043,5,2,RJ,sports_leisure,276
6b803197e03abd5056b4313306b4f29d,7,12,6,407.0,123.62,33.916666666666664,10.301666666666668,4.833333333333333,4.25,-8.333333333333334,0.0,5,2,SP,food,194
6b89abe95848c850399130d149a39b63,8,8,8,1135.2,330.53,141.9,41.31625,4.375,10.625,-13.625,0.0,2,1,GO,unknown,56
6b90f847357d8981edd79a1eb1bf0acb,45,47,45,3322.08,737.65,70.68255319148936,15.69468085106383,4.361702127659575,5.0212765957446805,-9.063829787234043,0.0,12,6,SP,health_beauty,82
6b9b80d53ba3676eafe60268a810b5a1,10,10,10,882.7,172.96,88.27000000000001,17.296,3.9,11.444444444444445,-15.11111111111111,0.0,3,1,SP,sports_leisure,208
6ba4733aa33f6386e9fb0c0fd3993b38,3,3,3,149.79,60.09,49.93,20.03,4.666666666666667,12.0,-11.333333333333334,0.0,3,2,RS,unknown,122
6bb0724edf0b62fb91ac404873a97241,17,18,17,3653.0,763.52,202.94444444444446,42.41777777777778,4.5,13.61111111111111,-10.444444444444445,0.05555555555555555,10,1,SP,electronics,405
6bb62a4912377c7bfe7cb17b406bc7e6,4,6,4,739.52,105.87,123.25333333333333,17.645,4.5,4.833333333333333,-7.333333333333333,0.0,5,3,SP,construction_tools_safety,14
6bb66d9870c2e01c05655c7ed0e7ee13,3,3,3,269.0,52.02,89.66666666666667,17.34,3.6666666666666665,7.666666666666667,-15.333333333333334,0.0,1,1,SP,unknown,3
6bbcb8924baf70b7fe2fe2097e8cd407,10,11,10,2382.5,264.33,216.5909090909091,24.029999999999998,4.545454545454546,11.0,-18.636363636363637,0.0,7,2,SC,party_supplies,269
6bcb2352a2a0c38b845f598298ab9d26,2,2,2,31.8,27.58,15.9,13.79,3.0,11.0,-14.0,0.0,1,1,PR,computers_accessories,104
6bd503a8230299c9316fb0f726933927,4,5,4,324.28999999999996,129.6,64.85799999999999,25.919999999999998,4.6,9.8,-6.6,0.2,5,2,GO,perfumery,34
6bd69102ab48df500790a8cecfc285c2,5,5,5,8070.0,289.02,1614.0,57.803999999999995,3.0,15.8,-3.6,0.2,3,1,SP,agro_industry_and_commerce,318
6bef34c5be6f2bbd70aa5165f6df94b1,2,2,2,1198.0,132.88,599.0,66.44,2.0,16.0,-10.0,0.0,1,1,SC,consoles_games,17
6c12e40690c335dbc2f68a4134d30dc1,16,18,16,9139.2,485.06,507.73333333333335,26.947777777777777,4.0625,13.722222222222221,-13.38888888888889,0.0,12,3,PR,sports_leisure,531
6c177e38df6d3f34182b1f1d427231bf,55,56,55,8341.89,1034.64,148.9623214285714,18.475714285714286,4.035714285714286,13.87037037037037,-14.74074074074074,0.017857142857142856,20,6,PR,telephony,560
6c17baf138731a4aaacc3210adf2037b,4,5,4,538.8,89.92,107.75999999999999,17.984,5.0,7.0,-7.6,0.0,5,1,SP,perfumery,14
6c1b6d0c604b776f844125f911eb7377,5,5,5,443.06,81.44,88.612,16.288,3.4,17.25,-15.0,0.0,3,3,SP,auto,39
6c6cc59a5c00cacc5054ca06d65cc282,1,1,1,1107.0,148.71,1107.0,148.71,5.0,9.0,-17.0,0.0,1,1,RS,pet_shop,0
6c6e3d67f969468f3bfd33f827a31222,5,6,5,224.0,92.41,37.333333333333336,15.401666666666666,4.833333333333333,8.833333333333334,-12.0,0.0,4,1,PR,computers_accessories,150
6c77cd583b36a13aacccf2b3ee23e233,1,1,1,18.9,12.79,18.9,12.79,5.0,6.0,-12.0,0.0,1,1,SP,furniture_decor,0
6c7d50c24b3ccd2fd83b44d8bb34e073,114,128,113,8699.34,2770.85,67.96359375,21.647265625,4.3858267716535435,11.634920634920634,-11.912698412698413,0.015625,12,2,SP,furniture_decor,403
6c9875b2f94ba781186f0c1aed8d1687,2,4,2,25.0,38.05,6.25,9.5125,5.0,3.25,-16.5,0.0,2,1,SP,pet_shop,83
6c99c983ce3b6ba0ab813e6790e81691,9,9,9,546.75,205.76,60.75,22.862222222222222,3.7777777777777777,5.555555555555555,-15.777777777777779,0.0,5,2,MG,toys,67
6cd68b3ed6d59aaa9fece558ad360c0a,149,157,149,11188.57,2529.89,71.26477707006369,16.113949044585986,4.445859872611465,9.961783439490446,-14.318471337579618,0.012738853503184714,54,5,MG,luggage_accessories,452
6cf476a4ca74498db55cbccdaa9dcfb6,6,7,6,939.9300000000001,185.57,134.2757142857143,26.509999999999998,2.7142857142857144,34.0,-2.8333333333333335,0.2857142857142857,5,2,SP,fashion_underwear_beach,237
6d04126aba80df143fd038e711b8fd96,1,1,1,89.99,18.87,89.99,18.87,1.0,37.0,16.0,1.0,1,1,RJ,sports_leisure,0
6d1b9c9579132c87d2703ec38c30f2c5,4,4,4,299.69,67.7,74.9225,16.925,4.5,9.0,-15.5,0.0,3,2,PR,baby,129
6d22a1fcebb6dd08c9cd90b92a93e8d0,12,13,12,723.7,222.73,55.66923076923077,17.13307692307692,4.3076923076923075,15.384615384615385,-10.23076923076923,0.0,9,2,SC,health_beauty,151
6d2f2e3b539480db1e0842b3a4e32e6e,3,6,3,305.96,168.3,50.99333333333333,28.05,4.333333333333333,4.833333333333333,-8.833333333333334,0.0,2,1,SP,furniture_decor,13
6d66611d7c44cc30ce351abc49a68421,166,176,165,13593.4,3260.97,77.23522727272727,18.528238636363636,3.913793103448276,11.632183908045977,-10.758620689655173,0.0625,59,6,SP,musical_instruments,569
6d7f8d9d594e28796b6b3205b00f459c,3,3,3,417.9,59.11,139.29999999999998,19.703333333333333,3.6666666666666665,14.666666666666666,-5.0,0.0,2,1,PR,furniture_decor,63
6d803cb79cc31c41c4c789a75933b3c7,58,66,56,8711.4,1213.67,131.9909090909091,18.388939393939395,4.28030303030303,12.469696969696969,-14.151515151515152,0.06060606060606061,17,1,SP,sports_leisure,316
6d988d6174a2c27441597174f8905515,19,23,18,371.73,365.47,16.16217391304348,15.89,4.260869565217392,18.82608695652174,-9.434782608695652,0.08695652173913043,6,2,PR,housewares,493
6da1992f915d77be95d7fa48b36904af,7,9,7,261.0,122.66,29.0,13.628888888888888,3.6666666666666665,8.555555555555555,-24.11111111111111,0.0,1,1,SP,unknown,97
6dc9bec584588412a6a338830946a3e4,2,2,2,560.0,107.83,280.0,53.915,1.5,21.0,-44.0,0.0,1,1,SP,furniture_decor,13
6dd7dce75cd55c1ce255dc38d9f0cd46,1,1,1,75.0,21.33,75.0,21.33,4.0,12.0,-20.0,0.0,1,1,SC,cool_stuff,0
6ddc28b61be28373b4503a1f61cf98a9,11,11,11,1732.9,167.19,157.53636363636363,15.19909090909091,4.181818181818182,6.363636363636363,-7.909090909090909,0.09090909090909091,10,2,SP,toys,62
6df688df543f90e9b38f4319e75a9d88,40,56,40,1949.96,783.6,34.82071428571429,13.992857142857144,4.517857142857143,7.7272727272727275,-15.290909090909091,0.0,23,2,MG,health_beauty,294
6e0908ef4d4efadbc3cc2b74ea477cb0,8,11,8,589.4499999999999,160.82999999999998,53.58636363636363,14.62090909090909,4.090909090909091,10.636363636363637,-13.727272727272727,0.09090909090909091,5,2,RJ,furniture_decor,207
6e13dd869aa7185f601c941423abcc8f,5,6,5,522.0,76.08,87.0,12.68,4.833333333333333,4.166666666666667,-12.333333333333334,0.0,2,1,SP,health_beauty,100
6e1862e15f33d9994bc25922a85e1efc,8,14,8,732.49,147.47,52.32071428571429,10.53357142857143,4.666666666666667,3.25,-19.916666666666668,0.0,7,2,SP,signaling_and_security,74
6e2d3e2dc84fb30f6078f39dd3bddd6f,1,1,1,219.0,16.28,219.0,16.28,1.0,10.6918511755307,-12.0,0.0,1,1,PR,musical_instruments,0
6e386f64c84e482f0b9abf960797ee1b,30,30,30,12938.3,625.36,431.27666666666664,20.845333333333333,4.607142857142857,9.862068965517242,-9.586206896551724,0.06666666666666667,13,1,SP,health_beauty,144
6e4a902d1054e4e17aa6eab87fac1c75,7,8,6,586.57,109.13,73.32125,13.64125,4.25,5.75,-5.125,0.125,4,3,SP,home_appliances,14
6e4f5ff6b086632ba8dcb558fb10249e,5,5,5,838.9,214.35,167.78,42.87,3.4,10.2,-17.0,0.0,3,3,RS,home_appliances_2,142
6e85dc5ecd97a61094b89b046a509d8e,1,1,1,169.9,12.69,169.9,12.69,1.0,10.6918511755307,-12.0,0.0,1,1,SP,watches_gifts,0
6e864f5c4669eff3d98140a07cc50202,13,13,13,740.59,191.77,56.96846153846154,14.751538461538463,4.461538461538462,9.538461538461538,-11.461538461538462,0.07692307692307693,5,3,SP,books_general_interest,301
6eb94e1466490d327a09abf8f3552a50,10,10,10,1511.95,237.82,151.195,23.782,4.444444444444445,7.777777777777778,-10.444444444444445,0.0,4,2,SP,health_beauty,121
6ebf4eceee4dd9847201c82e77ef8123,1,1,1,59.9,22.13,59.9,22.13,5.0,15.0,-5.0,0.0,1,1,RJ,health_beauty,0
6ec1a01e866584bb679eb9b098345919,31,32,31,4248.91,814.85,132.7784375,25.4640625,4.133333333333334,14.290322580645162,-5.129032258064516,0.21875,17,2,SP,health_beauty,413
6edacfd9f9074789dad6d62ba7950b9c,208,219,207,13147.1,2940.5,60.032420091324205,13.426940639269406,4.36697247706422,8.550925925925926,-11.648148148148149,0.0410958904109589,144,15,SP,furniture_decor,587
6ee85be3693ed79a8e80718743d80655,9,13,9,484.5,170.82,37.26923076923077,13.139999999999999,1.9230769230769231,28.6,-5.2,0.15384615384615385,4,2,SP,electronics,124
6eeed17989b0ae47c9f11ece6f38ea90,3,3,3,557.0,119.01,185.66666666666666,39.67,3.6666666666666665,6.0,-13.333333333333334,0.0,2,1,SP,auto,55
6f1a1263039c76e68f40a8e536b1da6a,4,7,4,256.39,100.45,36.62714285714286,14.35,2.142857142857143,24.4,6.4,0.14285714285714285,1,1,SP,food,119
6f229cc508fc6915ed5c499efd93baa4,13,14,13,2654.8,333.88,189.62857142857143,23.84857142857143,4.428571428571429,8.714285714285714,-9.0,0.14285714285714285,12,1,RJ,sports_leisure,365
6f835fd4be26989b1b064399da346143,2,2,2,197.8,31.450000000000003,98.9,15.725000000000001,5.0,6.5,-21.0,0.0,1,1,PR,health_beauty,23
6f83d9e4da896daae20b9b6b2d3ff8d2,11,11,11,765.19,219.85,69.56272727272727,19.986363636363635,4.363636363636363,14.636363636363637,-15.090909090909092,0.0,5,2,PR,housewares,131
6f892e20a171e98efe17fdb971ff319b,44,53,44,6438.700000000001,904.16,121.48490566037738,17.059622641509435,3.730769230769231,16.34,-10.14,0.07547169811320754,5,3,SP,telephony,142
6fa9202c10491e472dffd59a3e82b2a3,3,3,3,7014.24,925.01,2338.08,308.33666666666664,4.333333333333333,8.0,-9.0,0.0,1,1,SP,housewares,14
6fc26fe110feebd80a433e1f012a84f9,35,72,33,4150.87,977.19,57.65097222222222,13.572083333333333,4.014705882352941,10.958333333333334,-14.583333333333334,0.06944444444444445,19,1,SP,furniture_decor,565
6fd52c528dcb38be2eea044946b811f8,67,84,67,7743.0199999999995,1138.56,92.17880952380952,13.554285714285713,3.5,20.642857142857142,-11.226190476190476,0.10714285714285714,48,1,SP,bed_bath_table,358
7008613ea464bad5cb9b83456e1e6a8f,127,156,126,7777.0,3083.05,49.8525641025641,19.763141025641026,4.27741935483871,13.631578947368421,-14.151315789473685,0.038461538461538464,19,1,SC,sports_leisure,680
700f03c207639c22d933381ff60b35c2,4,4,4,1189.8600000000001,136.45,297.46500000000003,34.1125,4.0,29.5,0.5,0.5,3,1,SP,pet_shop,417
70125af26c2d6d4ef401a1d02ae7701f,5,8,5,371.2,258.42,46.4,32.3025,4.625,10.25,-3.375,0.0,3,1,GO,sports_leisure,46
70126eecc6aa1274392a1743866e9678,3,3,3,97.39999999999999,47.34,32.46666666666666,15.780000000000001,5.0,5.0,-12.0,0.0,2,2,SP,toys,29
701938c450705b8ae65fc923b70f35c7,75,112,74,11983.28,3808.84,106.99357142857143,34.0075,3.765765765765766,11.963963963963964,-11.675675675675675,0.03571428571428571,9,2,SP,furniture_living_room,429
702835e4b785b67a084280efca355756,1,1,1,7.6,10.96,7.6,10.96,5.0,1.0,-23.0,0.0,1,1,MG,unknown,0
7040e82f899a04d1b434b795a43b4617,212,228,212,9738.2,3217.78,42.71140350877193,14.113070175438597,3.528888888888889,9.802690582959642,-10.443946188340806,0.07017543859649122,60,10,SP,audio,349
70849ca4f400aaabb62cb7462a6f1428,12,12,11,909.58,233.66,75.79833333333333,19.471666666666668,4.416666666666667,10.333333333333334,-11.0,0.16666666666666666,9,5,MG,musical_instruments,247
709e16e2b25c7474d980076c6bfc4806,60,80,60,5151.9,1226.96,64.39874999999999,15.337,4.525,10.0125,-13.2875,0.025,39,5,SP,health_beauty,315
70a12e78e608ac31179aea7f8422044b,315,328,314,30858.53,5606.91,94.08088414634146,17.09423780487805,3.7699386503067487,14.235294117647058,-10.445820433436532,0.09146341463414634,121,15,SP,computers_accessories,580
70b52a4cfc823994561b00bad161b4ed,8,10,8,585.0,100.35,58.5,10.035,4.5,12.0,-26.5,0.0,1,1,SP,auto,511
70bf57d811208f8923b41bbd499a67a4,7,7,7,780.8000000000001,88.93,111.54285714285716,12.704285714285716,4.142857142857143,4.285714285714286,-6.714285714285714,0.0,3,2,SP,cool_stuff,61
70c0fda4c313d87115644d39e62eec60,1,1,1,25.99,37.09,25.99,37.09,5.0,9.0,-14.0,0.0,1,1,PE,housewares,0
70c27847eca8195c983ed7e798c56743,77,98,77,12077.52,1451.66,123.24000000000001,14.812857142857144,4.204081632653061,10.408163265306122,-11.89795918367347,0.07142857142857142,20,1,RJ,pet_shop,141
70c4eedec9cb4a85cda2f3f9673557b4,2,2,2,479.8,32.75,239.9,16.375,5.0,7.0,-17.0,0.0,1,1,SP,computers_accessories,76
70ee69419916dc13e3aed619061f996c,1,1,1,45.0,8.72,45.0,8.72,3.0,14.0,-4.0,0.0,1,1,SP,furniture_decor,0
70eea00b476a314817cefde4aad4f89a,108,114,107,31994.649999999998,2769.52,280.6548245614035,24.294035087719298,4.348214285714286,12.875,-12.258928571428571,0.06140350877192982,30,6,SP,sports_leisure,559
70f7e8018e3d46c748c92f026aa2585a,1,2,1,239.8,37.88,119.9,18.94,5.0,7.0,-22.0,0.0,2,1,SP,health_beauty,0
70f84699be677ec988d1fa824aef7d90,5,5,5,1588.3,116.14,317.65999999999997,23.228,4.6,17.0,-10.4,0.0,4,1,MG,musical_instruments,463
71039d19d4303bf9054d69e9a9236699,35,38,34,3537.2,621.45,93.08421052631579,16.353947368421053,3.6842105263157894,12.921052631578947,-7.2631578947368425,0.23684210526315788,26,3,SP,toys,299
710e3548e02bc1d2831dfc4f1b5b14d4,136,142,134,23979.11,3875.96,168.86697183098593,27.29549295774648,3.397163120567376,13.83941605839416,-21.985401459854014,0.035211267605633804,33,9,PR,furniture_decor,677
71271995e85f5b8530be99ed54a91b89,8,8,8,776.0,120.83,97.0,15.10375,2.5,12.0,-6.833333333333333,0.125,1,1,RS,housewares,229
712e6ed8aa4aa1fa65dab41fed5737e4,79,87,79,39815.0,6889.13,457.64367816091954,79.18540229885058,3.453488372093023,23.388235294117646,-9.811764705882354,0.19540229885057472,24,1,SC,auto,464
712efd3b68f9686dc856b84abd0f21ae,1,1,1,139.0,17.16,139.0,17.16,4.0,7.0,-2.0,0.0,1,1,PR,baby,0
7139dc5186aa238b006e066d8fbab2e4,22,24,22,1712.0,535.93,71.33333333333333,22.330416666666665,4.086956521739131,13.708333333333334,-11.291666666666666,0.125,11,3,SP,furniture_decor,185
713e3a23ca5e47786eb6f0d99f94cfac,4,4,4,1126.0,87.03,281.5,21.7575,4.75,9.75,-20.0,0.0,4,1,PR,baby,117
7142540dd4c91e2237acb7e911c4eba2,319,331,316,37373.56,6915.6,112.91105740181268,20.89305135951662,4.047112462006079,14.271341463414634,-13.853658536585366,0.06948640483383686,266,2,SP,auto,524
714b9a1332840f257b49f476bea4e341,6,6,6,1499.94,158.15,249.99,26.358333333333334,3.3333333333333335,31.666666666666668,4.166666666666667,0.3333333333333333,2,1,SP,computers_accessories,75
71592660bbcb6a4664e97b6f8b68babc,6,7,6,2027.18,173.37,289.59714285714284,24.767142857142858,4.428571428571429,11.0,-11.428571428571429,0.0,6,4,SP,computers_accessories,165
71593c7413973a1e160057b80d4958f6,2,5,2,299.5,45.85,59.9,9.17,3.4,8.6,-3.6,0.0,2,2,SP,furniture_decor,12
715bbd5ba4e6b74cb0d2f29eb45058b0,62,64,62,4043.3,1272.58,63.1765625,19.8840625,4.46875,11.5,-13.578125,0.078125,28,5,SP,watches_gifts,343
7178e1eaa97257d8b6d4b80efd77a025,1,1,1,167.9,16.81,167.9,16.81,5.0,7.0,-10.0,0.0,1,1,SP,costruction_tools_tools,0
7178f9f4dd81dcef02f62acdf8151e01,203,216,203,37070.4,4408.52,171.62222222222223,20.409814814814816,4.032558139534884,15.162790697674419,-18.674418604651162,0.032407407407407406,57,14,SC,health_beauty,513
717b78b0950b51ed00b1471d858b0edc,5,5,5,138.6,81.15,27.72,16.23,4.0,20.6,-3.2,0.2,2,1,SP,housewares,161
718539d38d07dd351c76db862760e2e2,37,45,37,1318.9,659.05,29.30888888888889,14.645555555555555,4.333333333333333,7.534883720930233,-14.116279069767442,0.0,14,3,SP,pet_shop,302
71dc18fd8cbf5fd77f45dd8b427abb34,4,9,4,1080.0,149.4,120.0,16.6,5.0,10.88888888888889,-18.444444444444443,0.0,1,1,PR,garden_tools,302
7202e2ba20579a9bd1acb29e61fe71f6,53,55,53,12750.5,1165.66,231.8272727272727,21.193818181818184,3.8333333333333335,12.754716981132075,-12.169811320754716,0.03636363636363636,19,2,SP,telephony,395
720e6cf846ea7572cbb66b743fb91e6c,1,1,1,54.0,14.55,54.0,14.55,5.0,16.0,-7.0,0.0,1,1,SP,health_beauty,0
7210cd29727d674c00741e5e387b3ccd,9,13,9,729.0899999999999,145.09,56.083846153846146,11.160769230769231,3.6923076923076925,4.076923076923077,-5.384615384615385,0.3076923076923077,7,5,SP,food,71
72146da5774cabf2632faedcae097a76,4,6,4,200.94,110.49,33.49,18.415,4.333333333333333,27.0,-4.333333333333333,0.16666666666666666,4,2,PR,signaling_and_security,93
7238a95bb63ef7e498389fb863b834a1,15,15,15,2265.7,569.41,151.04666666666665,37.96066666666666,4.733333333333333,7.6,-9.533333333333333,0.0,6,3,SP,baby,111
7238f877570096ae403c51898fa64566,3,3,3,1200.0,49.519999999999996,400.0,16.506666666666664,5.0,8.333333333333334,-16.0,0.0,1,1,SP,cool_stuff,47
723a46b89fd5c3ed78ccdf039e33ac63,1,1,1,66.64,23.4,66.64,23.4,4.0,7.0,-30.0,0.0,1,1,RS,auto,0
723cd880edaacdb998898b67c8f9da30,11,12,11,2136.5299999999997,413.1,178.04416666666665,34.425000000000004,4.166666666666667,9.25,-10.916666666666666,0.08333333333333333,8,2,SP,bed_bath_table,146
72431a818f97fe6ab9c81eee3e297e54,1,1,1,229.9,19.49,229.9,19.49,5.0,12.0,-15.0,0.0,1,1,SP,auto,0
725af026f869236a8dd0ceb98564d156,7,8,7,1177.71,184.95999999999998,147.21375,23.119999999999997,3.125,13.0,-26.8,0.0,5,1,MG,housewares,285
725c32fa80c2faacc4fc88450d27314e,89,93,88,7838.88,1327.78,84.28903225806452,14.277204301075269,4.538461538461538,9.096774193548388,-12.225806451612904,0.010752688172043012,36,2,SP,toys,571
7299e27ed73d2ad986de7f7c77d919fa,338,361,336,34725.43,6855.65,96.1923268698061,18.990720221606647,4.421052631578948,10.810055865921788,-12.634078212290502,0.04155124653739612,88,13,MG,consoles_games,530
729b2d09b2a0bdab221076327f13d050,49,61,49,1822.11,946.55,29.870655737704915,15.517213114754098,4.524590163934426,11.783333333333333,-13.0,0.03278688524590164,21,2,SP,health_beauty,279
729f06993dac8e860d4f02d7088ca48a,96,115,96,20485.079999999998,4994.57,178.1311304347826,43.43104347826087,4.2894736842105265,10.336283185840708,-11.212389380530974,0.0782608695652174,17,2,SP,housewares,521
72bc2cce903c872fe376a8faaa81d237,17,18,17,2149.2,255.77,119.39999999999999,14.209444444444445,4.444444444444445,8.333333333333334,-8.5,0.0,6,2,SP,books_technical,335
72c38a04bd6a1c3dbc5298425a0db86d,4,5,4,647.3,113.35,129.45999999999998,22.669999999999998,3.8,7.4,-22.0,0.0,4,3,PR,computers_accessories,52
72c5da29406b4234927b81855e7b64f6,31,31,31,11798.69,853.78,380.6029032258065,27.541290322580643,4.129032258064516,10.258064516129032,-16.580645161290324,0.03225806451612903,6,2,SP,construction_tools_construction,141
72c73be2b085b9d57650dd53eb2004c9,1,1,1,29.4,17.92,29.4,17.92,5.0,17.0,-13.0,0.0,1,1,SP,auto,0
730937bf88cb151eb2eb849f642fc213,22,26,21,2821.2,455.96999999999997,108.5076923076923,17.537307692307692,4.423076923076923,6.730769230769231,-10.5,0.038461538461538464,5,1,SP,sports_leisure,135
7315baebc0572ff220d226283dc66728,2,2,2,49.849999999999994,26.369999999999997,24.924999999999997,13.184999999999999,4.0,7.5,-12.5,0.0,2,2,SP,health_beauty,62
731ef20c231d9a7103a425e83fd91271,2,3,2,1692.0,505.6,564.0,168.53333333333333,3.6666666666666665,11.333333333333334,-15.333333333333334,0.0,1,1,SC,kitchen_dining_laundry_garden_furniture,0
734def04b237117a09321dd6d8f3f2a2,2,2,2,1252.43,28.8,626.215,14.4,5.0,1.5,-16.5,0.0,2,2,SP,musical_instruments,73
7354220fb240bde543b3c40c060d41e7,7,7,7,672.0,165.13,96.0,23.59,4.571428571428571,10.714285714285714,-15.714285714285714,0.0,6,3,DF,computers_accessories,201
7357b52d27cbaa90f81a96cbc1279396,12,12,12,1328.02,217.81,110.66833333333334,18.150833333333335,4.333333333333333,9.416666666666666,-9.083333333333334,0.08333333333333333,3,2,MG,housewares,99
739c7d7be81f63812dea0d1b1451c651,2,2,2,77.5,71.8,38.75,35.9,4.0,17.0,-24.0,0.0,2,1,PB,housewares,18
73a63f72308aa20a46f4b1632018f196,29,41,28,9606.8,1178.99,234.3121951219512,28.755853658536587,4.05,10.857142857142858,-15.285714285714286,0.0,17,4,PR,garden_tools,500
73b8eb4a9a729d4019b24ed1be748cbf,8,8,8,692.41,105.57,86.55125,13.19625,4.375,3.5714285714285716,-7.285714285714286,0.0,7,2,SP,auto,50
73da1880b39c71de2b262bc7720c1494,2,2,2,398.0,46.99,199.0,23.495,5.0,8.0,-14.0,0.0,1,1,SP,housewares,167
740205fedfe4e90ca6857bc77db0f2b4,1,1,1,229.9,21.93,229.9,21.93,5.0,3.0,-31.0,0.0,1,1,SP,small_appliances,0
7402d13c03a7e91366337cd1de471144,4,4,4,528.38,131.19,132.095,32.7975,3.5,9.333333333333334,-11.0,0.0,2,2,PR,kitchen_dining_laundry_garden_furniture,331
741f8c587cb4248ebc5b779a0e8e0e51,5,5,5,89.95,67.69,17.990000000000002,13.538,4.0,12.6,-7.8,0.2,5,4,SP,housewares,30
744dac408745240a2c2528fb1b6028f3,79,84,79,22490.6,1894.42,267.74523809523805,22.55261904761905,4.5476190476190474,10.662650602409638,-16.83132530120482,0.011904761904761904,75,4,PR,watches_gifts,478
74636e24f01da9268b0ed88dacd8513e,4,4,4,776.0,272.61,194.0,68.1525,4.0,12.75,-4.75,0.25,2,2,SP,housewares,110
747c1cdcd1737dcfbd1547f6eb6f2cf3,2,2,2,193.1,29.27,96.55,14.635,2.5,15.0,-15.0,0.0,2,1,SP,bed_bath_table,131
747e73c01a4593d4cf60dcf970fd2689,3,3,3,2217.99,123.77000000000001,739.3299999999999,41.25666666666667,4.333333333333333,10.333333333333334,-30.0,0.0,3,1,PE,watches_gifts,56
74871d19219c7d518d0090283e03c137,6,7,6,550.04,87.87,78.57714285714285,12.552857142857144,5.0,3.4285714285714284,-7.857142857142857,0.0,6,3,SP,sports_leisure,138
7494d0dcba8551df6cf37f1b905dc2f7,1,1,1,45.9,17.07,45.9,17.07,3.0,6.0,-15.0,0.0,1,1,SP,computers_accessories,0
749e7cdabbaf72f16677859e27874ba5,1,1,1,41.9,19.84,41.9,19.84,1.0,11.0,-7.0,0.0,1,1,SP,unknown,0
74a9b9bddf14ece02beb81f52c41a88d,2,2,2,95.0,22.06,47.5,11.03,3.5,11.5,-13.0,0.0,2,2,SP,cool_stuff,72
74bafed391319577bce6f4d2acc0589a,3,3,3,1847.0,237.73,615.6666666666666,79.24333333333333,2.6666666666666665,6.333333333333333,-12.666666666666666,0.0,2,2,SP,health_beauty,211
74c7dec0a384d8a05950e629bd23bde9,5,5,5,187.68,61.199999999999996,37.536,12.239999999999998,3.6,11.0,-9.0,0.0,3,2,SP,perfumery,87
750303a20e9c56b2a6bc45cdce0b897d,54,57,54,8085.0,1309.81,141.8421052631579,22.979122807017543,4.280701754385965,13.160714285714286,-12.464285714285714,0.03508771929824561,38,7,GO,sports_leisure,351
751bdc4d83a466c7206cd42e8f426b03,54,71,54,6648.93,1054.81,93.6469014084507,14.856478873239436,3.6231884057971016,10.661764705882353,-11.808823529411764,0.014084507042253521,38,3,SP,sports_leisure,434
751e274377499a8503fd6243ad9c56f6,1,2,1,218.0,17.84,109.0,8.92,5.0,1.0,-6.0,0.0,1,1,SP,construction_tools_safety,0
75745ef7bc7d4f3ea3380f6f5303f514,3,3,3,228.4,48.92,76.13333333333334,16.30666666666667,5.0,5.333333333333333,-21.333333333333332,0.0,3,2,DF,toys,36
7586919161935337bf6b6d7ff5779648,11,18,11,1664.71,330.22,92.48388888888888,18.345555555555556,3.1666666666666665,15.5,-6.888888888888889,0.1111111111111111,8,2,RJ,sports_leisure,263
75a4764c108403a7a0575140cb22287c,5,9,5,716.9,210.15,79.65555555555555,23.35,4.777777777777778,9.777777777777779,-18.22222222222222,0.0,3,2,RS,housewares,119
75d34ebb1bd0bd7dde40dd507b8169c3,62,72,62,15048.28,1431.23,209.0038888888889,19.878194444444446,3.8194444444444446,15.582089552238806,-16.83582089552239,0.1111111111111111,18,4,BA,telephony,389
75fbb52eda0cbc24f479d3b2fbfa8d3e,40,43,39,1130.99,943.52,26.302093023255814,21.942325581395348,4.404761904761905,13.463414634146341,-14.097560975609756,0.046511627906976744,37,1,GO,dvds_blu_ray,501
75fdd0a732287f9497b179f6bd445d32,1,1,1,59.9,16.18,59.9,16.18,5.0,10.0,-18.0,0.0,1,1,SP,unknown,0
761681a821d8275bc79f552116d06869,3,3,3,354.92,159.98000000000002,118.30666666666667,53.326666666666675,5.0,7.666666666666667,-18.0,0.0,3,2,SP,garden_tools,92
762ed976527cddf02787edba70fffa2a,3,4,3,179.8,60.31999999999999,44.95,15.079999999999998,2.25,7.25,-22.0,0.0,3,2,PR,furniture_decor,17
762fafdaa57a532ee0119731697579dd,5,5,5,206.7,54.17,41.339999999999996,10.834,5.0,3.6,-13.2,0.0,4,2,SP,toys,64
76623fde66e6b63b59440fd34160512d,3,3,3,65.4,23.34,21.8,7.78,4.0,3.0,-13.333333333333334,0.0,3,1,SP,fashion_bags_accessories,128
7681ef142fd2c19048da7430856b5588,59,77,58,31941.81,2916.12,414.82870129870133,37.87168831168831,4.12,9.881578947368421,-9.407894736842104,0.07792207792207792,24,7,SP,computers,193
76833248bbc0e65a0293ec62023e4396,2,2,2,2399.98,230.7,1199.99,115.35,5.0,18.5,-6.5,0.0,2,1,SP,industry_commerce_and_business,42
768a86e36ad6aae3d03ee3c6433d61df,17,17,17,587.46,180.24,34.5564705882353,10.602352941176472,4.647058823529412,4.588235294117647,-8.823529411764707,0.11764705882352941,8,2,SP,toys,65
768de2a4fc06aacecb9a586ccc30746a,14,14,14,475.59999999999997,237.93,33.97142857142857,16.995,4.428571428571429,14.384615384615385,-12.461538461538462,0.0,2,2,DF,cool_stuff,282
76c47a299e4a8fe992316a85865acbe9,6,10,6,1024.46,221.88,102.446,22.188,4.8,15.0,-7.1,0.2,5,1,SP,health_beauty,360
76d336555bb25f3165d2f0d6da719c40,2,2,2,330.0,23.63,165.0,11.815,2.0,11.0,-30.0,0.0,1,1,SP,sports_leisure,12
76d5af76d0271110f9af36c92573f765,131,159,124,33461.6,4079.96,210.4503144654088,25.660125786163523,4.082278481012659,11.04516129032258,-12.483870967741936,0.08176100628930817,82,7,SP,sports_leisure,665
76d64c4aca3a7baf218bf93ef7fa768d,64,69,63,16911.8,3543.4900000000002,245.09855072463768,51.35492753623189,4.1231884057971016,10.231884057971014,-15.492753623188406,0.028985507246376812,37,5,PR,toys,458
76de363de16dacc923eec8daf91df504,2,2,2,360.0,50.42,180.0,25.21,2.5,13.0,-14.5,0.0,2,2,SC,cool_stuff,180
76ea5315acb3f5f7ade3cd261faf922a,15,15,15,1087.06,224.02,72.47066666666666,14.934666666666667,4.266666666666667,8.2,-11.2,0.06666666666666667,12,7,SP,auto,93
77128dec4bec4878c37ab7d6169d6f26,1,1,1,6.5,8.72,6.5,8.72,5.0,11.0,-7.0,0.0,1,1,SP,food_drink,0
7722b1df1b0e383e000397b2c11e3e19,134,145,133,7094.09,2071.21,48.92475862068966,14.284206896551725,4.222222222222222,8.13888888888889,-12.20138888888889,0.027586206896551724,76,9,SP,housewares,585
77530e9772f57a62c906e1c21538ab82,320,389,316,46610.4,8453.59,119.82107969151672,21.73159383033419,4.0490956072351425,14.608923884514436,-10.89238845144357,0.08740359897172237,171,2,PR,furniture_decor,690
77714512e8d4dda9c234da8e3faf16e4,4,6,4,243.39999999999998,105.58,40.56666666666666,17.596666666666668,4.0,12.333333333333334,-8.5,0.0,5,2,SP,construction_tools_construction,19
777a0c55737f34ffeb78010f7542ab41,6,6,6,452.5,75.83,75.41666666666667,12.638333333333334,4.333333333333333,3.8333333333333335,-9.833333333333334,0.0,3,2,SP,health_beauty,54
778323240ce2830d68aab11794e00bfb,3,3,3,189.98000000000002,52.45,63.326666666666675,17.483333333333334,4.333333333333333,10.333333333333334,-7.333333333333333,0.0,2,1,SP,health_beauty,34
77a515caa36327151d1cc6c32a9f00e1,26,26,26,2217.39,396.19,85.28423076923076,15.238076923076923,4.423076923076923,9.884615384615385,-10.73076923076923,0.11538461538461539,19,1,SP,stationery,175
77dcbb67ccb3659bd58eaf5661560a30,2,2,2,984.0,98.56,492.0,49.28,1.0,10.6918511755307,-12.0,0.0,2,2,RS,market_place,12
77e4abfd739aed9c46480f90f81c0eb4,18,18,18,3736.99,355.21999999999997,207.61055555555555,19.734444444444442,4.777777777777778,9.61111111111111,-15.5,0.0,9,4,DF,stationery,195
77fccaae319668a8ab6cd0fd16aec48c,11,12,11,1667.0,221.44,138.91666666666666,18.453333333333333,4.333333333333333,8.5,-11.416666666666666,0.0,5,3,RJ,sports_leisure,77
7813ea3ebd9411dc600b4dd01f7a97b9,9,9,9,1599.4,146.59,177.7111111111111,16.287777777777777,3.888888888888889,12.666666666666666,-9.88888888888889,0.1111111111111111,8,2,SP,telephony,307
7816cd9c5b1238e320545f5bf7eb80e8,1,1,1,489.0,22.76,489.0,22.76,4.0,10.0,-14.0,0.0,1,1,SP,garden_tools,0
781a66c0d89e30814d49fe8b5e14cd07,1,1,1,115.0,21.3,115.0,21.3,1.0,33.0,10.0,1.0,1,1,SP,cool_stuff,0
782f78b632a43875dd5b53e3e49c9564,2,3,2,146.01,41.56,48.669999999999995,13.853333333333333,3.6666666666666665,9.0,-14.0,0.0,1,1,SP,furniture_decor,46
784ba75dd9d20200c4caed3d7a77141a,21,24,21,8295.13,629.8199999999999,345.63041666666663,26.242499999999996,3.6041666666666665,12.909090909090908,-9.136363636363637,0.08333333333333333,11,4,SP,stationery,301
78744a20ee2f80ba64f6804c25def2b8,6,6,6,2715.0,353.85,452.5,58.975,4.166666666666667,18.5,-7.666666666666667,0.16666666666666666,3,1,PE,furniture_decor,342
78813699ffac347fe27dba345a5f1551,1,1,1,152.42,48.12,152.42,48.12,5.0,9.0,-29.0,0.0,1,1,RS,drinks,0
788e857f317e53de488d393e65a80f45,11,11,11,1210.0,184.95000000000002,110.0,16.813636363636366,4.909090909090909,6.909090909090909,-13.818181818181818,0.0,4,1,SP,stationery,85
788f22bafdd7ab0e1e79f19db72f16a4,2,2,2,125.80000000000001,26.240000000000002,62.900000000000006,13.120000000000001,4.5,3.0,-6.0,0.0,2,2,SP,auto,5
78a4d36f65a019172c6154468831a69f,7,7,7,1545.5,223.4,220.78571428571428,31.914285714285715,4.285714285714286,15.0,-11.428571428571429,0.14285714285714285,1,1,SP,kitchen_dining_laundry_garden_furniture,49
78ba5933c21686d1c2f64669c8c459e7,2,2,2,191.8,20.770000000000003,95.9,10.385000000000002,4.25,6.0,-14.0,0.0,2,2,SP,bed_bath_table,56
78c99c6dff4eeae5be99bf635ed21e3f,31,39,31,2030.88,664.89,52.073846153846155,17.048461538461538,4.333333333333333,13.564102564102564,-10.333333333333334,0.07692307692307693,15,1,SP,sports_leisure,191
78ef7e885d17f35e2382a47aae8b8cce,3,3,3,388.0,65.44,129.33333333333334,21.813333333333333,4.666666666666667,8.333333333333334,-20.0,0.0,3,1,RS,books_technical,162
7901646fdd36a55f564ffaf2dbccaaf7,22,27,21,11857.08,621.75,439.1511111111111,23.02777777777778,4.444444444444445,9.37037037037037,-10.777777777777779,0.07407407407407407,12,2,RJ,garden_tools,538
791cfcfe22fe4a771ece27f90017da92,2,2,2,596.26,57.49,298.13,28.745,1.5,28.0,5.0,0.5,1,1,SP,computers_accessories,104
79565f7d5603b24ddf07ade262547f2f,8,8,8,385.0,109.07000000000001,48.125,13.633750000000001,4.0,12.714285714285714,-11.0,0.25,5,3,SP,unknown,106
7957cac1a02f45d0a4a7e45626382ec2,1,1,1,343.0,21.64,343.0,21.64,4.0,26.0,-2.0,0.0,1,1,PR,health_beauty,0
7963e546f34e098b578f9ad102494601,1,1,1,60.99,21.23,60.99,21.23,5.0,18.0,-8.0,0.0,1,1,SP,sports_leisure,0
7994081388d55b9cf976c050653dd359,2,6,2,1020.0,89.65,170.0,14.941666666666668,1.6666666666666667,12.0,-20.0,0.0,2,1,SP,computers_accessories,273
7994b065a7ffb14e71c6312cf87b9de2,5,7,5,453.0,144.34,64.71428571428571,20.62,5.0,8.285714285714286,-22.428571428571427,0.0,5,2,ES,furniture_living_room,59
79a679c36c08d606b3fd47ead9de109b,3,7,3,935.0,137.22,133.57142857142858,19.602857142857143,2.7142857142857144,9.714285714285714,-6.857142857142857,0.14285714285714285,2,1,SP,drinks,62
79b93a308a97792cf53ac75f46da00b5,1,1,1,99.9,16.14,99.9,16.14,5.0,22.0,-3.0,0.0,1,1,RJ,luggage_accessories,0
79ebd9a61bac3eaf882805ed4ecfa12a,136,143,135,15092.79,4012.35,105.54398601398601,28.05839160839161,4.0,14.82857142857143,-12.378571428571428,0.04195804195804196,115,1,PR,furniture_decor,311
79ed755314cfe6df0daef2c6cd3022cd,23,25,22,3907.5,459.16,156.3,18.366400000000002,4.695652173913044,8.8,-13.32,0.0,12,3,SP,garden_tools,530
79ee721b6f766066a80264402548d359,2,2,2,538.0,30.36,269.0,15.18,1.0,10.6918511755307,-12.0,0.0,1,1,SP,computers_accessories,12
7a073a40a9d3f1fee8bc45670ea1e909,1,1,1,95.0,17.78,95.0,17.78,1.0,10.6918511755307,-12.0,0.0,1,1,PR,furniture_decor,0
7a188843479798ca813108fa7b959286,1,3,1,149.7,26.160000000000004,49.9,8.72,1.0,10.6918511755307,-12.0,0.0,1,1,SP,housewares,0
7a241947449cc45dbfda4f9d0798d9d0,62,72,62,8027.63,1990.47,111.4948611111111,27.645416666666666,3.5774647887323945,12.212121212121213,-15.333333333333334,0.05555555555555555,17,3,MG,housewares,517
7a2d2949aea47fab95fd98d6c9f618b1,11,12,10,1638.99,211.24,136.5825,17.603333333333335,4.25,10.583333333333334,-17.833333333333332,0.0,5,2,PR,pet_shop,505
7a425d299613df3e613bcf9d2eaf5c49,18,18,18,1218.8,286.67,67.71111111111111,15.926111111111112,4.111111111111111,11.38888888888889,-12.11111111111111,0.05555555555555555,14,1,RJ,perfumery,265
7a67c85e85bb2ce8582c35f2203ad736,1160,1171,1155,141745.53,20902.85,121.04656703672075,17.850426985482493,4.234509466437177,10.692640692640692,-11.838095238095239,0.05123825789923143,149,2,SP,cool_stuff,570
7a704e63bb29c446869efde5d57524c8,1,1,1,94.49,15.41,94.49,15.41,5.0,7.0,-19.0,0.0,1,1,PR,auto,0
7a91bf945c6fae0779f1c61ce97fe45c,5,5,5,799.5,82.57,159.9,16.514,3.8,43.5,16.0,0.2,3,1,RJ,health_beauty,126
7a9c12e235c36247c3c81f50d6ea9cea,5,5,5,983.9,115.69,196.78,23.137999999999998,4.6,12.2,-28.4,0.0,5,1,SP,toys,33
7aa4334be125fcdd2ba64b3180029f14,217,240,214,16234.81,4368.52,67.64504166666667,18.202166666666667,4.054621848739496,15.514767932489452,-9.561181434599156,0.11666666666666667,41,4,SP,toys,287
7aa538dd6e114e503a2e6154ea352253,5,5,5,1016.6800000000001,101.92,203.336,20.384,4.4,8.6,-11.6,0.0,4,2,SP,housewares,115
7ab0dd5487bab2dc835337b244f689fb,1,1,1,12.5,10.96,12.5,10.96,5.0,5.0,-17.0,0.0,1,1,SP,bed_bath_table,0
7ad32824caee82087b3e2e5f33b1bf32,151,184,149,22505.1,3545.22,122.31032608695651,19.2675,3.7679558011049723,11.0,-10.555555555555555,0.11413043478260869,75,1,SP,bed_bath_table,213
7ad41305e96a6cab8294cd65891e9a86,2,2,2,180.0,57.6,90.0,28.8,5.0,11.0,-15.0,0.0,2,1,SP,sports_leisure,7
7adbd3210a7b3cc2235e225eef33574d,3,3,3,131.9,72.96,43.96666666666667,24.319999999999997,4.666666666666667,9.666666666666666,-16.0,0.0,2,1,SP,housewares,44
7ade73f1b9b4e965f9009a4c3a7e2c15,27,28,27,1880.3000000000002,457.87,67.15357142857144,16.3525,4.777777777777778,9.11111111111111,-13.592592592592593,0.0,12,6,SP,computers_accessories,119
7b07b3c7487f0ea825fc6df75abd658b,93,98,93,9731.85,1342.79,99.3045918367347,13.701938775510204,4.336734693877551,9.03125,-11.010416666666666,0.04081632653061224,65,2,SP,sports_leisure,575
7b0df942f46435babab05d49b744b2c4,32,32,32,22600.63,672.15,706.2696875,21.0046875,4.387096774193548,10.625,-10.875,0.09375,16,2,SP,musical_instruments,506
7b1222c3624aa89b9558b50a2594188c,22,22,22,10103.52,457.57,459.2509090909091,20.798636363636362,4.454545454545454,17.272727272727273,-13.045454545454545,0.13636363636363635,9,3,SP,toys,492
7b3447b497e55af8c15fc7bd89d7b81a,1,1,1,49.9,20.75,49.9,20.75,5.0,13.0,-13.0,0.0,1,1,SP,sports_leisure,0
7b3f6ce5c6c22e9b96e7581ebf0df6e1,1,1,1,29.8,12.69,29.8,12.69,3.0,10.0,-15.0,0.0,1,1,SP,unknown,0
7b7ed56ae755e2880f2b69632e839c1e,5,5,5,321.5,135.1,64.3,27.02,4.2,7.0,-5.0,0.0,4,1,GO,housewares,8
7b7f91e98f8c6def45a1407923304402,11,14,11,417.47,203.01999999999998,29.819285714285716,14.501428571428571,3.5,13.142857142857142,-13.214285714285714,0.07142857142857142,9,3,SP,housewares,97
7b8e8ec35bad4b0ef7e3963650b0a87b,5,5,5,2244.2799999999997,372.02,448.85599999999994,74.404,4.8,21.4,-0.4,0.2,3,2,SC,auto,115
7b98de631987e26dd6d803490c43a13c,8,8,8,634.2,144.43,79.275,18.05375,4.625,10.125,-12.5,0.0,5,2,PR,construction_tools_construction,71
7bac63f6603d382cc8d0832eb6c100a8,19,19,19,7751.95,362.65,407.9973684210526,19.086842105263155,4.0,15.31578947368421,-5.421052631578948,0.10526315789473684,11,4,SP,sports_leisure,272
7bb8fac2913a6064ec412e583c6d8b4d,1,1,1,109.0,16.52,109.0,16.52,5.0,4.0,-23.0,0.0,1,1,SP,unknown,0
7bcd7c5f8631701474db233ccf1c094b,11,11,11,666.0,194.94,60.54545454545455,17.721818181818183,3.6363636363636362,13.625,-12.5,0.0,5,3,SP,unknown,135
7c1fea10b5b006671d608b1d7c446ec4,14,14,14,423.59999999999997,224.15,30.257142857142856,16.010714285714286,4.0,15.714285714285714,-10.714285714285714,0.07142857142857142,13,4,SP,telephony,251
7c4402417d51474d4d0cda9557340e40,1,1,1,119.9,27.69,119.9,27.69,5.0,7.0,-28.0,0.0,1,1,SP,housewares,0
7c4618c82226628831613e95e9c22f44,13,13,13,333.92999999999995,165.54,25.686923076923073,12.733846153846153,4.076923076923077,10.615384615384615,-7.846153846153846,0.07692307692307693,5,1,SP,sports_leisure,245
7c462184585ae80bd6e5774c62ce50f2,1,2,1,60.0,17.64,30.0,8.82,3.0,16.0,8.0,1.0,1,1,SP,baby,0
7c4adcc13272c0e26fa23aac642adb7b,2,2,2,135.0,30.630000000000003,67.5,15.315000000000001,3.0,16.5,-6.5,0.5,2,1,RJ,auto,29
7c51de0ab286204ce75ff42bf7c10d92,4,4,4,759.0,149.64,189.75,37.41,4.5,9.5,-16.0,0.0,3,1,SC,health_beauty,21
7c5b05cbdb5542049f38d90d7815b97d,22,24,22,1038.96,306.5,43.29,12.770833333333334,4.416666666666667,7.3478260869565215,-12.391304347826088,0.041666666666666664,10,1,SP,books_imported,77
7c67e1448b00f6e969d365cea6b010ab,982,1364,971,187923.89,51612.55,137.7741129032258,37.83911290322581,3.3414454277286136,21.945387453874538,-11.52988929889299,0.08797653958944282,198,6,SP,office_furniture,557
7c9130f5f3729edd32aa059141d92484,3,4,3,126.0,67.15,31.5,16.7875,3.75,7.0,-16.25,0.0,1,1,SP,computers_accessories,63
7caa63f175b1cecbfaadd8b5ab9998c7,2,2,2,39.8,20.53,19.9,10.265,2.0,2.0,-22.0,0.0,2,1,SP,bed_bath_table,158
7cb946b1ad19faebe28c3e86c2794ec3,1,1,1,25.0,15.1,25.0,15.1,5.0,18.0,-3.0,0.0,1,1,MG,health_beauty,0
7cf4ea70955b00d6b3c22542598e2715,1,1,1,189.9,14.91,189.9,14.91,5.0,7.0,-11.0,0.0,1,1,SP,small_appliances,0
7d13fca15225358621be4086e1eb0964,565,578,564,113628.97,8632.05,196.58991349480968,14.934342560553631,4.001742160278746,15.22416812609457,-11.0,0.11072664359861592,57,7,SP,watches_gifts,191
7d294cf9a6a69dc6a0c3e540fff0e039,5,5,5,257.25,194.13,51.45,38.826,4.4,8.4,-17.8,0.0,1,1,SC,baby,86
7d456afc660226829370f3173d14520c,56,91,55,8338.25,1519.6200000000001,91.62912087912088,16.69912087912088,4.274725274725275,8.640449438202246,-12.651685393258427,0.04395604395604396,22,5,SP,bed_bath_table,684
7d484ca289afaac6bf5fc6a1e96d2226,2,2,2,183.2,65.22,91.6,32.61,4.0,12.0,-2.5,0.0,2,1,MS,toys,12
7d76b645482be4a332374e8223836592,176,187,176,3843.93,2587.61,20.555775401069518,13.837486631016043,3.9297297297297296,12.814207650273223,-9.3224043715847,0.0855614973262032,89,2,SP,telephony,383
7d7866a99a8656a42c7ff6352a433410,5,5,5,147.89,59.49,29.577999999999996,11.898,4.4,4.6,-8.2,0.0,4,3,SP,party_supplies,56
7d7d2b7a51328016102d4528c411d630,7,7,7,918.8,180.05,131.25714285714284,25.72142857142857,4.142857142857143,9.857142857142858,-9.142857142857142,0.14285714285714285,5,2,SP,housewares,132
7d81e74a4755b552267cd5e081563028,1,1,1,32.5,7.49,32.5,7.49,4.0,2.0,-6.0,0.0,1,1,SP,construction_tools_construction,0
7d948535954aaf8c5d39db007f74372e,4,4,4,194.0,43.8,48.5,10.95,3.75,5.25,-9.25,0.0,3,2,SP,fashio_female_clothing,279
7daca0837f033a41a6f3428c18657533,7,7,7,1228.98,168.16,175.56857142857143,24.02285714285714,3.5714285714285716,13.857142857142858,-5.571428571428571,0.2857142857142857,4,1,SP,housewares,51
7dc8c42cc750eeafea6c85712ffee9bf,41,50,41,6409.68,1035.41,128.1936,20.7082,4.26,8.08,-13.42,0.04,16,8,SP,housewares,690
7dc9a3355bae96dd82008b313d3a456c,1,1,1,899.0,50.62,899.0,50.62,5.0,12.0,-14.0,0.0,1,1,MG,pet_shop,0
7ddcbb64b5bc1ef36ca8c151f6ec77df,334,343,332,55578.57,7946.72,162.0366472303207,23.168279883381924,3.9073529411764705,12.215568862275449,-10.17065868263473,0.07871720116618076,19,9,SP,cool_stuff,333
7dea6f73af847b42cc3985bd620f994d,2,2,2,324.0,56.17,162.0,28.085,4.0,5.0,-11.5,0.0,2,1,PR,kitchen_dining_laundry_garden_furniture,20
7df1fc11cc5cbc518b39faa60cf5d67c,5,5,5,1037.6,134.36,207.51999999999998,26.872000000000003,4.2,7.4,-13.6,0.0,5,1,MS,auto,101
7e1fb0a3ebfb01ffb3a7dae98bf3238d,159,174,149,27349.53,2986.4,157.1812068965517,17.163218390804598,4.133720930232558,15.14792899408284,-10.792899408284024,0.1206896551724138,25,2,SP,health_beauty,564
7e26c750b4cb9f6766f58265ff9ebe95,23,27,23,1344.3,388.88,49.788888888888884,14.402962962962963,4.407407407407407,9.0,-14.037037037037036,0.0,2,2,MG,unknown,251
7e3dde9ffba72d5340f9aaf09b4424be,1,1,1,220.0,22.03,220.0,22.03,1.0,10.6918511755307,-12.0,0.0,1,1,PR,housewares,0
7e3f87d16fb353f408d467e74fbd8014,92,94,92,4754.99,1438.71,50.585,15.305425531914894,4.127659574468085,12.182795698924732,-10.408602150537634,0.06382978723404255,20,6,SP,computers_accessories,423
7e79d65b5c6f1f544b7daea036acf720,4,4,4,517.8,62.09,129.45,15.5225,4.5,8.5,-14.75,0.0,2,1,SP,toys,131
7e93a43ef30c4f03f38b393420bc753a,336,340,336,176431.87,6322.18,518.9172647058823,18.59464705882353,4.206489675516224,10.832298136645962,-12.161490683229813,0.04411764705882353,186,8,SP,watches_gifts,643
7e959205cebc10adefcb331f934238a4,2,2,2,513.9000000000001,32.65,256.95000000000005,16.325,1.0,10.6918511755307,-12.0,0.0,2,1,SP,watches_gifts,15
7ea5bfa6c340f58f8e71fc1f0412b0d6,98,104,98,11002.89,1660.99,105.79701923076922,15.971057692307692,4.077669902912621,12.343137254901961,-10.235294117647058,0.057692307692307696,9,3,MG,baby,263
7ecd59e5e20407131822c1a68ac59c1f,24,29,24,1466.71,587.8100000000001,50.576206896551724,20.269310344827588,4.482758620689655,17.17241379310345,-11.827586206896552,0.10344827586206896,5,1,DF,stationery,247
7ecef8194babfec876ca720714327841,7,8,7,990.5,123.76,123.8125,15.47,4.25,8.75,-8.5,0.0,5,3,SP,construction_tools_construction,277
7f02656561b680def9986c0795a8a080,2,2,2,84.0,27.83,42.0,13.915,3.0,14.0,-10.0,0.0,1,1,SP,housewares,34
7f152321c60a266edc53af1925ef96c1,20,20,20,3919.8,552.12,195.99,27.606,3.8,23.1,-6.4,0.3,3,1,SC,sports_leisure,338
7f2617c58d5d06806987308b45654351,22,23,22,3656.8,326.47,158.9913043478261,14.194347826086958,3.869565217391304,11.73913043478261,-9.391304347826088,0.08695652173913043,2,1,SP,sports_leisure,434
7f35f9daf223da737b78738fbae4d977,5,5,5,252.0,101.01,50.4,20.202,4.0,7.4,-19.8,0.0,2,2,SP,diapers_and_hygiene,16
7f40d06aa0b5f1aa4f41af8c0480e2ef,6,6,6,1309.94,125.67999999999999,218.32333333333335,20.946666666666665,4.833333333333333,3.6666666666666665,-10.166666666666666,0.0,4,2,SP,toys,18
7f5e4d5efad7e44b91115dd1decb65f3,3,9,2,179.9,77.42,19.98888888888889,8.602222222222222,5.0,5.111111111111111,-8.88888888888889,0.0,2,1,SP,computers_accessories,82
7f7b8245c336066a1f9933c359f11d77,38,43,38,2094.36,535.87,48.70604651162791,12.462093023255814,4.558139534883721,7.395348837209302,-13.023255813953488,0.023255813953488372,12,8,SP,health_beauty,127
7fc87cc3e89b3d1d5cabdca32f8485aa,14,14,14,2153.9,681.92,153.85,48.708571428571425,3.5714285714285716,19.357142857142858,-9.0,0.21428571428571427,9,3,SP,office_furniture,91
7fdb0720c8d7c9075538b365dc8c3a22,9,10,9,1804.0,484.31,180.4,48.431,2.4,17.1,-15.3,0.1,3,3,PR,furniture_bedroom,92
7fe21dd00d2f4943ae09525efa2fd674,4,4,4,299.6,57.36,74.9,14.34,3.0,7.0,-12.0,0.0,4,2,RJ,fashion_bags_accessories,106
7ff588a03c2aeae4fbd23f9ae64b760d,14,16,14,1182.2,221.18,73.8875,13.82375,4.6875,4.5625,-9.5625,0.0,11,1,SP,auto,81
800214c63934acd05d47e84214db8ba8,4,4,4,259.6,61.74,64.9,15.435,5.0,11.333333333333334,-15.0,0.0,4,2,SC,luggage_accessories,44
80146bc52c4f6af5239b23de2a20262b,1,2,1,27.1,49.68,13.55,24.84,3.0,10.6918511755307,-12.0,0.0,1,1,SP,furniture_decor,0
804287717b9156fb7a787acd9af4fac1,1,1,1,18.8,15.1,18.8,15.1,5.0,9.0,-27.0,0.0,1,1,PR,toys,0
8060d731897e33b5c5ae575ce1e209e1,5,5,5,199.5,91.45,39.9,18.29,4.8,7.6,-17.0,0.0,1,1,SP,sports_leisure,68
808d4348b916efa08e766ebad39f61eb,21,21,21,731.1,283.82,34.81428571428572,13.515238095238095,4.428571428571429,7.6,-9.35,0.047619047619047616,11,1,SP,perfumery,45
8090490573c6c0aa343a7231ebcb8c86,26,26,26,3871.1200000000003,426.91,148.88923076923078,16.419615384615387,4.1923076923076925,9.653846153846153,-11.5,0.07692307692307693,9,4,SP,health_beauty,348
809413606dbfe5deefd2db646693ef67,3,5,3,196.68,50.37,39.336,10.074,4.2,7.4,-8.2,0.0,3,1,SP,food_drink,181
80ceebb4ee9b31afb6c6a916a574a1e2,1,1,1,6729.0,193.21,6729.0,193.21,4.166666666666667,20.0,5.0,1.0,1,1,PR,computers,0
80cfd480be3eb6d6267139f5cb793555,1,1,1,99.9,26.44,99.9,26.44,4.0,14.0,-27.0,0.0,1,1,SP,stationery,0
80e6699fe29150b372a0c8a1ebf7dcc8,98,100,98,11441.56,2713.34,114.4156,27.1334,4.292929292929293,11.03061224489796,-16.20408163265306,0.03,32,4,PR,sports_leisure,580
80f2cf9abf6b5a0e5c612b5eea6646e6,7,7,7,766.08,288.7,109.44000000000001,41.24285714285714,4.428571428571429,10.166666666666666,-8.833333333333334,0.14285714285714285,7,2,SP,baby,107
8132b9bd16876e1b0f8808d43825dd48,2,3,2,727.9,41.04,242.63333333333333,13.68,2.3333333333333335,16.0,-16.0,0.0,2,1,SC,sports_leisure,79
813348c996469b40f2e028d5429d3495,179,202,178,11205.83,3594.6,55.47440594059406,17.795049504950494,4.0,9.712820512820512,-10.887179487179488,0.039603960396039604,4,1,SP,housewares,357
81336a0f57a33776419727a300249e90,16,19,16,1374.8500000000001,296.03,72.36052631578949,15.580526315789472,3.6842105263157894,17.055555555555557,-8.11111111111111,0.15789473684210525,10,2,SP,sports_leisure,277
8160255418d5aaa7dbdc9f4c64ebda44,385,431,383,47017.69,7853.81,109.08976798143853,18.222296983758703,3.8309859154929575,16.36556603773585,-7.5495283018867925,0.14849187935034802,57,4,SP,bed_bath_table,314
817245bcc3badd82bbd222e0366951a6,29,45,29,5580.5,722.58,124.0111111111111,16.057333333333336,4.073170731707317,10.590909090909092,-13.590909090909092,0.022222222222222223,4,1,SP,auto,244
81783131d2a97c8d44d406a4be81b5d9,13,15,13,1782.54,195.04,118.836,13.002666666666666,3.4285714285714284,6.777777777777778,-11.555555555555555,0.0,5,3,SP,toys,18
817f85dbb65aa3e70831d90fe75cdf89,11,11,11,1552.27,231.62,141.11545454545455,21.05636363636364,4.545454545454546,17.636363636363637,-25.545454545454547,0.0,6,2,SP,toys,162
8185694b58b2ba6de20fd41ae608bbea,8,8,8,1372.3,230.26999999999998,171.5375,28.783749999999998,4.5,10.5,-10.75,0.0,8,2,SP,furniture_decor,154
818d28f936e791926d33bcb6ee94ef79,5,5,5,139.5,77.2,27.9,15.440000000000001,4.0,12.5,-21.0,0.0,5,1,SP,telephony,103
81a1104df0f08b59c68aa5b03cfe398e,73,73,73,9420.880000000001,1814.3899999999999,129.05315068493152,24.854657534246574,4.267605633802817,12.375,-13.708333333333334,0.0410958904109589,17,1,PR,garden_tools,330
81ed90f07c0bacb7594940ba2ef676aa,2,2,2,223.9,33.56,111.95,16.78,4.5,15.5,-7.0,0.0,2,1,MG,bed_bath_table,16
81f89e42267213cb94da7ddc301651da,46,52,46,3955.0,766.18,76.0576923076923,14.734230769230768,3.5384615384615383,7.3076923076923075,-9.76923076923077,0.0,4,3,SP,perfumery,19
820c7c9eaf76d2b226b6c242bcf3f34d,1,1,1,559.0,18.0,559.0,18.0,4.0,17.0,-21.0,0.0,1,1,SP,home_appliances_2,0
820cc752a266cdc6c1a1e61dd4583330,15,15,15,2802.7999999999997,275.97,186.85333333333332,18.398000000000003,4.133333333333334,13.466666666666667,-11.666666666666666,0.06666666666666667,4,3,PR,small_appliances,450
821fb029fc6e495ca4f08a35d51e53a5,28,29,27,19187.42,1552.83,661.635172413793,53.54586206896551,3.4285714285714284,15.96,-4.88,0.27586206896551724,10,4,SP,sports_leisure,205
822166ed1e47908f7cfb49946d03c726,69,108,68,3714.83,1821.12,34.396574074074074,16.862222222222222,3.9245283018867925,13.453703703703704,-12.722222222222221,0.009259259259259259,34,3,RJ,bed_bath_table,423
822b63912576852aea9a8436d72317b7,8,9,8,4905.6900000000005,191.38,545.0766666666667,21.264444444444443,4.0,21.0,-26.0,0.0,5,1,SP,consoles_games,111
822bad9bc42b51213ba522fe87b7ab5d,18,18,18,5160.0,527.34,286.6666666666667,29.296666666666667,4.111111111111111,26.166666666666668,-4.444444444444445,0.2777777777777778,7,4,SC,telephony,302
827f8f69dfa529c561901c4f2e0f332f,91,104,91,3408.39,1595.57,32.77298076923077,15.34201923076923,4.259803921568627,12.73076923076923,-10.98076923076923,0.057692307692307696,60,7,PR,fashion_shoes,527
82921991ff5b557b045605b8bbf08d49,1,1,1,18.9,18.23,18.9,18.23,5.0,4.0,-13.0,0.0,1,1,SP,telephony,0
82bd0703a4aefd6b599e5bfdaed378fb,21,24,21,2692.28,392.56,112.17833333333334,16.356666666666666,3.6666666666666665,11.652173913043478,-21.130434782608695,0.041666666666666664,16,4,SP,health_beauty,317
82cb9f452fe8334df74b22d37824b431,14,18,14,838.2,317.06,46.56666666666667,17.614444444444445,4.722222222222222,8.666666666666666,-17.055555555555557,0.0,8,3,RS,small_appliances,112
82e0a475a88cc9595229d8029273f045,42,80,42,10930.02,1485.9,136.62525,18.57375,3.35,14.810126582278482,-8.139240506329115,0.0625,39,2,SP,furniture_decor,329
830379336fad8c6f3b15a4a3ddb5c66e,2,4,2,268.0,170.38,67.0,42.595,4.5,6.0,-14.5,0.0,2,1,SP,kitchen_dining_laundry_garden_furniture,93
83353a83fd769dfafa4f21a72b15e3e5,5,5,5,579.5,94.83,115.9,18.966,3.8,17.8,-8.8,0.2,5,1,SP,sports_leisure,260
834f3294fba9f932f56edc879193f925,66,66,66,39907.5,4299.92,604.6590909090909,65.15030303030304,4.545454545454546,13.878787878787879,-9.56060606060606,0.06060606060606061,3,2,SP,cool_stuff,461
834f8533b2ecb6598dd004ff3de7203a,43,47,43,4538.29,958.02,96.55936170212766,20.38340425531915,3.723404255319149,14.688888888888888,-6.733333333333333,0.1702127659574468,26,5,SP,pet_shop,579
835f0f7810c76831d6c7d24c7a646d4d,44,50,44,5130.0,964.03,102.6,19.2806,3.3,18.041666666666668,-5.666666666666667,0.26,19,2,SP,housewares,366
83645b1645cdee8953ee54c29ceed564,14,14,14,978.9,266.2,69.92142857142856,19.014285714285712,4.428571428571429,10.0,-14.0,0.0,11,3,PR,baby,510
8378eb36b6b70c5734e83ad7b8cdc3b7,7,13,7,1714.8,241.87,131.90769230769232,18.605384615384615,3.769230769230769,19.692307692307693,-11.076923076923077,0.23076923076923078,3,2,SC,home_construction,194
83a75eea11694e36e56dd0cb2240229a,3,3,3,487.0,42.47,162.33333333333334,14.156666666666666,5.0,3.6666666666666665,-14.666666666666666,0.0,1,1,SP,unknown,51
83b08de96980757220871b31bf6cffca,5,7,5,1304.17,454.21,186.31,64.88714285714285,4.285714285714286,12.857142857142858,-5.0,0.14285714285714285,4,1,RJ,construction_tools_construction,205
83c465a786b06574376909b35ef6752a,3,3,3,281.4,49.06,93.8,16.353333333333335,5.0,4.666666666666667,-21.666666666666668,0.0,2,1,SP,bed_bath_table,51
83c8aafbefb034674a70de0eac5b8954,2,2,2,134.9,50.97,67.45,25.485,5.0,4.5,-16.0,0.0,2,1,PR,auto,103
83d458c0d6d4f94295d63f091460bd60,1,1,1,89.9,15.84,89.9,15.84,5.0,10.6918511755307,-12.0,0.0,1,1,SP,toys,0
83d7070a0b9a8b4625fa8682b819fabb,2,2,2,694.77,127.63,347.385,63.815,1.0,10.6918511755307,-12.0,0.0,2,1,SP,fashion_bags_accessories,10
83deb69e889cf80f82be1dc6d5f2d486,40,42,40,5363.01,913.64,127.6907142857143,21.753333333333334,4.357142857142857,15.261904761904763,-11.880952380952381,0.047619047619047616,14,1,SC,musical_instruments,390
83e197e95a1bbabc8c75e883ed016c47,47,55,47,6693.6900000000005,986.37,121.70345454545455,17.934,4.745454545454545,10.092592592592593,-13.814814814814815,0.01818181818181818,19,2,RJ,books_general_interest,506
83f2b4881141ce3fcd4e985125d3279e,3,3,3,60.7,40.68,20.233333333333334,13.56,5.0,17.666666666666668,-3.3333333333333335,0.0,3,1,SP,baby,53
8444e55c1f13cd5c179851e5ca5ebd00,99,109,98,22873.21,2078.06,209.8459633027523,19.064770642201836,3.073394495412844,20.784313725490197,-21.274509803921568,0.10091743119266056,54,12,MG,perfumery,478
845e8036c3f7bf62099352f5ed910240,21,24,21,1584.6000000000001,460.64,66.025,19.19333333333333,3.8333333333333335,7.75,-13.458333333333334,0.0,18,2,RJ,bed_bath_table,90
8476243f92442881ddd5b578975cf115,12,12,12,7838.0,275.03,653.1666666666666,22.919166666666666,4.083333333333333,16.833333333333332,-7.583333333333333,0.08333333333333333,4,3,RS,health_beauty,153
84c945f15571830c1a91a33978e94009,2,2,2,51.98,26.060000000000002,25.99,13.030000000000001,4.5,9.0,-15.5,0.0,1,1,SP,housewares,54
84deb808079d1be601c209c1e771b1cc,2,2,2,34.93,23.21,17.465,11.605,5.0,7.0,-11.5,0.0,2,1,PR,health_beauty,83
8501d82f68d23148b6d78bb7c4a42037,1,1,1,19.7,10.96,19.7,10.96,1.0,10.6918511755307,-12.0,0.0,1,1,SC,auto,0
85044848b1b767db2a4a58526adef4b4,4,4,4,240.60000000000002,64.91,60.150000000000006,16.2275,3.25,8.5,-12.0,0.0,3,3,SP,telephony,96
850857dfac77488c307e2b1cbd84ab5a,1,1,1,1599.0,39.72,1599.0,39.72,5.0,2.0,-26.0,0.0,1,1,PR,air_conditioning,0
850913d59ce317156b00f3705f1c3edb,32,34,32,2690.0,580.96,79.11764705882354,17.087058823529414,3.3529411764705883,13.066666666666666,-7.366666666666666,0.14705882352941177,9,2,SP,telephony,142
850f4f8af5ea87287ac68de36e29107f,187,192,187,45355.36,3114.41,236.22583333333333,16.220885416666665,4.287234042553192,9.732984293193716,-14.785340314136125,0.046875,42,4,SP,toys,442
851773c885feb5e2da3b4f82bc2b17ce,10,10,10,585.3,251.82999999999998,58.529999999999994,25.183,4.2,16.2,-8.5,0.2,8,1,SP,health_beauty,198
855668e0971d4dfd7bef1b6a4133b41b,312,327,309,32208.16,7797.2,98.49590214067278,23.844648318042815,3.717391304347826,15.72347266881029,-9.035369774919614,0.11926605504587157,73,3,SP,baby,480
8581055ce74af1daba164fdbd55a40de,387,435,377,64925.3,9659.0,149.2535632183908,22.204597701149424,4.225806451612903,12.34037558685446,-9.171361502347418,0.07816091954022988,32,1,SP,auto,455
85cc55e048b6bcc90c75afe7f0e72f72,9,9,9,308.28,193.48,34.25333333333333,21.497777777777777,4.444444444444445,12.555555555555555,-9.333333333333334,0.2222222222222222,6,5,RJ,computers_accessories,79
85d9eb9ddc5d00ca9336a2219c97bb13,509,522,507,15415.24,8614.34,29.531111111111112,16.50256704980843,4.167630057803469,14.267578125,-15.6875,0.0210727969348659,64,6,MG,computers_accessories,682
85e7c62c1d6ea078c3897424f867a7c8,2,2,2,60.0,27.7,30.0,13.85,4.5,7.0,-20.5,0.0,2,1,SC,pet_shop,20
85ecf03781da592876b7844acc1b729f,2,2,2,251.0,43.9,125.5,21.95,4.5,15.0,-0.5,0.5,2,1,SP,health_beauty,17
8602a61d680a10a82cceeeda0d99ea3d,17,19,17,826.99,252.91,43.52578947368421,13.311052631578947,4.473684210526316,7.2631578947368425,-11.052631578947368,0.0,10,1,SP,fashion_bags_accessories,362
8603f0038fe0e52fedd3382d266723de,10,10,7,2355.0,490.12,235.5,49.012,4.4,20.9,-11.8,0.0,9,5,SC,home_appliances_2,274
8629a7efec1aab257e58cda559f03ba7,1,1,1,45.22,18.89,45.22,18.89,1.0,59.0,33.0,1.0,1,1,GO,computers_accessories,0
8629c241b3622ac12cd4118afdc8d394,13,13,13,1167.66,334.36,89.82000000000001,25.720000000000002,4.076923076923077,14.692307692307692,-14.076923076923077,0.07692307692307693,6,3,SP,perfumery,113
863d2ebcd347ce4922de7a0f9a5581d6,18,19,18,1382.36,308.81,72.7557894736842,16.25315789473684,3.9473684210526314,11.166666666666666,-10.61111111111111,0.10526315789473684,8,1,RJ,auto,404
8648b1e89e9b349e32d3741b30ec737e,95,103,93,7442.55,1503.5,72.25776699029126,14.597087378640778,4.029126213592233,8.79,-11.94,0.08737864077669903,56,4,SP,construction_tools_construction,332
86649b1632b1c0e6c0bcb2c90a8b75d8,1,1,1,59.99,17.67,59.99,17.67,1.0,10.6918511755307,-12.0,0.0,1,1,PR,health_beauty,0
866558b3bccef2dbc6d29a2b5995016f,5,6,5,1519.3999999999999,351.35,253.23333333333332,58.55833333333334,4.666666666666667,12.0,-13.333333333333334,0.0,4,2,PR,furniture_decor,271
86bb7c4b535e49a541baf3266b1c95b1,16,16,16,8162.4,324.82,510.15,20.30125,3.2,19.8125,-11.875,0.1875,5,1,SP,toys,488
86bf77bdb52e615674772d5817c6212f,4,5,4,281.8,97.58,56.36,19.516,4.8,6.8,-15.2,0.0,3,2,RS,health_beauty,98
86ccac0b835037332a596a33b6949ee1,180,210,179,16619.93,3968.67,79.14252380952381,18.89842857142857,4.002392344497608,11.413461538461538,-14.884615384615385,0.01904761904761905,72,3,SC,watches_gifts,494
86ff3eaef0267069cc891a2ed9d10a17,7,7,7,409.75,140.61,58.535714285714285,20.087142857142858,4.714285714285714,8.428571428571429,-17.285714285714285,0.0,7,2,SC,sports_leisure,82
870d0118f7a9d85960f29ad89d5d989a,45,61,43,3157.2,1270.83,51.75737704918033,20.83327868852459,4.016393442622951,14.442622950819672,-10.065573770491802,0.04918032786885246,18,2,MG,furniture_living_room,505
87142160b41353c4e5fca2360caf6f92,305,339,302,31095.98,7218.33,91.72855457227139,21.293008849557523,4.362426035502959,10.330383480825958,-14.970501474926253,0.04129793510324484,56,8,RS,computers_accessories,564
8759e7aedd644f487315e5860962f162,3,3,3,627.0,166.34,209.0,55.446666666666665,3.6666666666666665,32.666666666666664,4.666666666666667,0.3333333333333333,1,1,SP,home_appliances,29
876182d1918783bbe15233febfbd4926,3,3,3,120.27,34.730000000000004,40.089999999999996,11.576666666666668,4.0,8.666666666666666,-12.333333333333334,0.0,3,2,SP,computers_accessories,288
87b4428a334b8f676fd9a7f3bf544fb5,1,1,1,29.99,18.99,29.99,18.99,5.0,6.0,-24.0,0.0,1,1,SP,health_beauty,0
87b740daf17b5d1be335a64164ec6842,13,13,13,14699.87,1482.51,1130.7592307692307,114.03923076923077,3.3076923076923075,17.636363636363637,-12.727272727272727,0.07692307692307693,9,1,SP,sports_leisure,525
87d30a6a0cbf89356e49324971ab1d24,17,17,17,2134.13,215.78,125.53705882352942,12.692941176470589,4.352941176470588,10.764705882352942,-10.764705882352942,0.058823529411764705,12,1,SP,toys,181
87d3c3aeb3ead335511b3ce315eb341e,15,15,15,749.3499999999999,213.71,49.95666666666666,14.247333333333334,3.5,6.133333333333334,-8.466666666666667,0.06666666666666667,11,2,SP,toys,64
87d73636a3acf123e842bb890a4db036,1,1,1,269.9,43.71,269.9,43.71,5.0,13.0,-3.0,0.0,1,1,SP,furniture_bedroom,0
87e24fc7052259b1f7f607d61c10d8be,8,8,8,7473.49,236.37,934.18625,29.54625,3.5,15.0,-12.142857142857142,0.125,7,3,SP,telephony,90
87f3e35268860433e13d577825aada95,3,3,3,161.7,41.78,53.9,13.926666666666668,1.0,51.0,-3.0,0.0,3,1,SP,furniture_decor,253
880ce4951cf857ab1d9e0b75c1d856f4,1,1,1,178.9,18.82,178.9,18.82,5.0,15.0,-19.0,0.0,1,1,MG,auto,0
880eda903e719a5f179f7e9fceb3a69d,1,1,1,249.0,42.72,249.0,42.72,1.0,10.6918511755307,-12.0,0.0,1,1,SP,pet_shop,0
883dd81e82754ac2c65e9790a7db8c9a,5,5,5,319.5,74.96000000000001,63.9,14.992,4.4,6.6,-18.8,0.0,4,2,PR,sports_leisure,242
88460e8ebdecbfecb5f9601833981930,248,302,242,31546.550000000003,4996.55,104.4587748344371,16.544867549668876,3.355481727574751,17.81,-10.963333333333333,0.16225165562913907,12,1,PR,computers_accessories,268
888faa8bfb0b159c37de6d898b961c31,19,23,19,2418.2999999999997,526.7,105.14347826086956,22.900000000000002,3.869565217391304,7.869565217391305,-15.91304347826087,0.0,14,8,SC,sports_leisure,379
889009a0ed0bb52c87819941192931b8,1,1,1,89.9,33.08,89.9,33.08,4.0,12.0,-24.0,0.0,1,1,SP,health_beauty,0
88ae906ea2acf6971f26c3e8b7cb4357,3,3,3,246.0,42.01,82.0,14.003333333333332,3.3333333333333335,14.666666666666666,-2.0,0.3333333333333333,1,1,SP,perfumery,13
88af55b4a7ca402b27df16f7c7c9b5d2,1,1,1,130.0,11.52,130.0,11.52,1.0,10.6918511755307,-12.0,0.0,1,1,SP,cool_stuff,0
88cd3681e0a2ba85e190f7d817629c4c,1,1,1,180.0,19.36,180.0,19.36,4.0,7.0,-9.0,0.0,1,1,SC,auto,0
88cf19ec1fc2c58f161aee259d57142c,14,14,13,1372.97,234.71,98.06928571428571,16.765,4.5,6.071428571428571,-13.285714285714286,0.0,11,3,SP,small_appliances_home_oven_and_coffee,92
88ef59b51bdaa941d10a853429f2b6ce,2,2,2,252.9,41.8,126.45,20.9,2.0,6.0,-18.0,0.0,2,1,PR,agro_industry_and_commerce,45
891071be6ba827b591264c90c2ae8a63,92,98,92,4177.28,1277.07,42.625306122448976,13.031326530612244,3.704081632653061,12.7,-11.555555555555555,0.12244897959183673,31,10,SP,fashion_bags_accessories,575
8931a84a914b3fe9b1ddaa4d704947ca,29,32,28,4668.3,424.59,145.884375,13.2684375,3.774193548387097,12.53125,-8.9375,0.15625,16,1,SP,perfumery,477
8936ba0de1073ee888cb3185ae5dc661,1,1,1,389.99,22.22,389.99,22.22,5.0,13.0,-10.0,0.0,1,1,SP,garden_tools,0
897060da8b9a21f655304d50fd935913,317,430,313,23023.92,6863.55,53.544,15.961744186046513,3.390845070422535,14.394673123486683,-9.670702179176756,0.10697674418604651,106,4,SP,computers_accessories,618
89757206b887aed36f3e18d858460fea,2,2,2,120.5,55.64,60.25,27.82,5.0,9.0,-14.5,0.0,2,1,SP,stationery,62
89a51f50b8095ea78d5768f34c13a76f,10,11,10,677.16,177.1,61.559999999999995,16.099999999999998,4.7272727272727275,7.181818181818182,-12.636363636363637,0.0,10,1,DF,perfumery,98
89ad3263c0931c47f976d7c5778e60f6,6,6,6,568.2,131.54,94.7,21.923333333333332,4.166666666666667,6.0,-12.5,0.0,5,1,SP,baby,33
89bc797e2e29667aa035d4368f9b7f92,17,20,17,407.3,252.15,20.365000000000002,12.6075,3.75,14.473684210526315,-20.789473684210527,0.15,12,1,SP,telephony,187
89c127985a8b130cfa45c1d36764017a,7,7,7,1419.5700000000002,120.63,202.7957142857143,17.232857142857142,3.0,10.5,-14.5,0.0,6,5,SP,cool_stuff,226
89d9a386b0b6e5fc8403071b03f7206a,2,5,2,167.0,68.25,33.4,13.65,3.4,13.0,-17.6,0.0,1,1,SP,unknown,2
89dda63a3c907c468ec88c310ed91213,2,2,2,734.99,42.14,367.495,21.07,3.0,25.0,-6.0,0.0,2,1,SP,computers_accessories,3
89de2d6f23e9746ff309705b23581faa,8,8,8,340.0,160.08,42.5,20.01,2.7142857142857144,9.125,-16.875,0.0,4,1,PR,books_technical,17
89f69225956f951295ca4c7fb1266553,11,12,11,1041.3,277.41,86.77499999999999,23.117500000000003,4.333333333333333,9.25,-18.583333333333332,0.0,8,5,RJ,toys,92
8a130737016f838139d31878787a39c9,56,62,56,4222.03,842.2900000000001,68.09725806451613,13.585322580645162,4.354838709677419,9.758064516129032,-10.709677419354838,0.06451612903225806,7,2,SP,home_construction,225
8a1ff5c35f6595a73fef4c7b96e4908a,2,2,2,1598.0,284.79999999999995,799.0,142.39999999999998,5.0,10.0,-19.5,0.0,1,1,PR,baby,53
8a207b6080964f3c1fc9d35bd6096ba4,2,3,2,553.7,176.34,184.5666666666667,58.78,5.0,21.333333333333332,-8.666666666666666,0.3333333333333333,2,2,SP,furniture_bedroom,43
8a2d12a90e92f012ce5226fc6592b653,18,18,18,1594.6499999999999,338.97,88.59166666666665,18.831666666666667,4.588235294117647,8.833333333333334,-15.944444444444445,0.0,13,2,PR,housewares,243
8a32e327fe2c1b3511609d81aaf9f042,132,180,130,6429.01,2363.03,35.716722222222224,13.127944444444445,3.7752808988764044,8.603550295857989,-14.195266272189349,0.05555555555555555,53,2,SP,furniture_decor,503
8a40ae794fa3f9892cee24bd5af0488b,6,6,5,739.85,206.41,123.30833333333334,34.401666666666664,3.1666666666666665,27.5,-6.5,0.3333333333333333,4,3,PR,telephony,371
8a43128d7f9a3db592b866e6861a6cce,3,4,3,990.5999999999999,67.89,247.64999999999998,16.9725,2.0,6.0,-22.0,0.0,3,3,SP,auto,58
8a432f4e5b471f8da497d7dc517666e2,95,106,95,7555.0,1965.11,71.27358490566037,18.53877358490566,4.201923076923077,7.452830188679245,-12.415094339622641,0.018867924528301886,48,3,SP,bed_bath_table,145
8a87611c08849ffeeccab52aa798b6c7,13,14,13,2369.8,485.32,169.27142857142857,34.66571428571429,2.642857142857143,8.333333333333334,-30.0,0.0,7,4,PR,garden_tools,36
8a8835a43bda99fd37310ad76c457510,2,3,2,224.34,34.2,74.78,11.4,4.333333333333333,6.0,-4.0,0.0,2,1,SP,auto,17
8a9260f2b0340411d6d2a56bcf4f7378,8,9,8,1256.0,140.94,139.55555555555554,15.66,4.777777777777778,8.666666666666666,-10.11111111111111,0.0,4,4,MG,food,181
8ab42aa58097fd4668d60cc648225d5f,20,26,20,2616.75,593.64,100.64423076923077,22.83230769230769,4.153846153846154,10.692307692307692,-17.346153846153847,0.0,15,2,GO,bed_bath_table,296
8ae520247981aa06bc94abddf5f46d34,65,65,65,16320.99,1445.35,251.09215384615385,22.236153846153844,4.446153846153846,10.492307692307692,-16.446153846153845,0.0,50,4,SC,watches_gifts,292
8b11118053756a9a2932f447e11fc1b5,1,1,1,79.99,11.17,79.99,11.17,3.0,11.0,-41.0,0.0,1,1,SP,fixed_telephony,0
8b181ee5518df84f18f4e1a43fe07923,1,1,1,27.9,27.08,27.9,27.08,5.0,14.0,-22.0,0.0,1,1,SP,health_beauty,0
8b2492b7ff4468839593fafeed55bad9,29,45,29,3660.08,676.18,81.3351111111111,15.026222222222222,3.888888888888889,14.622222222222222,-6.4222222222222225,0.1111111111111111,15,1,RJ,health_beauty,335
8b28d096634035667e8263d57ba3368c,143,155,142,9375.7,2591.45,60.4883870967742,16.719032258064516,3.861842105263158,13.874172185430464,-10.291390728476822,0.12258064516129032,49,14,SP,health_beauty,506
8b2d4ab22f42c5cfc338b846decfda60,6,9,6,458.0,185.32,50.888888888888886,20.59111111111111,4.777777777777778,12.0,-13.222222222222221,0.0,3,2,PR,sports_leisure,144
8b321bb669392f5163d04c59e235e066,943,1018,938,17535.69,14156.36,17.225628683693515,13.9060510805501,3.995069033530572,12.172139303482586,-10.011940298507463,0.08546168958742632,104,11,SP,electronics,298
8b655f0855926bcb49f5835d38dfddf6,5,5,5,1089.5,73.31,217.9,14.662,4.8,5.0,-5.6,0.0,3,1,SP,stationery,95
8b87cd0d43d49b9bdf40f56229364d59,5,5,5,1552.9,301.0,310.58000000000004,60.2,2.6,14.5,-7.5,0.0,5,2,SP,baby,55
8b8cfc8305aa441e4239358c9f6f2485,15,15,15,11892.0,1218.7,792.8,81.24666666666667,4.2,12.066666666666666,-16.066666666666666,0.13333333333333333,6,2,PR,cool_stuff,436
8b9d6eec4a7eb7d0f9d579ce0b38324d,49,53,48,4232.54,1684.44,79.85924528301886,31.78188679245283,4.056603773584905,9.596153846153847,-10.76923076923077,0.1320754716981132,7,2,RJ,furniture_living_room,98
8bb48dc19fccaa8613b6229bf7f452a2,82,95,82,4190.72,1857.3999999999999,44.11284210526316,19.55157894736842,4.336842105263158,10.76842105263158,-13.442105263157895,0.021052631578947368,47,4,SP,costruction_tools_garden,278
8bd0e3abda539b9479c4b44a691be1ec,7,13,7,596.55,248.79000000000002,45.888461538461534,19.13769230769231,1.6923076923076923,22.416666666666668,-13.25,0.3076923076923077,7,1,RS,health_beauty,222
8bd0f31cf0a614c658f6763bd02dea69,33,35,33,4455.34,967.98,127.29542857142857,27.65657142857143,4.205882352941177,9.542857142857143,-12.914285714285715,0.02857142857142857,10,3,SP,furniture_decor,575
8bdd8e3fd58bafa48af76b2c5fd71974,11,11,11,2324.82,190.73,211.34727272727275,17.33909090909091,4.545454545454546,10.0,-12.11111111111111,0.09090909090909091,5,1,SP,toys,204
8c0de775f52fe41590b376a3b7c50f68,9,9,9,672.7,135.32999999999998,74.74444444444445,15.036666666666665,3.888888888888889,5.75,-11.5,0.0,6,1,SP,sports_leisure,109
8c16d1f32a54d92897cc437244442e1b,108,118,108,5642.6,2112.07,47.81864406779661,17.898898305084746,4.327586206896552,10.508474576271187,-14.88135593220339,0.01694915254237288,25,8,SC,computers_accessories,688
8c351ed7c326c62123318f4f3246e906,2,2,2,114.9,35.76,57.45,17.88,5.0,9.5,-14.5,0.0,1,1,SP,computers_accessories,234
8c3b533c63cca56240f94f1e3a6b18ef,5,8,5,3312.16,989.61,414.02,123.70125,1.3333333333333333,48.6,12.8,0.5,4,2,MG,furniture_decor,182
8c5e007d7bd5693fa1386ffefbc99f6c,9,24,9,1029.11,378.3,42.87958333333333,15.762500000000001,4.166666666666667,11.5,-14.916666666666666,0.0,9,1,SP,health_beauty,75
8c91bfea4263b8fba54081460693e2a1,2,2,2,739.0,46.75,369.5,23.375,5.0,11.5,-18.0,0.0,2,1,RS,health_beauty,14
8c9348f33ae3dada25c99c99ade2af78,2,2,2,312.99,51.94,156.495,25.97,5.0,9.5,-20.0,0.0,2,2,SP,garden_tools,37
8ca1551acf9832a4cf467bbbac15851f,11,12,11,2176.4,266.54,181.36666666666667,22.21166666666667,3.6666666666666665,15.25,-11.0,0.16666666666666666,10,3,PR,furniture_decor,169
8ca5b19e0263150d2c57afdde2b3d011,3,4,3,180.60000000000002,44.08,45.150000000000006,11.02,4.75,4.75,-11.5,0.0,2,2,SP,housewares,27
8cb7c5ddf41f4d506eba76e9a4702a25,2,2,2,138.0,44.37,69.0,22.185,3.0,16.0,-12.0,0.0,1,1,GO,sports_leisure,71
8cbac7e12637ed9cffa18c7875207478,67,82,67,2990.98,1663.37,36.47536585365854,20.285,4.146341463414634,13.11111111111111,-14.061728395061728,0.04878048780487805,21,4,SC,cool_stuff,578
8cc6a0e5738e61a87b03c78b2ba9db4b,24,26,24,13312.4,525.82,512.0153846153846,20.223846153846157,4.153846153846154,16.125,-10.708333333333334,0.07692307692307693,14,7,MG,stationery,85
8ccf3cf69651cc1d8a02c8bfaf3b8568,2,2,2,250.0,38.629999999999995,125.0,19.314999999999998,3.5,25.0,-3.5,0.5,1,1,SP,computers_accessories,18
8cf21434553b02cbd37c0bbd07e041b0,2,2,2,94.98,67.15,47.49,33.575,2.5,11.0,-15.0,0.0,2,1,SC,auto,110
8d46553a36e68f95350a200c12f8f2e2,13,16,13,746.6,223.0,46.6625,13.9375,3.125,16.818181818181817,-11.818181818181818,0.0,9,2,SP,perfumery,208
8d79c8a04e42d722a75097ce5cbcf2ef,27,28,24,2777.7200000000003,757.4399999999999,99.20428571428572,27.05142857142857,4.464285714285714,19.11111111111111,-11.814814814814815,0.07142857142857142,3,1,CE,food,411
8d899e15a5925f097cca50faa49b15e3,4,10,4,645.0,150.98000000000002,64.5,15.098000000000003,2.5,6.8,-3.8,0.6,3,2,SP,furniture_decor,81
8d92f3ea807b89465643c219455e7369,3,8,3,121.2,131.57,15.15,16.44625,1.0,41.875,10.5,0.875,3,2,SP,unknown,31
8d956fec2e4337affcb520f56fd8cbfd,211,228,211,11015.19,3327.95,48.312236842105264,14.59627192982456,4.18859649122807,8.832599118942731,-10.678414096916299,0.05701754385964912,52,13,SP,sports_leisure,318
8daab2245ebdc277c51098d01c5ad8ef,16,16,16,1604.59,284.05,100.286875,17.753125,4.625,9.5625,-17.375,0.0,4,4,SP,costruction_tools_tools,139
8dd386be0767c330276ea6a3f96532d3,1,2,1,89.98,44.5,44.99,22.25,5.0,10.0,-9.0,0.0,1,1,SC,sports_leisure,0
8de8fe3af4449ed695d2434c933ed73e,1,1,1,2090.0,65.35,2090.0,65.35,5.0,10.0,-20.0,0.0,1,1,SP,home_appliances,0
8def3db7f272735afb2ecd03aeca09a7,2,2,2,196.0,33.64,98.0,16.82,5.0,2.0,-9.5,0.0,1,1,RJ,fashion_bags_accessories,7
8dfbc5ff27df12f6cef751d3b9554222,4,4,4,226.0,90.12,56.5,22.53,4.5,9.75,-12.75,0.0,4,1,PR,garden_tools,92
8e29d051f810eb22959ede205b462b9f,2,2,2,599.8,213.48000000000002,299.9,106.74000000000001,4.0,31.5,4.0,0.5,1,1,SP,pet_shop,8
8e2b3afb420011ef0c88c9d5f11ea526,11,11,11,1384.5,147.93,125.86363636363636,13.44818181818182,4.2727272727272725,10.181818181818182,-10.727272727272727,0.09090909090909091,3,2,SP,sports_leisure,76
8e34331b7eedd03be4e5d965c1956225,5,5,5,145.0,65.44,29.0,13.088,4.8,13.6,-7.8,0.2,5,1,SP,books_general_interest,164
8e4f041ff58e7845456d3482524014b3,2,2,2,133.8,48.59,66.9,24.295,3.0,23.5,-8.5,0.5,2,1,RS,baby,25
8e670472e453ba34a379331513d6aab1,1,1,1,975.0,108.96,975.0,108.96,1.0,86.0,35.0,1.0,1,1,MG,auto,0
8e6cc767478edae941d9bd9eb778d77a,106,114,103,6830.58,2284.83,59.91736842105263,20.042368421052632,3.892857142857143,15.972222222222221,-13.481481481481481,0.05263157894736842,61,2,MG,housewares,506
8e6d7754bc7e0f22c96d255ebda59eba,85,130,85,14497.27,1715.24,111.51746153846155,13.194153846153846,2.973076923076923,13.565891472868216,-6.294573643410852,0.1,29,1,SP,computers_accessories,238
8e8a7ce9f2f970dc00e2acf6f6e199f6,65,66,65,9101.0,1183.82,137.8939393939394,17.936666666666667,4.030769230769231,11.8125,-11.15625,0.06060606060606061,6,1,RJ,computers_accessories,263
8ea394aed8138685abe1eb9f25e1021d,2,2,2,1340.0,77.6,670.0,38.8,4.0,11.0,-9.5,0.0,1,1,SP,signaling_and_security,159
8eb88b0acb3f90a717ad659221471fa7,2,2,2,119.8,40.87,59.9,20.435,4.5,12.0,-18.0,0.0,2,1,SC,fashion_bags_accessories,138
8ec76bb0965af3f007692b26fa9d6623,1,1,1,1999.0,29.75,1999.0,29.75,5.0,11.0,-13.0,0.0,1,1,SC,computers_accessories,0
8ed8ea9a57c862f2c18c2fe41f601d56,19,19,19,3831.9,731.0699999999999,201.67894736842106,38.47736842105263,4.473684210526316,8.263157894736842,-15.736842105263158,0.0,2,2,SC,cool_stuff,60
8f0fbe2cd4d472157dc1cdef6edecaa9,2,2,2,71.88,22.88,35.94,11.44,3.0,7.0,-11.5,0.0,2,2,SP,computers_accessories,59
8f119a0aee85c0c8fc534629734e94fd,77,83,77,3733.68,1092.77,44.984096385542166,13.16590361445783,4.216867469879518,9.481481481481481,-10.74074074074074,0.04819277108433735,32,8,SP,toys,582
8f2b51a30523cdecddc2f179f351c7d6,7,8,7,1027.9,148.32999999999998,128.4875,18.541249999999998,3.875,12.375,-17.25,0.0,4,1,SP,auto,79
8f2ce03f928b567e3d56181ae20ae952,153,175,151,21712.9,3837.11,124.07371428571429,21.926342857142856,4.063218390804598,13.970930232558139,-9.715116279069768,0.12,79,1,SP,sports_leisure,480
8f54d64f28a993550aa7943f12572959,15,16,15,2755.5,377.62,172.21875,23.60125,3.8125,13.375,-12.0625,0.0625,10,1,MG,health_beauty,277
8f580d36c1e9d6fbce95283403c7d447,8,8,8,4813.25,180.15,601.65625,22.51875,4.375,11.875,-10.375,0.125,7,1,SP,auto,239
8f78f0903005064036736c7173a5c2ed,13,21,13,2113.7000000000003,632.25,100.65238095238097,30.107142857142858,3.4761904761904763,17.952380952380953,-14.380952380952381,0.0,10,4,MG,furniture_decor,473
8fb67a334bacec338885b4e9e1708073,1,1,1,59.9,38.52,59.9,38.52,5.0,8.0,-11.0,0.0,1,1,PR,furniture_decor,0
8fb791022c1fc8909664f48ab7dc636d,5,5,5,8119.95,363.4,1623.99,72.67999999999999,4.2,5.0,-18.0,0.0,4,1,SP,home_appliances_2,18
8fbd63429be6d3e5e6d1a709b6464802,6,8,6,1061.4,179.57,132.675,22.44625,4.625,8.0,-20.375,0.0,4,1,SP,auto,71
8fbe2ee446b97e128471be4ce983dc0d,3,3,3,148.5,40.0,49.5,13.333333333333334,3.0,7.666666666666667,-4.666666666666667,0.3333333333333333,3,1,SP,health_beauty,42
8fd3b4468f6425810648177996c14cbd,1,1,1,354.9,21.67,354.9,21.67,5.0,9.0,-19.0,0.0,1,1,SP,health_beauty,0
8fdca8e349553f99bc738833a62c8802,22,29,22,989.34,380.88,34.115172413793104,13.133793103448276,4.357142857142857,9.793103448275861,-12.344827586206897,0.034482758620689655,4,3,SP,electronics,306
8fe8786ee000001ab51d030dfd4a7bf1,5,5,5,2255.0,201.44,451.0,40.288,4.6,15.6,-21.6,0.0,2,1,SC,musical_instruments,214
8fec2e460530482132c436cfb5439925,3,5,3,468.46,80.15,93.692,16.03,3.8,32.0,5.0,0.6,3,1,SP,toys,23
8ff1a9df749e454105c55cda13e79143,13,14,13,1400.6000000000001,277.21,100.04285714285716,19.800714285714285,3.727272727272727,11.857142857142858,-9.857142857142858,0.0,9,5,SP,housewares,227
8ff38bc3969e67c36c48343a07090f66,2,8,2,3472.0,387.56,434.0,48.445,2.5,16.5,-11.0,0.0,1,1,SP,auto,59
8fff28c4263ddec387f28d237fb42773,4,6,4,339.4,82.28,56.56666666666666,13.713333333333333,3.6666666666666665,7.75,-5.25,0.0,4,2,SP,bed_bath_table,541
900ba814c251a692506d7834c1218441,88,88,88,29099.690000000002,2368.25,330.6782954545455,26.911931818181817,4.188235294117647,12.081395348837209,-8.593023255813954,0.13636363636363635,7,1,SP,health_beauty,417
901b460cdce0c64e471230d7f2f9f3a3,5,5,5,1904.0,108.56,380.8,21.712,4.4,15.0,-19.0,0.0,5,2,RS,fashion_bags_accessories,269
902c99f1ac505c0d18778b61bcd636f7,4,4,4,157.96,100.16,39.49,25.04,4.0,4.666666666666667,-3.3333333333333335,0.0,4,2,SP,housewares,22
903037660cf848a717166eb7a06d616e,45,60,45,7991.51,1091.77,133.19183333333334,18.196166666666667,3.7666666666666666,11.101694915254237,-16.966101694915253,0.11666666666666667,36,4,SP,furniture_decor,566
90b36c5aeb728d5504a39f435bef0c5f,5,7,5,207.85999999999999,132.37,29.694285714285712,18.91,3.2857142857142856,11.5,-10.25,0.0,3,3,SP,drinks,22
90b57083da5d803237da74daec6dcb2b,2,2,2,206.9,34.31,103.45,17.155,5.0,7.5,-19.0,0.0,2,2,PR,housewares,78
90d4125885ab6c86e8820a722be71974,3,5,3,1299.5500000000002,43.4,259.91,8.68,1.0,10.6918511755307,-12.0,0.0,1,1,SP,consoles_games,0
910a922b426b7ff95eaee129ad6c0e1f,2,2,2,119.8,31.16,59.9,15.58,5.0,14.5,-6.0,0.0,1,1,SP,sports_leisure,7
913fd0ebba70bb919f7254a02239173c,1,1,1,159.9,19.22,159.9,19.22,1.0,13.0,-8.0,0.0,1,1,SC,auto,0
9140bd1d9de28b197dce077bdd687438,6,8,6,1258.87,184.06,157.35875,23.0075,4.125,4.75,-8.125,0.0,5,1,SP,sports_leisure,80
9140ef75cc8211c4035935e80e567204,1,1,1,49.9,22.28,49.9,22.28,5.0,12.0,-14.0,0.0,1,1,PR,pet_shop,0
91543f9849d68d023e17194926598543,4,6,4,834.0,266.57,139.0,44.428333333333335,4.333333333333333,10.666666666666666,-18.666666666666668,0.0,6,1,SC,furniture_decor,201
916748bc99315c2d202898ae58b1617e,25,32,25,369.40000000000003,377.11,11.543750000000001,11.7846875,4.34375,9.875,-9.6875,0.0,5,3,SP,sports_leisure,285
916c9de0b5ad957346eeeb12f332687e,23,28,23,5480.25,493.53,195.72321428571428,17.62607142857143,4.392857142857143,7.7407407407407405,-19.074074074074073,0.0,5,1,PR,health_beauty,396
918717417d88a9f9ae9735567e6c7682,4,4,4,345.70000000000005,43.52,86.42500000000001,10.88,5.0,7.75,-13.25,0.0,3,3,SP,health_beauty,70
918f6fbcf3ab724d805867303e593a1b,2,3,2,79.69999999999999,32.88,26.566666666666663,10.96,4.333333333333333,5.333333333333333,-15.333333333333334,0.0,2,2,SP,electronics,9
9198786624eaeb375793215cad26cfa6,9,10,9,908.3000000000001,210.07,90.83000000000001,21.006999999999998,3.9,11.777777777777779,-19.0,0.0,6,3,SC,sports_leisure,445
91f0eec23d4a61d7d7caeefa3f0ad1ca,11,11,11,2190.8,354.46,199.16363636363639,32.22363636363636,3.5454545454545454,25.727272727272727,-5.7272727272727275,0.2727272727272727,2,1,SC,auto,534
91f5779a8731baca4809fdeade81803f,6,6,6,1971.46,145.63,328.57666666666665,24.271666666666665,3.8333333333333335,15.833333333333334,-12.833333333333334,0.0,5,2,RJ,sports_leisure,146
91f848e9f4be368f4318775aac733370,63,73,63,5932.599999999999,1235.56,81.26849315068492,16.925479452054795,4.267605633802817,9.8,-11.414285714285715,0.0136986301369863,10,2,SP,housewares,160
9200e6ce317b67196b6b0bad4d4bd567,1,1,1,36.9,14.52,36.9,14.52,3.0,16.0,-8.0,0.0,1,1,RJ,furniture_decor,0
921323538c9f1c4e816f2720eac02bea,15,17,15,1401.84,240.36,82.46117647058823,14.138823529411766,4.0,7.705882352941177,-9.411764705882353,0.17647058823529413,10,3,SP,sports_leisure,255
9261d76c62caaf0b24677c2ceb7f8f20,6,7,6,968.7,247.54000000000002,138.3857142857143,35.362857142857145,3.7142857142857144,7.285714285714286,-17.428571428571427,0.0,4,1,SC,housewares,46
92992bec39dde5766f590d3b1f46d465,1,1,1,109.0,12.67,109.0,12.67,1.0,10.6918511755307,-12.0,0.0,1,1,SP,sports_leisure,0
929f342384a6607afe143d789ade1316,4,4,4,209.4,63.36,52.35,15.84,5.0,4.0,-15.25,0.0,4,3,PR,housewares,46
92c8bc6e8f925792247656fed09aad65,3,3,3,259.7,39.870000000000005,86.56666666666666,13.290000000000001,2.3333333333333335,13.0,-3.5,0.3333333333333333,3,2,SP,unknown,51
92d14edfb62ee5ae7fdff70b0f4e7233,8,13,8,322.0,165.65,24.76923076923077,12.742307692307692,2.769230769230769,6.461538461538462,-12.23076923076923,0.0,5,3,SP,food_drink,205
92eb0f42c21942b6552362b9b114707d,341,365,339,6548.63,4944.04,17.94145205479452,13.545315068493151,3.930939226519337,12.949720670391061,-10.38268156424581,0.043835616438356165,52,3,SP,telephony,562
9315e491484b1b0081ca166fc164108d,1,1,1,29.99,30.41,29.99,30.41,3.0,7.0,-24.0,0.0,1,1,PR,housewares,0
933446e9a59dece7ae9175103820ca8f,2,3,2,381.39,57.459999999999994,127.13,19.153333333333332,2.3333333333333335,24.0,-66.0,0.0,2,1,PR,housewares,28
934ed5cd1b9c1c7382d0a94a94b9e639,1,1,1,125.85,26.62,125.85,26.62,5.0,13.0,-32.0,0.0,1,1,PR,unknown,0
939e6227d6964a11a70aa91243e418f2,4,4,4,425.0,63.25,106.25,15.8125,4.25,4.75,-7.0,0.0,2,1,MG,health_beauty,10
939f6e231201f26803cb5c3a3d2940b3,3,4,3,130.6,95.02000000000001,32.65,23.755000000000003,4.75,9.5,-48.0,0.0,3,1,SP,furniture_decor,2
93b9a99027bd8bd6af682aff18dd19bf,20,21,20,1953.0,467.11,93.0,22.243333333333332,4.1,10.9,-17.5,0.0,15,3,SP,furniture_decor,555
93bef6edaa84956e8e575016449b6351,1,1,1,115.0,14.56,115.0,14.56,5.0,9.0,-21.0,0.0,1,1,SP,sports_leisure,0
93dc87703c046b603023e75222018b45,35,36,35,8517.35,688.9399999999999,236.59305555555557,19.13722222222222,4.0,19.235294117647058,-11.294117647058824,0.08333333333333333,26,3,MG,watches_gifts,261
94144541854e298c2d976cb893b81343,68,76,68,17286.28,1429.37,227.45105263157893,18.807499999999997,4.333333333333333,11.828947368421053,-15.06578947368421,0.039473684210526314,23,3,RS,health_beauty,347
941554c5757b73ba0e50aa7732310afc,3,4,3,107.69,58.66,26.9225,14.665,4.5,6.75,-23.5,0.0,2,1,SP,garden_tools,86
94165aea8a35c3c21499cbcae239b16c,1,1,1,180.0,16.11,180.0,16.11,2.0,6.0,-13.0,0.0,1,1,MG,auto,0
94231344608e603693b0a8891143f65d,3,3,3,722.0,102.17999999999999,240.66666666666666,34.059999999999995,4.0,12.0,-15.666666666666666,0.0,3,2,SP,housewares,80
9449f25aeaf531019b76999ea49a6949,10,10,10,2046.45,179.39,204.645,17.939,4.0,13.11111111111111,-7.555555555555555,0.2,9,1,RJ,health_beauty,313
9485a23c0430ba1d58d359391606fce6,5,5,5,1129.9,65.25,225.98000000000002,13.05,3.2,13.0,-7.75,0.2,5,1,SP,auto,281
94b9108d4b637ba65bb4f1e53cfcf8d8,7,8,7,234.95999999999998,99.13,29.369999999999997,12.39125,4.5,16.125,-3.375,0.125,3,2,SP,electronics,334
94c49f20a123aeb9360dbf80ff912bf6,3,3,3,277.75,61.540000000000006,92.58333333333333,20.513333333333335,3.6666666666666665,13.666666666666666,-13.666666666666666,0.0,2,2,SP,toys,14
94ca168e8bcb407ab85c5da308863027,5,5,5,224.3,87.36,44.86,17.472,5.0,11.8,-8.4,0.0,4,2,SP,health_beauty,275
94d76e96eedd976258cd3278ce56d5f2,1,1,1,385.61,68.56,385.61,68.56,5.0,7.0,-7.0,0.0,1,1,SP,sports_leisure,0
94e93ce877be27a515118dbfd2c2be41,30,35,29,5674.57,868.15,162.13057142857141,24.804285714285715,3.9411764705882355,12.794117647058824,-11.5,0.0,18,10,SP,housewares,149
951e8cef368f09bb3f3d03c00ca4702c,64,71,64,4092.29,1400.8,57.63788732394366,19.729577464788733,4.117647058823529,8.681159420289855,-10.81159420289855,0.056338028169014086,49,2,SP,bed_bath_table,127
9523fb39dd240aa958e040f8183d64f3,1,1,1,146.99,21.3,146.99,21.3,1.0,21.0,-17.0,0.0,1,1,SP,construction_tools_safety,0
9535a841eecebed61a9fb1ac1cbb5597,2,2,2,784.9,33.43,392.45,16.715,3.0,9.0,-17.5,0.0,2,1,SP,garden_tools,14
9539213aa8e023c01937bef95dc006da,9,9,9,229.1,89.94,25.455555555555556,9.993333333333332,4.555555555555555,11.222222222222221,-4.333333333333333,0.1111111111111111,2,1,SP,housewares,102
954e95f20808d7e5d11f0de292d078e0,3,4,3,158.78,119.17999999999999,39.695,29.794999999999998,4.75,10.75,-14.5,0.0,2,1,MG,unknown,78
9558aa23f77a9e0a0eca83540999f43b,2,2,2,125.7,29.88,62.85,14.94,3.0,20.0,-2.0,0.0,2,1,PR,fashion_bags_accessories,20
955fee9216a65b617aa5c0531780ce60,1287,1499,1282,135171.7,25430.98,90.17458305537025,16.965296864576384,4.050437121721587,10.298913043478262,-10.33288043478261,0.06337558372248166,104,23,SP,furniture_decor,400
9591fc341b1bfb7ef561e2968ec6e011,1,1,1,79.9,14.31,79.9,14.31,1.0,10.6918511755307,-12.0,0.0,1,1,SP,fashion_shoes,0
9596c870880d900012f2e8e6e30d06d7,22,24,22,8606.25,2009.08,358.59375,83.71166666666666,4.041666666666667,13.08695652173913,-12.434782608695652,0.041666666666666664,11,4,MG,construction_tools_construction,472
9599519be538b98748162a2b48248960,1,3,1,570.0,60.06,190.0,20.02,1.0,22.0,-8.0,0.0,1,1,SP,sports_leisure,0
95b293867b5862941c9cd74f756a3c68,9,9,9,648.1,98.12,72.01111111111112,10.902222222222223,3.5555555555555554,21.0,2.6666666666666665,0.4444444444444444,5,2,SP,telephony,86
95cca791657aabeff15a07eb152d7841,1,1,1,9.99,18.23,9.99,18.23,5.0,3.0,-26.0,0.0,1,1,PR,sports_leisure,0
95e03ca3d4146e4011985981aeb959b9,175,193,174,11009.960000000001,3233.54,57.046424870466325,16.754093264248706,4.00261780104712,11.878947368421052,-15.210526315789474,0.031088082901554404,55,13,RJ,housewares,457
95ec4458365c4d11f452ccf538377619,27,31,27,1866.76,436.67,60.21806451612903,14.086129032258064,4.266666666666667,5.290322580645161,-12.67741935483871,0.03225806451612903,15,4,SP,furniture_decor,215
95f83f51203c626648c875dd41874c7f,52,67,52,3217.46,1609.05,48.02179104477612,24.015671641791045,3.208955223880597,10.692307692307692,-14.261538461538462,0.029850746268656716,11,2,MG,furniture_decor,269
960945e1a9535cbc0cd6ddd35fbe7ae8,28,29,28,3381.73,479.8,116.61137931034483,16.544827586206896,4.655172413793103,5.586206896551724,-10.10344827586207,0.0,7,3,SP,construction_tools_construction,110
9616352088dcf83a7c06637f4ebf1c80,92,98,92,5703.0,1787.57,58.19387755102041,18.24051020408163,4.244897959183674,11.969072164948454,-15.412371134020619,0.0,5,1,PR,sports_leisure,540
961dff0a659b4561334372337dd897d9,4,4,4,9946.0,136.56,2486.5,34.14,3.75,20.0,-4.0,0.0,3,1,RJ,cool_stuff,137
9646c3513289980f17226a2fc4720dbd,71,78,71,3039.2999999999997,1208.02,38.965384615384615,15.487435897435898,4.256410256410256,12.06578947368421,-12.868421052631579,0.07692307692307693,24,5,SP,computers_accessories,555
96493fab2fbb13a14d0c0e8772eef5c3,63,64,63,18969.0,1212.23,296.390625,18.94109375,4.031746031746032,12.890625,-10.1875,0.0625,54,1,SP,computers_accessories,481
964ff64dc05b13811c6d0f41e0aa5f6b,1,1,1,180.0,24.06,180.0,24.06,5.0,6.0,-14.0,0.0,1,1,SP,home_construction,0
966cb4760537b1404caedd472cc610a5,75,75,74,51286.05,1649.82,683.8140000000001,21.9976,3.8513513513513513,9.522388059701493,-15.537313432835822,0.02666666666666667,17,1,SP,watches_gifts,142
9674754b5a0cb32b638cec001178f799,86,97,82,5069.92,1214.91,52.267216494845364,12.524845360824743,4.0,7.589473684210526,-11.157894736842104,0.020618556701030927,41,5,SP,small_appliances,440
96804ea39d96eb908e7c3afdb671bb9e,38,40,38,3610.7000000000003,755.06,90.26750000000001,18.8765,3.9,12.948717948717949,-13.205128205128204,0.025,5,5,MG,sports_leisure,444
968268a686aa05d1f529fb07dff08130,12,12,12,4677.29,203.55,389.77416666666664,16.962500000000002,3.5,9.0,-11.833333333333334,0.0,4,2,SP,stationery,195
968ee78631915a63fef426d6733d7422,2,2,2,450.0,71.67,225.0,35.835,3.0,15.0,-16.5,0.0,1,1,RS,cool_stuff,172
96e5dc09087bad639b4ee193104ec2e5,2,2,2,101.9,52.54,50.95,26.27,4.5,7.5,-8.5,0.0,2,2,RJ,health_beauty,7
96f7c797de9ca20efbe14545bed63eec,1,3,1,138.60000000000002,38.37,46.20000000000001,12.79,1.0,1.0,-14.0,0.0,1,1,SP,perfumery,0
972d0f9cf61b499a4812cf0bfa3ad3c4,83,88,82,8089.29,2151.3,91.92375,24.44659090909091,2.9642857142857144,17.75581395348837,-9.755813953488373,0.11363636363636363,15,1,SC,bed_bath_table,303
973f21788dfab357250f69a8dcb7ddee,10,21,10,909.0,536.65,43.285714285714285,25.554761904761904,2.3333333333333335,20.68421052631579,-12.157894736842104,0.3333333333333333,10,1,MG,sports_leisure,516
974cf2cb8f4b7add98709c30df02fe10,33,33,33,2982.67,577.01,90.3839393939394,17.485151515151514,4.0606060606060606,10.7,-13.8,0.030303030303030304,11,2,SP,computers_accessories,309
97512d3fc193b2d1dfcdba0f9d1f0f8a,12,13,12,1458.8700000000001,341.55,112.22076923076924,26.273076923076925,4.3076923076923075,7.538461538461538,-8.538461538461538,0.07692307692307693,6,1,SP,computers_accessories,151
977f9f63dd360c2a32ece2f93ad6d306,24,25,24,2858.8700000000003,934.98,114.35480000000001,37.3992,3.8,12.083333333333334,-10.833333333333334,0.08,19,1,SP,baby,328
979e9f8b5b39dd243a2550c8b05aecf0,3,4,3,525.0,46.88,131.25,11.72,5.0,8.25,-13.5,0.0,2,1,SP,health_beauty,69
97e4a63591ca439a2b8b7efd20e6e19e,5,5,5,349.95,78.55,69.99,15.709999999999999,4.4,6.2,-12.6,0.0,2,1,RJ,furniture_living_room,174
97e50a621f8e801f4baf69e08687c192,1,1,1,89.9,7.88,89.9,7.88,5.0,9.0,-5.0,0.0,1,1,SP,toys,0
97e995629983723d11830a829bc2b246,5,5,5,499.5,99.37,99.9,19.874000000000002,4.8,16.8,-19.4,0.0,5,2,SP,books_technical,281
9803a40e82e45418ab7fb84091af5231,11,18,11,4278.75,512.63,237.70833333333334,28.479444444444443,3.111111111111111,15.277777777777779,-21.444444444444443,0.0,13,7,GO,computers_accessories,94
980640c45d7a4635885491d077167e4d,14,14,14,1004.29,242.37,71.735,17.312142857142856,4.642857142857143,7.142857142857143,-10.357142857142858,0.07142857142857142,12,3,SP,fashion_bags_accessories,52
98115075dd26cb8835946fc6086f5d30,4,4,4,434.96000000000004,56.24,108.74000000000001,14.06,4.75,3.75,-7.0,0.0,3,2,SP,furniture_decor,122
984c273121e743dd14767befe6cb17f5,1,1,1,259.6,21.31,259.6,21.31,1.0,33.0,3.0,1.0,1,1,SP,cool_stuff,0
9853a239ab7b7ebbdc3a21248d5b8e1f,5,5,5,381.0,90.00999999999999,76.2,18.002,3.8,17.5,-13.25,0.2,5,1,PR,housewares,215
985c92cc412091f8529c12d7f23d3fef,12,12,12,1368.5,238.13,114.04166666666667,19.844166666666666,4.75,7.0,-14.0,0.0,9,1,MG,health_beauty,108
989becdce12ebc39863c2bceab6f3ca1,18,18,18,7840.88,1052.45,435.6044444444444,58.46944444444445,4.555555555555555,13.2,-15.533333333333333,0.05555555555555555,8,3,PR,sports_leisure,656
98dac6635aee4995d501a3972e047414,91,195,91,4235.85,2439.52,21.722307692307695,12.510358974358974,3.8756476683937824,8.010526315789473,-11.710526315789474,0.02564102564102564,62,1,SP,housewares,489
98dddbc4601dd4443ca174359b237166,2,2,2,158.0,53.67,79.0,26.835,5.0,8.0,-10.5,0.0,1,1,PR,housewares,9
98e164d549402270247f3c96a1a158ef,2,2,2,162.7,24.72,81.35,12.36,2.5,8.0,-11.0,0.0,2,1,SP,cool_stuff,73
98f52e1020fe788c10c0418de4393fec,1,1,1,21.6,15.1,21.6,15.1,4.0,9.0,-13.0,0.0,1,1,RJ,sports_leisure,0
99002261c568a84cce14d43fcffb43ea,36,36,36,4088.0,1100.33,113.55555555555556,30.56472222222222,3.7222222222222223,16.36111111111111,-12.25,0.05555555555555555,19,2,MT,baby,298
9906e7aa42a3c067b7c9a564d01c4320,12,16,12,2619.0,496.59999999999997,163.6875,31.037499999999998,4.0625,15.8125,-11.6875,0.125,2,1,PR,sports_leisure,196
994f04b3718c2bab35c2adfa8afecd2a,49,57,48,3445.7,775.51,60.45087719298245,13.605438596491227,4.280701754385965,13.036363636363637,-8.50909090909091,0.05263157894736842,26,3,SP,housewares,270
9996ae921c50e8dff411ac69c0b4bb8b,2,3,2,29.700000000000003,43.67,9.9,14.556666666666667,2.3333333333333335,15.666666666666666,-5.333333333333333,0.0,3,1,SP,furniture_decor,5
999f6d9a1c7c81f43be44c6b7d076210,2,2,2,28.0,22.83,14.0,11.415,4.5,4.0,-23.5,0.0,1,1,SP,garden_tools,38
99a25c39b28a74d1151c35c18d178292,1,6,1,173.94,44.76,28.99,7.46,5.0,2.0,-10.0,0.0,1,1,SP,baby,0
99a54764c341d5dc80b4a8fac4eba3fb,45,67,43,3708.7599999999998,1317.5,55.35462686567164,19.66417910447761,3.4696969696969697,6.651515151515151,-10.166666666666666,0.16417910447761194,31,5,SP,housewares,122
99cd94252748d2bdde08e17858233602,2,2,2,159.8,21.520000000000003,79.9,10.760000000000002,4.5,2.5,-17.5,0.0,1,1,SP,pet_shop,1
99eaacc9e6046db1c82b163c5f84869f,66,70,66,13139.17,1135.35,187.70242857142858,16.219285714285714,3.9,14.522388059701493,-8.776119402985074,0.1,19,4,SP,telephony,502
9a03a4e9eb0b947652fae4f6121a3f5e,7,7,7,1497.0,185.22,213.85714285714286,26.46,3.857142857142857,13.571428571428571,-14.571428571428571,0.0,4,2,SP,baby,216
9a1aea68d3efa00862ec88c0768037d0,7,8,7,1309.2,192.51,163.65,24.06375,4.375,12.875,-11.5,0.0,3,2,SP,home_appliances_2,160
9a208dee8f95cfdf00760c4d627828ec,1,1,1,269.9,26.09,269.9,26.09,1.0,10.6918511755307,-12.0,0.0,1,1,RJ,health_beauty,0
9a84ba99f5367fdbd4598363496f1ea2,16,16,16,2284.98,435.95,142.81125,27.246875,3.625,9.933333333333334,-22.266666666666666,0.0,3,1,GO,sports_leisure,472
9aa388272ee334b6ae07bc73706e254a,6,7,6,678.0,183.46,96.85714285714286,26.208571428571428,3.857142857142857,7.142857142857143,-16.285714285714285,0.0,2,1,MG,bed_bath_table,139
9ac4f14370b1e24ddc58be041b7f99df,5,5,5,314.51,122.14,62.902,24.428,4.4,8.6,-15.2,0.0,5,3,GO,sports_leisure,130
9ac75591b69c3402684b6ce0310f22ee,1,1,1,60.5,9.17,60.5,9.17,5.0,2.0,0.0,0.0,1,1,SP,housewares,0
9add47bf45ce8e8c7db6b9cf670b1e09,43,45,43,4829.24,1158.04,107.31644444444444,25.734222222222222,4.204545454545454,11.720930232558139,-13.604651162790697,0.022222222222222223,12,6,PR,furniture_decor,558
9b00cad94ef3078faf6fba2e792c158f,1,1,1,354.9,18.92,354.9,18.92,5.0,19.0,-16.0,0.0,1,1,MG,sports_leisure,0
9b00ed88b7fdb95d6ff76e27c1b52d16,47,51,47,1627.88,575.48,31.919215686274512,11.283921568627452,4.509803921568627,8.5,-10.5,0.058823529411764705,19,2,SP,sports_leisure,342
9b013e03b2ab786505a1d3b5c0756754,174,225,173,9027.4,2604.21,40.12177777777777,11.574266666666666,4.0,7.577272727272727,-10.136363636363637,0.03111111111111111,57,6,SP,health_beauty,312
9b1050e85becf3ae99c1cf4934c9bc5d,2,2,2,85.14,30.2,42.57,15.1,2.5,10.6918511755307,-12.0,0.0,1,1,MG,musical_instruments,46
9b1585752613ec342d03bbab9997ec48,3,3,3,4248.98,100.06,1416.3266666666666,33.35333333333333,3.6666666666666665,7.666666666666667,-6.333333333333333,0.0,3,2,RJ,auto,11
9b1ab052f5fca308ba743ac789ebb2e1,2,2,2,294.09000000000003,31.99,147.04500000000002,15.995,4.0,9.5,-16.5,0.0,2,2,PR,garden_tools,31
9b1f656ca3060f8af17a50d8a024b533,2,2,2,41.0,47.68,20.5,23.84,5.0,16.0,-6.5,0.5,2,2,SP,auto,28
9b522ba7eae9e1d04082f267144583cc,4,6,4,1507.6,148.05,251.26666666666665,24.675,4.5,26.2,12.4,0.16666666666666666,3,2,SP,garden_tools,328
9b76ad3d04236f76bc71c59470305e13,2,3,2,394.70000000000005,61.93,131.5666666666667,20.643333333333334,5.0,4.666666666666667,-10.666666666666666,0.0,2,1,SP,housewares,36
9bade61a92bed55a25d2b67b9f4ed739,2,3,2,117.68,57.12,39.22666666666667,19.04,2.3333333333333335,10.0,-18.0,0.0,1,1,PR,baby,21
9baf5cb77970f539089d09a38bcec5c3,32,33,32,6129.67,543.73,185.74757575757576,16.476666666666667,4.333333333333333,14.25,-17.96875,0.0,25,8,SP,housewares,561
9bc484c87d79cd4874e05ca182658045,9,9,9,1120.0,149.87,124.44444444444444,16.65222222222222,4.0,12.875,-5.125,0.1111111111111111,9,4,SP,construction_tools_construction,160
9bcdfa7b615b3abb9461d9e3ad9886ae,14,20,14,2126.07,397.72,106.30350000000001,19.886000000000003,4.6,10.65,-14.6,0.05,10,1,SC,sports_leisure,439
9bf11dfc0bec77e5a23028043c3c5a8f,1,1,1,115.0,17.06,115.0,17.06,1.0,31.0,12.0,1.0,1,1,MG,auto,0
9c068d10aca38e85c50202e17b4a7e88,17,17,17,2658.9,449.93,156.40588235294118,26.466470588235296,4.125,16.11764705882353,-13.411764705882353,0.17647058823529413,13,1,MS,auto,291
9c0e69c7bf2619675bbadf47b43f655a,157,206,156,33702.78,2900.18,163.6057281553398,14.078543689320387,4.019607843137255,14.73,-8.135,0.07766990291262135,69,3,SP,computers_accessories,409
9c1c0c36cd23c20897e473901a8fb149,6,7,6,544.97,172.07,77.85285714285715,24.58142857142857,5.0,5.285714285714286,-7.714285714285714,0.0,3,1,SP,food_drink,97
9c351405b754cc5ce3e2ecf277bb034a,1,1,1,45.0,14.11,45.0,14.11,1.0,10.6918511755307,-12.0,0.0,1,1,SP,furniture_decor,0
9c3a1c416c765687bc79a04113269929,1,1,1,74.9,58.9,74.9,58.9,1.0,6.0,-11.0,0.0,1,1,MG,housewares,0
9c3c24eca51c52b91c1de727d2a2ae06,6,6,6,307.5,113.66,51.25,18.94333333333333,4.5,10.333333333333334,-24.166666666666668,0.0,3,2,RS,sports_leisure,587
9c4d31c7e46ab03a43fc06e3142afd4e,2,2,2,1218.9,43.82000000000001,609.45,21.910000000000004,4.5,6.0,-8.0,0.0,2,1,RJ,toys,6
9c54608f0996c32ae4743089d915f845,3,3,3,194.8,109.92,64.93333333333334,36.64,4.0,11.666666666666666,-20.666666666666668,0.0,3,1,PR,housewares,26
9c57bc60cfad5ee62d35d3f1ce4593a1,1,1,1,180.0,15.43,180.0,15.43,1.0,37.0,14.0,1.0,1,1,PR,pet_shop,0
9c690ceacd5c66731bf443ea810195cb,10,12,10,871.8,249.22,72.64999999999999,20.768333333333334,4.416666666666667,6.833333333333333,-17.166666666666668,0.0,2,2,MG,garden_tools,348
9c7fd21e0aa159b20da593371f08ff7c,7,8,7,798.3,123.5,99.7875,15.4375,3.375,6.125,-10.875,0.125,5,4,SP,fixed_telephony,160
9cad4b68bb993ee401a3c5aaa2bc26dd,5,7,5,649.3000000000001,114.03,92.75714285714287,16.29,3.4285714285714284,15.857142857142858,-9.714285714285714,0.14285714285714285,4,1,SP,health_beauty,180
9cea4682e16655f7da87f406902e989e,4,9,4,87.75999999999999,131.47,9.75111111111111,14.607777777777777,2.3333333333333335,8.0,-22.333333333333332,0.0,2,2,PR,unknown,316
9cf787a239c1aa29dbd76f153dc13f9a,4,4,4,316.0,52.400000000000006,79.0,13.100000000000001,4.75,6.25,-17.5,0.0,2,1,SP,stationery,71
9d213f303afae4983637247556438ede,2,3,2,47.7,73.11,15.9,24.37,5.0,6.333333333333333,-12.333333333333334,0.0,2,1,SP,bed_bath_table,10
9d39404483343dd55c7ae254494d8388,10,10,10,293.2,141.07999999999998,29.32,14.107999999999999,3.5,13.7,-11.6,0.1,4,1,SP,telephony,149
9d489893ff6af05029671b785f54b998,5,6,5,298.7,102.53999999999999,49.78333333333333,17.09,4.166666666666667,6.833333333333333,-13.166666666666666,0.0,5,2,SP,construction_tools_lights,426
9d4db00d65d7760644ac0c14edb5fd86,98,100,98,9979.7,1533.11,99.79700000000001,15.3311,4.515151515151516,7.656565656565657,-11.676767676767676,0.04,41,7,SP,toys,236
9d5604a1f112324ad6b2aa552122e0fb,13,17,13,421.5,340.48,24.794117647058822,20.02823529411765,3.6470588235294117,11.588235294117647,-14.176470588235293,0.0,3,1,SP,home_construction,277
9d5a9018aee56acb367ba9c3f05d1d6a,67,79,67,10292.310000000001,1689.9,130.28240506329115,21.39113924050633,4.405063291139241,13.91025641025641,-14.166666666666666,0.012658227848101266,22,5,GO,baby,375
9d681c7e12db302cb261e721040dde65,13,14,13,785.6,273.08,56.114285714285714,19.505714285714284,4.928571428571429,8.5,-15.5,0.0,8,1,PR,sports_leisure,86
9d69ba0a7a626a64dc5db08e529559cf,1,1,1,19.3,18.24,19.3,18.24,5.0,13.0,-3.0,0.0,1,1,SP,food,0
9d7a1d34a5052409006425275ba1c2b4,13,16,13,1054.82,277.05,65.92625,17.315625,3.75,12.625,-12.25,0.0625,12,4,SP,stationery,399
9da15f4a4ea758d9eeb49000dbe57e22,1,1,1,196.9,37.71,196.9,37.71,2.0,22.0,6.0,1.0,1,1,SP,office_furniture,0
9da1ca0bef29ee170e541927a5aeabdc,6,6,6,1484.3999999999999,127.63,247.39999999999998,21.271666666666665,3.0,16.333333333333332,-6.5,0.16666666666666666,2,2,SP,cool_stuff,99
9dc79dd988ac42f4d56c340d7048420a,4,4,4,749.6,94.33,187.4,23.5825,4.75,6.25,-10.0,0.0,3,1,SP,health_beauty,18
9dd459b29a14bf89d47183cf2cd0e4c7,2,2,2,180.0,18.82,90.0,9.41,5.0,6.5,-6.0,0.5,2,1,SP,auto,201
9dd59e43f0c9f0553244e8f9c2fb247e,10,10,10,356.3,151.82,35.63,15.181999999999999,4.8,12.6,-13.7,0.1,8,1,PR,perfumery,99
9dda5bbacd45e18d6485fee649205d09,19,22,19,1912.6000000000001,506.73,86.93636363636364,23.03318181818182,4.2272727272727275,14.227272727272727,-8.954545454545455,0.045454545454545456,18,2,MG,furniture_decor,497
9de4643a8dbde634fe55621059d92273,72,81,72,17560.34,1722.07,216.79432098765432,21.260123456790122,4.530864197530864,14.444444444444445,-11.580246913580247,0.037037037037037035,5,2,SC,housewares,404
9df5750209b83567ec144eb299d7d634,11,11,11,4917.0,259.3,447.0,23.572727272727274,4.0,13.545454545454545,-20.272727272727273,0.09090909090909091,8,3,RS,garden_tools,651
9e17b9d64683aebcbb9ee362d06463b4,2,3,2,98.69999999999999,37.97,32.9,12.656666666666666,1.0,10.6918511755307,-12.0,0.0,2,2,SP,sports_leisure,3
9e25199f6ef7e7c347120ff175652c3b,1,1,1,12.5,14.52,12.5,14.52,4.0,8.0,-14.0,0.0,1,1,SP,housewares,0
9e6229250fedbe05838fef417b74e7fb,74,78,74,13132.2,1854.45,168.36153846153846,23.775000000000002,3.8974358974358974,11.324675324675324,-15.532467532467532,0.02564102564102564,25,3,SP,baby,331
9e6967d3cf386d284251784b18ccb485,9,11,9,517.67,137.23,47.060909090909085,12.475454545454545,3.6363636363636362,7.363636363636363,-6.636363636363637,0.09090909090909091,3,3,SP,unknown,62
9e7c5f4d7770eab65738cca38f9efccf,2,2,2,184.8,38.08,92.4,19.04,3.5,7.0,-14.0,0.0,2,1,SP,toys,66
9e94fa26a70ede4d26226e918e8706a2,1,1,1,62.8,9.94,62.8,9.94,5.0,5.0,-8.0,0.0,1,1,SP,housewares,0
9e9b539eb2806acee3f5c28085c1db9f,3,3,3,967.0,72.47,322.3333333333333,24.156666666666666,3.6666666666666665,24.333333333333332,-3.0,0.3333333333333333,3,2,MG,small_appliances,15
9ed65337433adfbedefd23dd76eaa494,6,6,6,1262.6,81.05,210.4333333333333,13.508333333333333,4.833333333333333,6.833333333333333,-10.333333333333334,0.0,3,1,SP,sports_leisure,225
9ef932e837d8b7f392c0bfee9d359dc2,1,1,1,59.9,19.66,59.9,19.66,3.0,36.0,9.0,1.0,1,1,SP,unknown,0
9f50216bfd01913736a55a11b55ea842,17,19,17,1354.0,317.1,71.26315789473684,16.689473684210526,4.473684210526316,10.052631578947368,-7.684210526315789,0.15789473684210525,14,8,SP,computers_accessories,57
9f505651f4a6abe901a56cdc21508025,397,430,394,26361.82,6030.04,61.306558139534886,14.023348837209301,4.28169014084507,7.741784037558685,-11.056338028169014,0.037209302325581395,77,7,SP,computers_accessories,328
9f56a7a649097b166d8ed286ad86a15c,2,2,2,27.98,23.04,13.99,11.52,1.0,10.6918511755307,-12.0,0.0,2,1,RJ,christmas_supplies,1
9fbd5666d8618fa571c4230fafa09bd6,1,1,1,79.9,16.81,79.9,16.81,5.0,13.0,-6.0,0.0,1,1,SP,auto,0
9fc70243fb26800cba56e8f014797004,6,7,6,466.6,104.7,66.65714285714286,14.957142857142857,4.571428571428571,9.142857142857142,-11.285714285714286,0.0,2,2,MG,garden_tools,257
9fe7c6641c79970ab48185498f547c09,1,1,1,130.0,34.71,130.0,34.71,5.0,17.0,-17.0,0.0,1,1,SP,luggage_accessories,0
a00824eb9093d40e589b940ec45c4eb0,3,3,3,9399.97,379.49,3133.3233333333333,126.49666666666667,4.666666666666667,7.666666666666667,-15.0,0.0,1,1,SP,computers,185
a0415d9b25ede3c4b1e477e9916ffc03,10,10,10,4044.1,203.88,404.40999999999997,20.387999999999998,3.9,8.333333333333334,-17.555555555555557,0.0,8,2,RJ,watches_gifts,275
a066df7361163e7ddc5d7452dd17448b,15,17,15,1078.3,266.32,63.42941176470588,15.665882352941177,4.470588235294118,15.411764705882353,-8.352941176470589,0.23529411764705882,6,1,SP,telephony,151
a06c8ff043abea0528ee44171e2140a2,8,8,8,514.5,92.42999999999999,64.3125,11.553749999999999,4.75,3.25,-10.875,0.0,6,3,MG,baby,168
a080fc8a850289b27500f6b49cca2553,4,4,4,383.0,52.57,95.75,13.1425,4.75,4.75,-9.5,0.0,4,2,SP,auto,103
a08692680c77d30a0b4280da5df01c5a,6,17,5,2433.0,227.91000000000003,143.11764705882354,13.406470588235296,5.0,10.764705882352942,-9.176470588235293,0.0,4,1,SP,computers_accessories,293
a09a13f18ed27932d08438aa6f12756e,1,1,1,29.9,16.11,29.9,16.11,3.0,8.0,-23.0,0.0,1,1,RS,garden_tools,0
a0a14e50070f3225b3eabba5b85da517,4,4,4,176.2,72.44,44.05,18.11,4.5,5.75,-12.75,0.0,1,1,PR,furniture_living_room,15
a0d7fbb07bb5ebc3b05980e750db56f3,3,4,3,848.99,236.19,212.2475,59.0475,2.0,16.75,-11.75,0.0,4,1,SP,furniture_decor,100
a0e19590a0923cdd0614ea9427713ced,2,7,2,258.3,139.12,36.9,19.874285714285715,1.0,10.6918511755307,-12.0,0.0,1,1,PR,art,45
a1040efe9ff4a6f93c28b0499eada8f5,1,1,1,1658.83,34.48,1658.83,34.48,5.0,17.0,-15.0,0.0,1,1,SP,construction_tools_safety,0
a1043bafd471dff536d0c462352beb48,718,770,714,101901.16,31844.09,132.33916883116885,41.35596103896104,4.189048239895698,13.123670212765957,-12.482712765957446,0.048051948051948054,6,3,MG,garden_tools,557
a11a0e0ca67423425691db355cff69b0,2,2,2,448.9,28.080000000000002,224.45,14.040000000000001,5.0,5.0,-6.0,0.0,2,1,SP,auto,10
a13580f0e8f782b7a543885a0ef99f08,10,10,10,1304.9,258.78,130.49,25.877999999999997,4.4,24.6,-8.5,0.2,5,2,RJ,perfumery,263
a13aaf2d2886ab9fb30fb9a920160b8f,4,4,4,1011.52,74.31,252.88,18.5775,4.5,9.0,-6.5,0.25,1,1,SC,musical_instruments,10
a1474fd46fd3430168f7ec202da39408,12,14,12,2752.5,661.02,196.60714285714286,47.215714285714284,4.428571428571429,15.142857142857142,-12.0,0.14285714285714285,8,3,SP,auto,242
a150c540f572d0fb53992264bc5c10b5,1,1,1,119.9,15.59,119.9,15.59,4.0,10.0,-20.0,0.0,1,1,SP,consoles_games,0
a1544b9ea0b2390e020537d4daa89049,8,8,8,841.2,107.33,105.15,13.41625,3.875,10.375,-20.0,0.0,4,1,SP,fashion_bags_accessories,545
a154d7316f158bb42e6fa18bbe3afd3a,2,2,2,139.8,50.33,69.9,25.165,3.0,47.0,16.5,0.5,1,1,SP,unknown,4
a17f621c590ea0fab3d5d883e1630ec6,65,80,64,2778.58,1122.96,34.73225,14.037,4.092105263157895,11.217948717948717,-10.525641025641026,0.05,34,2,SP,sports_leisure,377
a1bea7061f61f6fdd9a85a6325ba1033,9,9,9,810.95,99.93,90.10555555555555,11.103333333333333,4.444444444444445,4.0,-6.111111111111111,0.1111111111111111,8,8,SP,telephony,60
a1bea9970d8f65b240555f99c2214f7f,1,1,1,75.0,27.48,75.0,27.48,3.0,9.0,-13.0,0.0,1,1,PR,construction_tools_lights,0
a1ed30492b3b798bc121845bc4aa7366,1,2,1,41.8,23.7,20.9,11.85,3.0,10.6918511755307,-12.0,0.0,1,1,SP,perfumery,0
a20d8058c866dbaeca014d2cd20ac62e,2,2,2,1194.0,44.9,597.0,22.45,5.0,23.0,-3.5,0.0,1,1,SP,small_appliances,146
a213f1bd6458f4a158f3746cb2514559,1,1,1,41.52,14.43,41.52,14.43,5.0,8.0,-26.0,0.0,1,1,PR,computers_accessories,0
a218df5c097b0ca409cfaac1488cc7f6,4,4,4,130.69,110.00999999999999,32.6725,27.502499999999998,2.75,11.25,-18.25,0.0,4,3,SP,housewares,53
a21c11ec5c3f03e7cc9f9203bff9e1c6,3,4,3,385.0,90.88,96.25,22.72,3.0,8.75,-14.5,0.0,2,2,SP,perfumery,3
a23266650e7c84bb93fbbba502137478,11,16,11,1512.4,279.04,94.525,17.44,3.25,10.125,-18.625,0.0,8,5,RS,garden_tools,147
a247197e2e9c19a6a53a6888cb8b660f,2,2,2,798.0,143.07,399.0,71.535,1.0,10.6918511755307,-12.0,0.0,1,1,SP,toys,3
a254c682cc01e119f83530446f1df9a9,6,7,6,569.4,240.02,81.34285714285714,34.28857142857143,4.142857142857143,15.571428571428571,-10.285714285714286,0.14285714285714285,3,1,SP,pet_shop,155
a2a41aedb70551d4a85aa04dc2fced48,2,2,2,52.79,26.94,26.395,13.47,4.0,8.5,-14.5,0.0,1,1,SP,home_appliances,16
a2b5b6105ea5942300631d2e76f4ffe0,16,16,16,3286.6899999999996,722.65,205.41812499999997,45.165625,4.75,7.9375,-8.0625,0.0625,6,2,SP,toys,87
a2b911e9ad40dc7d61c142a4683e2d85,1,1,1,85.9,34.4,85.9,34.4,5.0,12.0,-16.0,0.0,1,1,RJ,sports_leisure,0
a2deecd5398f5df4987110c80a1972a3,16,16,15,827.4300000000001,292.1,51.714375000000004,18.25625,3.65625,7.923076923076923,-13.692307692307692,0.0,7,2,SP,home_appliances,141
a2e85714b56b1cb6bb24a9a6e6cad36f,2,3,2,339.70000000000005,40.74,113.23333333333335,13.58,1.0,10.6918511755307,-12.0,0.0,3,1,SP,sports_leisure,0
a2e874074c877c5a05abae80ad6e488f,44,46,44,8071.9800000000005,1202.82,175.47782608695653,26.148260869565217,3.9130434782608696,18.738095238095237,-15.880952380952381,0.043478260869565216,21,5,SP,housewares,522
a2fa0bdc798ee84cdb08281337cf4fb6,10,13,10,392.75,218.27,30.21153846153846,16.79,4.230769230769231,19.363636363636363,-6.818181818181818,0.0,7,1,SC,books_general_interest,372
a3082f442524a1be452e3189e003b361,3,4,3,301.6,97.65,75.4,24.4125,4.25,12.0,-12.0,0.0,3,1,SP,auto,395
a35124e2d763d7ca3fbe3b97d143200f,4,7,4,411.5,78.89,58.785714285714285,11.27,4.428571428571429,8.285714285714286,-12.571428571428571,0.0,2,1,SP,garden_tools,54
a353b1083c9863d756d9404695016d64,1,1,1,120.0,17.09,120.0,17.09,5.0,20.0,-8.0,0.0,1,1,ES,musical_instruments,0
a35ef466c6fd6d052f5d241240d3c5e2,3,3,3,569.9,79.65,189.96666666666667,26.55,4.666666666666667,11.0,-20.666666666666668,0.0,3,1,RS,sports_leisure,46
a369d693961cb93b61ca2cc518872a85,11,18,11,2597.0,616.79,144.27777777777777,34.26611111111111,4.111111111111111,9.666666666666666,-15.777777777777779,0.0,7,2,SP,home_construction,247
a36ac007a4d18f865c8d32c3b2402c2d,9,9,9,1359.7800000000002,177.19,151.0866666666667,19.68777777777778,2.5555555555555554,9.0,-23.125,0.0,3,2,SP,garden_tools,226
a36b125ac6d5fdbc7f50de85c9157bdc,24,26,24,1843.64,388.99,70.90923076923077,14.961153846153847,4.038461538461538,12.44,-10.6,0.07692307692307693,10,3,SP,sports_leisure,663
a37c340b91cb0169e8b029db6440fba2,5,5,5,345.0,94.95,69.0,18.990000000000002,4.8,10.8,-12.4,0.0,1,1,SP,unknown,80
a3a38f4affed601eb87a97788c949667,254,263,252,26533.32,5241.95,100.88714828897338,19.931368821292775,4.388461538461539,11.976923076923077,-14.661538461538461,0.04182509505703422,115,12,SC,toys,686
a3b0df0065e264a91b7bbf5f844af5cd,2,2,2,186.69,32.06,93.345,16.03,5.0,13.5,-6.5,0.0,2,1,SP,auto,3
a3b42d266fa8afc874b909422ce88582,1,6,1,839.4000000000001,81.84,139.9,13.64,5.0,3.0,-4.0,0.0,1,1,SP,computers_accessories,0
a3dd39f583bc80bd8c5901c95878921e,34,37,34,4607.81,804.35,124.53540540540541,21.73918918918919,4.594594594594595,12.18918918918919,-11.756756756756756,0.02702702702702703,3,1,BA,food_drink,230
a3e9a2c700480d9bb01fba070ba80a0e,130,144,130,13440.8,2883.09,93.33888888888889,20.021458333333335,4.02112676056338,12.636363636363637,-10.188811188811188,0.08333333333333333,72,2,SP,bed_bath_table,466
a3f0b55de503387383c7b1de3ad7f678,24,26,24,4348.400000000001,1229.34,167.24615384615387,47.28230769230769,4.384615384615385,10.038461538461538,-14.5,0.038461538461538464,13,2,PR,fashion_bags_accessories,236
a3fa18b3f688ec0fca3eb8bfcbd2d5b3,1,2,1,47.8,36.46,23.9,18.23,5.0,14.0,-3.0,0.0,1,1,SP,perfumery,0
a414555ce331b8c8aea4a9cb8395194d,7,8,7,1450.95,242.64,181.36875,30.33,3.5714285714285716,7.25,-12.0,0.0,4,3,SP,garden_tools,54
a416b6a846a11724393025641d4edd5e,162,181,161,25670.72,2999.8,141.827182320442,16.573480662983428,4.1602209944751385,12.142045454545455,-10.545454545454545,0.10497237569060773,113,2,SP,health_beauty,572
a420f60ff1aa9acc80d0e42959f2b313,67,69,67,7443.3,1099.97,107.87391304347827,15.941594202898552,3.925373134328358,10.884057971014492,-12.884057971014492,0.07246376811594203,23,9,SP,baby,362
a425f92c199eb576938df686728acd20,17,19,16,1165.8,308.95,61.357894736842105,16.260526315789473,4.368421052631579,16.88888888888889,-14.722222222222221,0.0,18,5,PR,furniture_decor,693
a435b009cd956ea60748b5cfbddf2e24,3,3,3,361.18,45.209999999999994,120.39333333333333,15.069999999999999,4.333333333333333,30.0,2.6666666666666665,0.3333333333333333,2,2,SP,perfumery,77
a44fb5a447105f8469bdf16bf9159f25,19,19,19,3706.1,586.61,195.0578947368421,30.87421052631579,4.052631578947368,13.842105263157896,-7.0,0.21052631578947367,11,1,RS,sports_leisure,255
a45314082d50d578a4721c9787ce09ab,2,2,2,424.9,29.020000000000003,212.45,14.510000000000002,5.0,5.0,-6.0,0.0,2,2,SP,sports_leisure,15
a45765f8afb1e594b22bf9e974b46765,1,1,1,79.99,8.93,79.99,8.93,4.0,4.0,-14.0,0.0,1,1,SP,auto,0
a478c7961d6a992065b24e63b366f90b,8,9,8,1281.5,170.06,142.38888888888889,18.895555555555557,4.888888888888889,10.11111111111111,-16.88888888888889,0.0,5,2,SC,home_construction,376
a49928bcdf77c55c6d6e05e09a9b4ca5,98,106,98,8816.7,1757.55,83.17641509433963,16.58066037735849,2.952830188679245,16.51923076923077,-4.586538461538462,0.20754716981132076,3,3,SP,toys,353
a4b6b9b992b46e9ef863637af96e04bc,7,14,7,7147.0,305.36,510.5,21.81142857142857,2.5714285714285716,18.0,-11.125,0.07142857142857142,6,3,SC,garden_tools,133
a4b8d97cd5d3674eeff96abc99d8ed67,1,1,1,214.08,19.3,214.08,19.3,1.0,6.0,-16.0,0.0,1,1,SP,construction_tools_construction,0
a4bd6e9adf39b63f43dc545d3ca1f53d,4,5,4,1848.59,112.38000000000001,369.71799999999996,22.476000000000003,4.6,9.4,-15.8,0.0,4,2,RJ,garden_tools,383
a4e634166243bbb3a13fa584463fa468,2,2,2,155.55,45.629999999999995,77.775,22.814999999999998,2.0,10.6918511755307,-12.0,0.0,2,2,SP,electronics,61
a4fc6eadaff1576af888509a53420f6a,1,1,1,100.86,20.76,100.86,20.76,3.0,28.0,-6.0,0.0,1,1,SP,computers_accessories,0
a513150f33f99a06569e9cd5c4bb889b,2,2,2,677.0,34.25,338.5,17.125,4.5,9.5,-15.0,0.0,2,2,SP,construction_tools_construction,4
a5259c149128e82c9d6d46e0c1c812bb,8,8,8,1182.26,438.87,147.7825,54.85875,3.875,18.875,-23.375,0.0,7,1,RO,auto,220
a53f60f05f822b5c621a50ff6a5cb362,4,6,4,415.40000000000003,129.13,69.23333333333333,21.521666666666665,2.6,12.833333333333334,-20.166666666666668,0.0,4,2,MG,furniture_decor,53
a56a8043ebf66e42119618fb8cf232c6,1,1,1,83.0,23.73,83.0,23.73,5.0,10.0,-9.0,0.0,1,1,SC,computers_accessories,0
a56e351445e5863fc8960640ba9190c7,3,4,3,760.9200000000001,65.06,190.23000000000002,16.265,4.25,8.5,-8.25,0.0,2,2,SC,baby,20
a5a1bfcf728ab0e19182959cf0771ee4,21,24,21,1812.96,347.89,75.54,14.495416666666666,4.291666666666667,13.083333333333334,-10.791666666666666,0.041666666666666664,6,3,SP,food,225
a5bff0f43eb51f0cad7c37fac7244c8a,4,5,4,445.0,96.27000000000001,89.0,19.254,4.8,15.0,-13.0,0.0,2,1,SP,garden_tools,219
a5cba26a62b8b4d0145b68b841e62e7f,54,55,54,14737.84,1382.82,267.9607272727273,25.142181818181818,4.527272727272727,12.796296296296296,-14.796296296296296,0.01818181818181818,18,3,PR,health_beauty,394
a5dd1946fb63ada8bcaa0c9cd8f11e22,6,7,6,219.62,206.71,31.374285714285715,29.53,3.857142857142857,18.714285714285715,-9.285714285714286,0.0,6,2,PE,health_beauty,183
a5ff20ff766e7f50bd5066f33da14413,2,4,2,66.59,43.58,16.6475,10.895,3.0,5.5,-27.0,0.0,3,2,SP,home_appliances,4
a61cc04793308395a840807104365121,1,1,1,14.63,23.74,14.63,23.74,5.0,8.0,-10.0,0.0,1,1,SP,housewares,0
a63bfbaa882c8f4542891b4e2246cc7f,7,7,7,6772.0,264.19,967.4285714285714,37.74142857142857,4.428571428571429,11.0,-10.333333333333334,0.0,5,1,RJ,health_beauty,72
a64e44665225d19dfc0277eeeaaccc57,6,6,6,335.0,91.76,55.833333333333336,15.293333333333335,5.0,7.5,-6.833333333333333,0.0,3,1,SP,health_beauty,60
a663d9c3797e90eac99ff60939416a56,1,1,1,235.0,14.08,235.0,14.08,5.0,5.0,-7.0,0.0,1,1,SP,computers_accessories,0
a673821011d0cec28146ea42f5ab767f,129,146,128,13863.69,2626.45,94.95678082191782,17.989383561643834,3.8949275362318843,12.02127659574468,-9.418439716312056,0.10273972602739725,53,7,SP,bed_bath_table,540
a67780aba9dd436e7ac0aa1f889e73ec,6,6,6,863.0,178.04000000000002,143.83333333333334,29.673333333333336,3.6666666666666665,21.333333333333332,-4.333333333333333,0.16666666666666666,5,2,SP,sports_leisure,255
a69aa24cec11168e7e39a3fbc727e925,3,3,3,105.97,34.32,35.32333333333333,11.44,5.0,8.333333333333334,-9.666666666666666,0.0,2,1,SP,health_beauty,34
a6bd7d1ccdac48c6b33b28596b7eb122,16,16,16,14368.61,678.02,898.038125,42.37625,3.3333333333333335,15.333333333333334,-16.333333333333332,0.0625,16,1,PB,watches_gifts,389
a6fe7de3d16f6149ffe280349a8535a0,51,52,51,2904.7999999999997,742.62,55.86153846153846,14.281153846153845,4.0,14.352941176470589,-9.529411764705882,0.11538461538461539,12,1,SP,fashion_underwear_beach,390
a70e9066dbfd10b6b97a3f54a1356762,2,4,2,1716.0,311.4,429.0,77.85,5.0,17.5,-8.5,0.0,2,1,PR,furniture_decor,209
a72c2f59332659e361d647515c698798,5,6,5,802.9,131.03,133.81666666666666,21.838333333333335,4.833333333333333,9.666666666666666,-19.0,0.0,3,2,RS,pet_shop,183
a72f15980dc3e9bfd1a49ac9b2f3af65,1,1,1,89.9,18.73,89.9,18.73,4.0,5.0,-14.0,0.0,1,1,SP,furniture_decor,0
a7a9b880c49781da66651ccf4ba9ac38,3,4,3,307.6,65.47,76.9,16.3675,3.75,8.75,-12.5,0.0,4,1,SP,bed_bath_table,50
a7b7354cc588f7566a848bcbb1ce3d96,2,2,2,79.8,25.07,39.9,12.535,4.0,11.5,-7.0,0.0,1,1,SP,home_appliances,9
a7c53f6b3b61adbdaa99dda97e8cbd56,1,1,1,99.0,11.3,99.0,11.3,4.0,6.0,-10.0,0.0,1,1,SP,baby,0
a7c88262832dfc683781d6a421edefae,5,5,5,1520.0,82.42,304.0,16.484,4.2,10.4,-12.0,0.0,5,1,SP,perfumery,336
a7d0f8dd44f57ef6de7f7f02e3d82630,2,2,2,73.78999999999999,25.88,36.894999999999996,12.94,4.5,5.5,-11.0,0.0,2,2,SP,cool_stuff,55
a7dc4098e4da6e41b426269d12ae7e91,2,3,2,518.0,36.45,172.66666666666666,12.15,3.6666666666666665,5.666666666666667,-6.333333333333333,0.0,2,1,SP,auto,21
a7ecf689b40a44361e259b28939023e4,1,1,1,389.0,21.91,389.0,21.91,5.0,10.0,-9.0,0.0,1,1,ES,sports_leisure,0
a7f13822ceb966b076af67121f87b063,75,86,75,12477.64,3117.48,145.0888372093023,36.24976744186046,3.4352941176470586,21.523809523809526,-16.726190476190474,0.03488372093023256,32,5,SP,office_furniture,212
a806a4bb063ea7ca6d374eafa50a6058,5,6,5,294.4,110.87,49.06666666666666,18.478333333333335,3.8333333333333335,11.833333333333334,-22.333333333333332,0.0,5,1,ES,perfumery,40
a81466620e46a6970b22ef40379fdfc9,2,2,2,321.8,32.98,160.9,16.49,5.0,6.5,-17.0,0.0,1,1,SC,computers_accessories,2
a8739afb32aaa45e01815ca76f76f54b,13,15,13,298.83,264.73,19.922,17.648666666666667,3.466666666666667,8.933333333333334,-10.0,0.0,8,1,SP,electronics,59
a888faf2d1baececa6baf9c3d603ee1f,54,55,54,17765.8,1121.52,323.01454545454544,20.391272727272728,4.054545454545455,17.38888888888889,-10.685185185185185,0.09090909090909091,19,1,PR,perfumery,458
a89e143d5211473ae18db9577ee34b64,2,2,2,140.0,19.68,70.0,9.84,3.0,9.0,-7.0,0.0,2,1,SP,furniture_decor,124
a90a5da8b09e44264a177c0374a5ac87,3,3,3,74.69999999999999,72.6,24.899999999999995,24.2,4.333333333333333,8.666666666666666,-17.0,0.0,2,1,PR,telephony,15
a938325a4b357fd23a6a4d5bb126408e,24,25,24,3231.0,560.81,129.24,22.432399999999998,3.88,12.72,-11.72,0.04,20,1,RJ,auto,332
a9415cf907dfa12f9ed18693244f5329,1,2,1,210.0,175.42,105.0,87.71,5.0,11.0,-15.0,0.0,1,1,MG,kitchen_dining_laundry_garden_furniture,0
a99504ac23ed125aaf5302af6cc30af9,1,1,1,978.0,47.24,978.0,47.24,5.0,16.0,-8.0,0.0,1,1,SP,home_construction,0
a9ae440659f48b7849df83e82734150b,1,1,1,285.0,27.02,285.0,27.02,5.0,13.0,-32.0,0.0,1,1,SP,auto,0
a9b533a26e898b12e8b8d4c07279bf4d,4,4,4,119.6,71.46,29.9,17.865,5.0,15.0,-10.5,0.0,1,1,RJ,books_general_interest,130
aa17b35ce4de7b565be3249ba838944f,2,2,2,79.8,34.2,39.9,17.1,4.5,15.5,-9.5,0.0,1,1,SP,sports_leisure,7
aa1eb17b9fdf6dfd546e25c45c7b9235,3,4,3,117.99,36.269999999999996,29.4975,9.067499999999999,4.5,5.75,-9.0,0.0,2,1,SP,health_beauty,145
aa2640d851ec322526f1295bbeb20092,1,2,1,159.98,22.36,79.99,11.18,3.0,3.0,-5.0,0.0,1,1,SP,furniture_decor,0
aa762680c40618316a896838866140ea,3,3,3,261.0,62.46,87.0,20.82,3.3333333333333335,22.0,-9.333333333333334,0.3333333333333333,1,1,PR,books_general_interest,34
aa8af66c623d7d544dfe4bb85b5ebe3b,1,1,1,99.0,15.57,99.0,15.57,5.0,8.0,-18.0,0.0,1,1,MG,art,0
aac29b1b99776be73c3049939652091d,98,138,98,6755.91,2709.61,48.95586956521739,19.63485507246377,3.9389312977099236,13.938931297709924,-11.770992366412214,0.08695652173913043,14,7,MG,cool_stuff,560
aac51c486b672a9850d59f3e84b1cf88,10,13,10,728.28,131.29,56.02153846153846,10.099230769230768,4.769230769230769,4.538461538461538,-7.615384615384615,0.0,6,3,SP,food,12
aadfe0417e61315688b6bd7043361e25,1,1,1,289.9,14.28,289.9,14.28,4.0,6.0,-16.0,0.0,1,1,GO,perfumery,0
aae3bfea055532c57fb453ed3ec80b30,48,50,48,3057.92,799.25,61.1584,15.985,3.5510204081632653,11.98,-14.12,0.0,5,1,SP,market_place,481
aae5953b9edddf14749c0d65d60eb4b9,2,2,2,173.0,29.9,86.5,14.95,5.0,12.0,-12.5,0.0,2,1,MG,furniture_decor,18
aae5e7b457a3c72ee230a47d98fceda5,5,7,5,604.8,140.77,86.39999999999999,20.110000000000003,4.142857142857143,11.857142857142858,-19.285714285714285,0.0,2,1,PR,bed_bath_table,134
aaed1309374718fdd995ee4c58c9dfcd,105,112,103,9376.95,2331.07,83.72276785714287,20.813125000000003,4.053571428571429,11.702702702702704,-17.2972972972973,0.026785714285714284,54,5,SC,sports_leisure,661
aafe36600ce604f205b86b5084d3d767,129,131,129,9251.4,2421.8,70.62137404580153,18.48702290076336,4.3816793893129775,11.98473282442748,-13.15267175572519,0.03816793893129771,30,4,SC,baby,543
ab27bbbad5239bc31a34709275a70db4,3,11,3,382.9,102.15,34.809090909090905,9.286363636363637,5.0,7.181818181818182,-11.545454545454545,0.0,3,2,SP,garden_tools,244
ab3e0c171fe84a7ba7de130f19cfb485,7,10,7,863.42,172.28,86.342,17.228,3.2,19.428571428571427,-9.0,0.2,5,2,PR,furniture_decor,354
ab75b89cc49c9ab3160d0c91565a442a,2,2,2,37.98,15.85,18.99,7.925,1.5,9.0,-24.0,0.0,2,1,SP,stationery,65
ab91571efab27993ff2f6b36e38055c3,3,4,3,102.24,56.69,25.56,14.1725,4.75,14.5,-3.25,0.5,1,1,SP,auto,124
ab9db4cf53b08b828b64dccaafc2d9f0,5,5,5,277.67,125.76,55.534000000000006,25.152,4.2,11.25,-19.5,0.0,4,3,RS,air_conditioning,426
aba1721a889e04decc910aa13b768ef4,83,92,81,14103.3,1249.17,153.2967391304348,13.577934782608697,4.456521739130435,8.804347826086957,-11.608695652173912,0.06521739130434782,76,4,SP,stationery,558
abbf6046bbdf1028606a5bc7f00c99e7,7,7,7,2217.15,175.99,316.7357142857143,25.141428571428573,4.142857142857143,11.333333333333334,-17.166666666666668,0.0,4,1,SC,auto,98
abc015ebac1d283a323ca9db35ede4b9,12,13,12,1106.8,222.85000000000002,85.13846153846154,17.142307692307693,4.384615384615385,10.615384615384615,-14.923076923076923,0.0,8,2,SP,air_conditioning,301
abcd2cb37d46c2c8fb1bf071c859fc5b,45,52,45,4880.22,1320.4,93.85038461538463,25.392307692307693,4.25,13.176470588235293,-16.666666666666668,0.038461538461538464,32,1,MT,health_beauty,439
abe021b01ba992245271b9aa422032df,2,2,2,6720.0,117.24000000000001,3360.0,58.620000000000005,3.5,17.5,-31.0,0.0,2,1,PR,unknown,93
abe42c5d03695b4257b5c6cbf4e6784e,50,50,50,17159.0,999.23,343.18,19.9846,3.9183673469387754,13.877551020408163,-9.346938775510203,0.16,37,2,RJ,health_beauty,338
ac137bac82ffa8548e62bd9d01d2a14f,1,1,1,49.6,9.34,49.6,9.34,1.0,10.6918511755307,-12.0,0.0,1,1,SP,unknown,0
ac1ed5fc15901fbc92920361eb4ab350,1,1,1,110.25,13.79,110.25,13.79,1.0,10.6918511755307,-12.0,0.0,1,1,SP,garden_tools,0
ac3508719a1d8f5b7614b798f70af136,103,104,103,12775.84,3016.39,122.84461538461538,29.00375,4.568627450980392,8.930693069306932,-18.10891089108911,0.019230769230769232,48,4,RS,toys,438
ac51cac5e20d69ff485a54746488ef48,4,4,4,759.9,73.87,189.975,18.4675,3.5,16.0,-10.333333333333334,0.0,4,2,SP,unknown,15
ac6417315ae5da8f9a38ee11de6f7780,8,8,8,788.9,182.53,98.6125,22.81625,3.75,10.857142857142858,-13.571428571428571,0.125,7,4,SP,garden_tools,365
ac9b01377919cdbd2a1bbb8d5837c70b,1,1,1,55.9,23.54,55.9,23.54,3.0,9.0,-30.0,0.0,1,1,SP,construction_tools_lights,0
acadd4d36859671cb635527c6c977533,12,12,12,2381.0,265.94,198.41666666666666,22.161666666666665,4.25,17.25,-7.083333333333333,0.08333333333333333,9,2,SP,garden_tools,235
acb6c2ca5c82411c1fdb88d5fd5eb95e,10,11,10,413.88,161.61,37.625454545454545,14.691818181818183,3.727272727272727,9.363636363636363,-15.727272727272727,0.0,5,4,SP,sports_leisure,531
acce39e832338debb07b02385cde5967,44,44,44,4748.1,1175.56,107.91136363636365,26.717272727272725,4.4772727272727275,6.636363636363637,-10.295454545454545,0.0,30,2,MG,stationery,105
ace601496e211a664100321f038f50af,1,1,1,165.0,14.92,165.0,14.92,2.0,10.6918511755307,-12.0,0.0,1,1,SP,bed_bath_table,0
aced59e9b31ef866a94f9e7f29d8d418,61,67,60,7268.5,1047.3,108.48507462686567,15.631343283582089,4.447761194029851,9.208955223880597,-11.343283582089553,0.029850746268656716,19,3,SP,housewares,558
acf974e4d5950ad143a247471b831eb9,5,12,5,423.8,329.82,35.31666666666667,27.485,4.8,13.166666666666666,-15.916666666666666,0.0,3,2,RS,housewares,236
ad14615bdd492b01b0d97922e87cb87f,1,1,1,8.25,10.96,8.25,10.96,5.0,13.0,-14.0,0.0,1,1,SC,auto,0
ad273c9eb54ecb4532de4bf75bae9e4e,10,11,10,645.0,184.75,58.63636363636363,16.795454545454547,3.8181818181818183,11.545454545454545,-12.727272727272727,0.0,8,2,PR,housewares,525
ad420dd0c4f92f8af951ac24b86d0cf5,42,46,39,4705.29,913.11,102.28891304347826,19.850217391304348,4.159090909090909,14.282608695652174,-11.673913043478262,0.06521739130434782,23,2,MG,health_beauty,485
ad738d3fcf42655ed15c4960b7b6c601,1,1,1,65.0,15.89,65.0,15.89,1.0,10.6918511755307,-12.0,0.0,1,1,RS,furniture_decor,0
ad75519a07f039025e83795a4418470f,3,9,3,302.1,115.82000000000001,33.56666666666667,12.86888888888889,3.2222222222222223,8.666666666666666,-18.77777777777778,0.0,3,1,GO,drinks,201
ad781527c93d00d89a11eecd9dcad7c1,44,44,44,6899.570000000001,2379.69,156.8084090909091,54.08386363636364,3.0681818181818183,25.026315789473685,-9.078947368421053,0.2727272727272727,2,1,SP,baby,302
ad87df7699e83b8a91822a4a0b765c3a,6,7,6,349.9,88.72,49.98571428571428,12.674285714285714,3.7142857142857144,8.833333333333334,-16.5,0.0,5,2,SP,electronics,96
ad8ada0ffa993cb1197d102d9ab21a3e,1,2,1,599.8,56.36,299.9,28.18,1.0,10.6918511755307,-12.0,0.0,1,1,MG,construction_tools_construction,0
ad8b531ae67582f096925cff5630d0d1,3,3,3,208.35000000000002,67.56,69.45,22.52,3.0,20.0,-11.5,0.0,3,2,PR,furniture_decor,215
ad97a199236354e53fcd91a5a913e9a2,17,18,17,13205.9,868.8,733.661111111111,48.266666666666666,4.5,14.823529411764707,-10.411764705882353,0.1111111111111111,8,3,SC,small_appliances,249
adbc26658d6c7b4b6219f9d934598091,88,92,88,11806.4,1885.85,128.3304347826087,20.49836956521739,4.054347826086956,16.804347826086957,-8.380434782608695,0.13043478260869565,9,2,PR,baby,358
adbe70ab2c97442046d393988c8d1d27,5,5,5,289.5,65.15,57.9,13.030000000000001,5.0,6.8,-8.8,0.0,2,1,SP,garden_tools,35
adcf50477d6a1f5d91bb9d54c4903cb5,19,38,19,1425.14,798.66,37.503684210526316,21.01736842105263,3.1315789473684212,24.0,-12.32258064516129,0.13157894736842105,15,4,MG,sports_leisure,505
ade45994b717ccee333492330fbf037b,10,10,10,7196.0,283.63,719.6,28.363,4.5,7.7,-25.2,0.0,6,1,PR,telephony,66
aded58c8142dedc5494a81f948431fab,4,5,4,289.5,89.98,57.9,17.996000000000002,3.2,7.6,-14.6,0.0,4,2,RJ,perfumery,21
ae45ad30c2d2e5913094769690a239d2,1,2,1,251.8,31.26,125.9,15.63,5.0,19.0,-15.0,0.0,1,1,SP,sports_leisure,0
ae45df84722b1d15c5f32b23a095746c,9,12,9,901.83,163.66,75.1525,13.638333333333334,4.833333333333333,6.916666666666667,-15.166666666666666,0.0,10,1,SP,health_beauty,179
ae7ab174effdead6c241e547e4ca13f0,6,7,6,2778.6,795.46,396.9428571428571,113.63714285714286,3.857142857142857,9.428571428571429,-10.571428571428571,0.0,5,1,PR,furniture_living_room,61
ae8bfdbf1c2a2a2dee92d799db0a31c6,8,8,8,339.92,146.22,42.49,18.2775,4.125,8.375,-15.625,0.0,6,4,PR,housewares,89
ae9690c6e8fee182c28c9ff8e11ca52c,1,1,1,47.4,12.41,47.4,12.41,5.0,4.0,-47.0,0.0,1,1,SP,furniture_decor,0
aeb36d67f1414f234d42a29e27cf1f17,4,4,4,3263.8,284.3,815.95,71.075,4.5,18.75,-2.75,0.25,4,1,SP,auto,83
aec99834ab5d38ead22766ada8497e87,1,1,1,459.0,17.51,459.0,17.51,5.0,7.0,-13.0,0.0,1,1,PR,construction_tools_safety,0
af3ef48d0e13835e529c29ac573c63e5,21,21,21,1405.63,467.5,66.93476190476191,22.261904761904763,3.761904761904762,7.476190476190476,-11.380952380952381,0.047619047619047616,12,2,SP,pet_shop,98
af4a0e4cfe1d9c26b6712b1be25a72e5,21,26,21,8757.98,593.62,336.8453846153846,22.83153846153846,3.5,12.384615384615385,-13.576923076923077,0.038461538461538464,17,3,MG,computers_accessories,226
af7cdac9d9897cddead9c6b08976c642,6,6,6,543.54,150.47,90.58999999999999,25.078333333333333,3.6666666666666665,15.0,-7.666666666666667,0.16666666666666666,5,1,SP,toys,157
afa6714acee029b2dfdf357e5579cc03,16,17,16,3220.7599999999998,382.82,189.45647058823528,22.518823529411765,4.0588235294117645,12.176470588235293,-13.823529411764707,0.11764705882352941,8,4,SP,toys,680
afac9f6b0c4e5f0a7ee87e922cd0f873,1,1,1,20.99,11.85,20.99,11.85,1.0,10.6918511755307,-12.0,0.0,1,1,SP,unknown,0
afe0067131b73e40875c9b6c10bd2e21,46,46,46,5130.400000000001,1125.45,111.53043478260871,24.46630434782609,4.2,14.977777777777778,-11.4,0.043478260869565216,7,1,MG,perfumery,473
b00af24704019bd2e1b335e70ad11f7c,1,1,1,189.0,18.25,189.0,18.25,5.0,15.0,-20.0,0.0,1,1,BA,sports_leisure,0
b01c2b7b8599b325103ebcddc67413e1,4,4,4,169.45,72.67,42.3625,18.1675,4.75,8.0,-10.25,0.0,1,1,RS,health_beauty,36
b026643914f651e8371425e5b8a1e780,1,1,1,27.9,15.1,27.9,15.1,5.0,10.0,-15.0,0.0,1,1,RJ,health_beauty,0
b0398568231ba5e6734af1881671a317,4,4,4,656.77,113.35,164.1925,28.3375,4.0,13.0,-12.75,0.0,3,3,ES,cool_stuff,18
b05b432bf68945d4d9783f9e3ca29ee8,2,2,2,224.8,26.09,112.4,13.045,4.5,5.0,-16.5,0.0,2,1,SP,health_beauty,0
b080809eaacb49e5ca07290981472431,11,11,11,424.0,143.4,38.54545454545455,13.036363636363637,4.818181818181818,10.0,-10.363636363636363,0.0,6,1,MG,books_general_interest,444
b0b346d3a89f5eb4c2968af3f083cd43,11,12,11,614.0,212.60000000000002,51.166666666666664,17.71666666666667,3.0833333333333335,22.88888888888889,2.4444444444444446,0.25,6,2,SP,drinks,261
b0f2a6122a90a93eb03e68653dd960e3,6,7,5,1620.3,137.98,231.47142857142856,19.71142857142857,4.857142857142857,8.0,-17.714285714285715,0.0,4,2,PR,health_beauty,101
b1204cfda1d4948679db3cfc0d3cb95c,7,11,7,2903.7,174.45,263.97272727272724,15.859090909090908,3.272727272727273,9.333333333333334,-20.666666666666668,0.0,4,3,SP,fixed_telephony,554
b127efdabeffb5d559349c7b172eb75d,10,10,10,308.5,112.77,30.85,11.277,4.8,9.3,-19.8,0.1,10,1,SP,fashion_bags_accessories,111
b12cfd255810394b60caef18ae163547,2,2,2,560.0,166.14999999999998,280.0,83.07499999999999,4.5,15.0,-16.0,0.0,1,1,PR,office_furniture,3
b14db04aa7881970e83ffa9426897925,83,111,83,5898.6,2225.35,53.14054054054054,20.048198198198197,3.764705882352941,15.085714285714285,-10.466666666666667,0.08108108108108109,12,2,SP,furniture_decor,682
b16d3dadc47d4eb18be3d88bad0775ce,10,11,10,722.1,178.44,65.64545454545454,16.221818181818183,4.363636363636363,6.0,-22.272727272727273,0.0,10,3,RS,sports_leisure,78
b17b679f4f5ce2e03ce6968c62648246,55,57,55,4084.75,1076.07,71.66228070175438,18.878421052631577,3.6140350877192984,18.607843137254903,-11.352941176470589,0.14035087719298245,36,2,SP,health_beauty,586
b18871c324516afa228a13e8f1ef0ae9,9,23,9,1064.6,243.8,46.28695652173913,10.6,3.9565217391304346,6.782608695652174,-10.695652173913043,0.08695652173913043,5,1,SP,garden_tools,109
b18dc380845b24038cfc48006478f099,44,54,44,8353.3,895.63,154.69074074074072,16.58574074074074,3.9245283018867925,13.520833333333334,-11.020833333333334,0.09259259259259259,12,2,SP,health_beauty,301
b19c48688808720822399ffa9f2dbe2f,1,1,1,959.99,24.82,959.99,24.82,5.0,6.0,-17.0,0.0,1,1,SP,watches_gifts,0
b19f3ca2ea475913750f25a5c37c8d8f,24,24,24,6202.91,1346.6399999999999,258.45458333333335,56.10999999999999,2.7916666666666665,18.0,-7.052631578947368,0.25,19,2,MG,housewares,305
b1a81260566c1bac3114a6d124413f27,51,54,49,8684.69,1565.51,160.8275925925926,28.990925925925925,4.222222222222222,8.074074074074074,-16.75925925925926,0.0,26,4,RS,luggage_accessories,159
b1aaae6b66ad3c40f54b389d7ea4bee0,15,17,15,1176.5,392.74,69.20588235294117,23.10235294117647,4.470588235294118,7.529411764705882,-19.41176470588235,0.0,15,3,SP,fashion_underwear_beach,122
b1ac6ea7895bc3dd6f0f6f4abbdd2821,40,41,40,3139.0,825.33,76.5609756097561,20.130000000000003,4.2682926829268295,9.710526315789474,-16.81578947368421,0.0,3,1,RS,sports_leisure,309
b1b3948701c5c72445495bd161b83a4c,18,18,17,24699.19,486.3,1372.177222222222,27.016666666666666,1.7222222222222223,22.928571428571427,4.071428571428571,0.5,4,1,SP,auto,67
b1fc4f64df5a0e8b6913ab38803c57a9,107,121,107,7994.74,2146.25,66.07223140495867,17.737603305785125,3.7815126050420167,15.256198347107437,-9.776859504132231,0.11570247933884298,5,1,RJ,watches_gifts,457
b1fecf4da1fa2689bccffa0121953643,19,20,18,3669.64,397.08,183.482,19.854,4.95,10.2,-21.15,0.0,8,1,MS,health_beauty,234
b2479f944e1b90cf8a5de1bbfde284d6,103,131,101,4752.51,2239.71,36.27870229007634,17.09702290076336,3.3153846153846156,14.976744186046512,-8.581395348837209,0.11450381679389313,38,3,SP,bed_bath_table,219
b248792ac0b60ec3f93d80af1b4fae47,7,9,7,454.5,153.85,50.5,17.094444444444445,3.7777777777777777,5.777777777777778,-8.0,0.2222222222222222,6,2,SP,sports_leisure,29
b26741d31a563d769b4af0465ab20c56,2,2,2,648.0,47.03,324.0,23.515,4.0,12.0,-18.0,0.0,2,2,SC,sports_leisure,33
b274baf5bbd142410eb2958cf685d684,7,7,7,585.9,148.67000000000002,83.7,21.23857142857143,4.285714285714286,6.0,-22.714285714285715,0.0,7,3,RS,toys,64
b29d3380981c51df13fc6fbe87e1763d,6,7,6,435.3,98.58,62.18571428571429,14.082857142857142,4.0,7.142857142857143,-9.571428571428571,0.0,5,2,SP,bed_bath_table,96
b2a6d334e2833acea353624840e25a0e,25,26,25,1650.98,387.61,63.49923076923077,14.908076923076923,4.5,10.346153846153847,-17.03846153846154,0.0,6,4,SP,small_appliances,303
b2ac621f0d0322434d04a12b078b9369,30,30,30,9575.5,781.39,319.18333333333334,26.046333333333333,4.4,14.2,-11.666666666666666,0.1,13,2,PR,health_beauty,359
b2ba3715d723d245138f291a6fe42594,337,363,336,51676.88,6496.14,142.36055096418733,17.895702479338844,4.108333333333333,13.48,-10.048571428571428,0.06060606060606061,183,27,SP,stationery,686
b2bdc5e7940a7d7ca8c4a37953b27a42,1,1,1,250.0,62.49,250.0,62.49,4.5,10.6918511755307,-12.0,0.0,1,1,SP,furniture_bedroom,0
b2c97074649f92197d9387d9033dda5f,10,11,10,684.71,279.37,62.24636363636364,25.39727272727273,4.636363636363637,11.636363636363637,-9.454545454545455,0.09090909090909091,9,2,SP,health_beauty,113
b2eecf5ea250510da76590ca79d60e5d,9,11,9,1060.0,153.15,96.36363636363636,13.922727272727274,5.0,5.454545454545454,-13.0,0.0,5,1,SP,musical_instruments,251
b2f4d63c7203f539a78252565ca32257,1,1,1,14.9,20.84,14.9,20.84,5.0,13.0,-11.0,0.0,1,1,RJ,auto,0
b32be1695eb7ec5f10f72d9610a12527,45,46,45,26874.0,2957.02,584.2173913043479,64.28304347826086,4.088888888888889,11.911111111111111,-13.777777777777779,0.043478260869565216,14,4,RS,kitchen_dining_laundry_garden_furniture,261
b335c59ab742f751a85db9c411a86739,33,35,33,2873.34,607.38,82.09542857142857,17.353714285714286,3.6857142857142855,16.35483870967742,-11.096774193548388,0.05714285714285714,21,3,MG,housewares,434
b33aaadd1a8891d2dfef0c4c3bdf0371,16,17,16,1504.0,359.04,88.47058823529412,21.12,3.764705882352941,13.235294117647058,-9.294117647058824,0.11764705882352941,4,1,SP,housewares,160
b33e7c55446eabf8fe1a42d037ac7d6d,152,155,152,44985.17,2725.07,290.22690322580644,17.58109677419355,4.15483870967742,15.967105263157896,-11.335526315789474,0.11612903225806452,34,5,SP,watches_gifts,308
b347677812ea483b0f528eaf8cbc09b7,21,21,21,7288.99,762.35,347.09476190476187,36.30238095238095,4.523809523809524,12.857142857142858,-17.0,0.0,11,2,PR,housewares,210
b372ee768ed69e46ca8cdbd267aa7a38,63,69,57,12630.0,1183.84,183.04347826086956,17.157101449275363,4.398550724637682,11.971014492753623,-19.391304347826086,0.0,24,1,SP,fashion_bags_accessories,523
b37c4c02bda3161a7546a4e6d222d5b2,4,15,4,24075.0,412.6,1605.0,27.506666666666668,1.4,17.0,-6.266666666666667,0.0,3,2,SP,fixed_telephony,448
b3809b8d4394588a47c8470ea331e135,1,1,1,89.0,7.88,89.0,7.88,4.0,5.0,-8.0,0.0,1,1,SP,electronics,0
b39d7fe263ef469605dbb32608aee0af,44,49,44,5193.1,1062.67,105.98163265306123,21.68714285714286,3.75,12.833333333333334,-16.375,0.04081632653061224,19,1,SP,bed_bath_table,340
b3b17aab11f273023a5f22ca52e1eb70,7,13,7,6850.0,475.34999999999997,526.9230769230769,36.565384615384616,4.846153846153846,16.76923076923077,-8.615384615384615,0.15384615384615385,7,1,PR,auto,134
b3e2faf2c1004d674f16a3aa3197f0e1,3,3,3,61.47,33.77,20.49,11.256666666666668,5.0,6.0,-13.666666666666666,0.0,3,2,SP,auto,91
b3f19518fcec265b2e97af287725f981,9,9,9,486.91,137.57,54.101111111111116,15.285555555555554,4.222222222222222,10.25,-13.0,0.0,4,2,SP,housewares,158
b410bdd36d5db7a65dcd42b7ead933b8,44,44,44,7726.9,1006.71,175.61136363636362,22.879772727272726,4.659090909090909,8.761904761904763,-15.452380952380953,0.0,2,1,GO,housewares,208
b416191c9813d821a295cfabafff4161,2,2,2,117.8,32.34,58.9,16.17,2.5,19.0,-8.5,0.0,1,1,SP,unknown,18
b43d8b707f887a30f4675391098354a0,3,4,3,1342.0,184.76,335.5,46.19,2.5,19.25,-10.75,0.25,3,2,SP,small_appliances,105
b44dbfbf62e52125f3c15d230569ea91,4,8,4,609.37,89.69000000000001,76.17125,11.211250000000001,4.375,4.375,-9.0,0.0,2,2,SP,home_construction,112
b452cb0ae35044c4a53179c39f49fb06,2,2,2,63.699999999999996,38.29,31.849999999999998,19.145,4.0,16.5,-9.0,0.0,2,2,SP,auto,0
b45d7ebfb7378630f1bcd74b6ff86ff7,5,5,5,1007.5,102.51,201.5,20.502000000000002,3.8,29.333333333333332,-12.333333333333334,0.0,3,2,MG,unknown,175
b494891378bd8f4560abe576c52deacd,20,22,20,2958.9,311.92,134.49545454545455,14.17818181818182,4.636363636363637,4.666666666666667,-7.523809523809524,0.0,21,4,SP,health_beauty,52
b499c00f28f4b7069ff6550af8c1348a,152,187,149,10327.130000000001,2577.95,55.22529411764707,13.785828877005347,4.144385026737968,10.423076923076923,-12.137362637362637,0.10695187165775401,68,12,SP,furniture_decor,689
b4a476fbd28de64b1e347abf9089366a,33,38,32,5724.04,1011.91,150.63263157894735,26.629210526315788,3.7567567567567566,11.342857142857143,-11.257142857142858,0.05263157894736842,15,3,SP,electronics,454
b4b447d715f9ab302a188fb43d3e96b3,5,5,5,685.9300000000001,93.73,137.186,18.746000000000002,4.8,3.0,-6.4,0.0,2,1,SP,sports_leisure,54
b4f8921fcc4ff77b66bea6dda43dcd51,18,20,18,11395.05,1468.3600000000001,569.7524999999999,73.418,4.6,7.1,-17.75,0.05,16,1,RS,bed_bath_table,94
b4ffb71f0cb1b1c3d63fad021ecf93e1,144,165,142,6656.09,2519.98,40.339939393939396,15.27260606060606,4.024242424242424,9.28048780487805,-15.03048780487805,0.024242424242424242,97,1,SP,auto,562
b55638ad525e906c698fa2ce742c1742,11,12,11,1094.8,290.87,91.23333333333333,24.239166666666666,4.166666666666667,22.166666666666668,-9.666666666666666,0.16666666666666666,6,1,SC,pet_shop,274
b561927807645834b59ef0d16ba55a24,85,95,85,4501.99,1305.04,47.38936842105263,13.737263157894736,4.336842105263158,12.031578947368422,-8.757894736842106,0.14736842105263157,42,4,SP,stationery,219
b566ab0ef88016e00422755e305103c6,5,5,5,1208.0,220.21999999999997,241.6,44.044,3.2,12.6,-8.8,0.2,4,3,MG,health_beauty,134
b56828a9f9027f3c918c04ca720d9e3c,3,3,3,360.0,111.61000000000001,120.0,37.20333333333334,2.6666666666666665,16.666666666666668,-9.333333333333334,0.3333333333333333,2,1,SP,bed_bath_table,210
b56906f7fd1696e043f1bcce164c487b,40,42,40,2148.49,846.93,51.1545238095238,20.165,3.9523809523809526,13.095238095238095,-14.595238095238095,0.047619047619047616,20,2,SP,health_beauty,670
b57e8460909fa137df7951b4a3b5ea84,1,2,1,198.0,84.14,99.0,42.07,2.0,10.6918511755307,-12.0,0.0,2,2,RS,furniture_decor,0
b586cd24c010a13916af621b0325fbba,6,7,6,1108.94,263.99,158.42000000000002,37.712857142857146,3.857142857142857,4.857142857142857,-14.571428571428571,0.0,7,3,SC,construction_tools_construction,66
b5abf4f36adc043117b4fca82c22984c,11,12,11,1247.8,283.99,103.98333333333333,23.665833333333335,2.4166666666666665,20.88888888888889,-2.0,0.25,8,5,DF,bed_bath_table,487
b5b800c4065bebf4d3442311c9857344,1,1,1,79.9,8.91,79.9,8.91,5.0,6.0,-3.0,0.0,1,1,SP,health_beauty,0
b5bb2b985208834bd5bd86c7a402bbad,2,2,2,621.06,38.66,310.53,19.33,5.0,10.5,-19.0,0.0,1,1,RS,auto,80
b5d034ac251546e25afe9067f05c1539,1,1,1,69.9,15.37,69.9,15.37,5.0,12.0,-19.0,0.0,1,1,SP,baby,0
b5dd7151a92ccaaa282cbe9681a05f44,1,1,1,85.0,18.7,85.0,18.7,5.0,13.0,-6.0,0.0,1,1,SP,sports_leisure,0
b5e3e38609125694d2ea2417522a60b7,16,17,16,995.04,301.14,58.53176470588235,17.714117647058824,4.352941176470588,17.235294117647058,-7.823529411764706,0.11764705882352941,10,2,SC,sports_leisure,155
b5f0712d22a873b6797ab6cc65c3fcba,1,1,1,12.99,8.29,12.99,8.29,4.0,3.0,-4.0,0.0,1,1,SP,food_drink,0
b5f49fe968dff6b112861e6cd8e192ef,1,2,1,194.70000000000002,42.97,97.35000000000001,21.485,5.0,13.0,-14.0,0.0,2,1,PR,furniture_decor,0
b64d51f0435e884e8de603b1655155ae,17,23,17,416.18,357.36,18.094782608695652,15.537391304347826,4.130434782608695,7.565217391304348,-9.652173913043478,0.17391304347826086,15,3,SP,housewares,138
b67d6c666e8dce1d078c882825e12704,7,8,7,352.84,104.19,44.105,13.02375,4.875,7.875,-9.375,0.0,6,2,SP,sports_leisure,33
b6c6854d4d92a5f6f46be8869da3fa1a,1,1,1,69.9,17.92,69.9,17.92,1.0,10.6918511755307,-12.0,0.0,1,1,SP,sports_leisure,0
b6d44737c043328708f6749c2dbe50bd,62,80,60,5369.6,1565.6,67.12,19.57,4.525,7.455696202531645,-14.354430379746836,0.05,23,1,SP,housewares,510
b6dc74ed30f124f95227bed4e43a3bed,11,13,10,518.9599999999999,228.63,39.919999999999995,17.586923076923078,3.8461538461538463,17.2,-11.2,0.07692307692307693,6,1,PR,sports_leisure,307
b6e1504972665f739dec4facb9943775,14,14,14,1484.48,225.89,106.03428571428572,16.134999999999998,4.357142857142857,10.642857142857142,-9.0,0.07142857142857142,7,3,SP,garden_tools,307
b6f52e346160519c24a23af05410ad32,1,1,1,129.9,13.35,129.9,13.35,4.0,12.0,-3.0,0.0,1,1,SP,health_beauty,0
b74d1c09cb380e1d03a6f859c6f4224b,31,39,31,2221.6,831.6,56.96410256410256,21.323076923076922,4.205128205128205,11.026315789473685,-11.763157894736842,0.15384615384615385,11,5,RJ,housewares,166
b76a1f8356322f12529c37b67d5c96c2,5,5,5,298.5,56.39,59.7,11.278,4.8,7.0,-11.2,0.0,5,5,SP,auto,61
b76dba6c951ab00dc4edf0a1aa88037e,159,169,159,2574.7799999999997,2307.1,15.235384615384614,13.651479289940827,4.149700598802395,9.778443113772456,-16.760479041916167,0.029585798816568046,37,3,SP,telephony,597
b76f4d90e85657a240495c876313adc5,1,1,1,299.0,19.3,299.0,19.3,5.0,2.0,-6.0,0.0,1,1,SP,toys,0
b77a27b1864483e721dc831d5ba4afa0,2,2,2,41.8,28.619999999999997,20.9,14.309999999999999,3.5,8.0,-21.0,0.0,2,1,RJ,auto,41
b7ba853e9551f4558440881fd3e5c815,2,2,2,376.8,37.989999999999995,188.4,18.994999999999997,1.0,34.0,-26.0,0.0,2,2,RS,cool_stuff,2
b7cc6c5e001441ae8cdd5c69a480cbe4,6,6,6,651.8,220.49999999999997,108.63333333333333,36.74999999999999,4.166666666666667,12.6,-14.6,0.0,4,2,SC,musical_instruments,337
b7d5b4b87af9d42b601865d3f3810bff,2,2,2,1049.0,41.019999999999996,524.5,20.509999999999998,2.0,8.0,-21.0,0.0,2,1,SC,garden_tools,184
b7e1750c1157341d2abd0251e07c186b,3,4,3,159.6,60.96,39.9,15.24,4.5,9.0,-19.25,0.0,4,2,SP,sports_leisure,65
b7ed9fb14c8eadb37adb9c45d67ab0fb,7,11,7,566.0,221.75,51.45454545454545,20.15909090909091,2.909090909090909,13.090909090909092,-14.818181818181818,0.0,5,2,SP,stationery,391
b8114f2f589a6804810f04f99b36b498,8,11,8,1399.62,292.41,127.23818181818181,26.582727272727276,4.7272727272727275,4.818181818181818,-11.272727272727273,0.0,4,1,SP,housewares,134
b81e3a6c866a764974fe849821abeebd,8,11,8,836.1500000000001,216.86,76.01363636363637,19.714545454545455,4.545454545454546,5.363636363636363,-6.7272727272727275,0.0,8,2,SP,housewares,32
b839e41795b7f3ad94cc2014a52f6796,33,36,33,42829.0,920.93,1189.6944444444443,25.58138888888889,4.027777777777778,6.527777777777778,-13.277777777777779,0.027777777777777776,10,3,SP,construction_tools_construction,177
b83cedfb587e7911540e3f576d6917ce,24,25,24,2224.95,343.8,88.99799999999999,13.752,4.24,9.72,-9.48,0.04,16,2,SP,health_beauty,324
b8555308bfdb4ca1ed54325a58da9a97,26,28,26,3047.2000000000003,582.83,108.82857142857144,20.815357142857145,4.071428571428571,9.892857142857142,-11.142857142857142,0.07142857142857142,4,1,SP,office_furniture,254
b8578d2d823bd8e251f6fdd02b40902d,9,9,9,1255.6,244.0,139.5111111111111,27.11111111111111,4.444444444444445,9.444444444444445,-22.22222222222222,0.0,6,1,SC,sports_leisure,97
b8630e1121437d41cb08e3c749c2c2e2,12,12,12,6988.0,346.1,582.3333333333334,28.84166666666667,4.333333333333333,10.75,-9.583333333333334,0.08333333333333333,6,2,RJ,musical_instruments,254
b86a47b3366e3b5424a7b225781f4908,1,1,1,86.5,19.85,86.5,19.85,3.0,14.0,-14.0,0.0,1,1,MG,unknown,0
b87a7ea0c30fad2dd6781b74a0064859,9,9,9,515.4,122.35,57.266666666666666,13.594444444444443,3.4444444444444446,14.88888888888889,-7.111111111111111,0.2222222222222222,8,1,SP,auto,172
b88e7c57cb2d8b973b7dd4a2bfa14b36,4,4,4,353.9,65.77,88.475,16.4425,4.25,8.75,-15.5,0.0,3,1,PR,health_beauty,193
b8a0adc91af209270c2c725168eb00fd,6,6,6,281.4,107.09,46.9,17.848333333333333,4.0,10.5,-13.333333333333334,0.0,6,1,SP,bed_bath_table,71
b8bc237ba3788b23da09c0f1f3a3288c,45,47,45,13685.710000000001,1935.45,291.1853191489362,41.17978723404256,4.3478260869565215,11.48936170212766,-14.340425531914894,0.02127659574468085,1,1,SC,housewares,326
b8d890108a7a80e4f5d59eea9f362438,2,3,2,89.69999999999999,34.59,29.899999999999995,11.530000000000001,3.3333333333333335,11.333333333333334,-3.3333333333333335,0.0,2,2,PR,unknown,44
b906dd0e57f282c7089171b6ed07982e,2,2,2,175.0,35.75,87.5,17.875,4.0,6.5,-19.0,0.0,2,1,PR,sports_leisure,68
b90e891671cffd9557f33a97dc523645,34,39,34,4449.0,632.31,114.07692307692308,16.213076923076922,4.128205128205129,7.102564102564102,-16.256410256410255,0.0,13,2,PR,health_beauty,369
b92e3c8f9738272ff7c59e111e108d7c,62,70,62,8231.09,2414.21,117.587,34.48871428571429,4.057142857142857,15.914285714285715,-42.885714285714286,0.02857142857142857,36,5,MG,furniture_decor,566
b94cc9f10ddc85e4ba73a6f7974e7101,39,39,39,25346.1,1022.39,649.9,26.215128205128206,4.297297297297297,10.102564102564102,-12.717948717948717,0.05128205128205128,7,2,RJ,toys,222
b98b715fe9e276204e2a3464f48cd796,6,6,6,450.58000000000004,67.03999999999999,75.09666666666668,11.173333333333332,3.3333333333333335,11.0,-22.75,0.0,4,3,SP,bed_bath_table,444
b9a03475e6447e631b6799ec8274800f,10,11,10,1349.1,294.98,122.64545454545454,26.816363636363636,4.2727272727272725,10.090909090909092,-21.272727272727273,0.0,7,3,PR,christmas_supplies,264
b9c0ffa92f3ff9a5a3d45ef7213c0842,3,3,3,490.0,82.17,163.33333333333334,27.39,5.0,20.666666666666668,-11.666666666666666,0.0,2,2,SP,baby,88
b9ca8e8baa5d4aa038394a700f63e69f,14,14,14,1289.77,388.18,92.12642857142858,27.72714285714286,4.214285714285714,9.214285714285714,-9.071428571428571,0.07142857142857142,8,3,SP,bed_bath_table,126
b9de031b671cd48b28fae9d828cbf2b4,1,1,1,155.32,43.37,155.32,43.37,5.0,9.0,-13.0,0.0,1,1,SP,auto,0
b9ec22de23f18567de0e09d776ca0309,2,2,2,341.98,40.49,170.99,20.245,5.0,6.0,-27.5,0.0,2,1,DF,stationery,53
ba143b05f0110f0dc71ad71b4466ce92,85,86,84,6110.58,1343.01,71.05325581395348,15.616395348837209,4.423529411764706,9.892857142857142,-8.452380952380953,0.11627906976744186,22,3,SP,books_technical,116
ba5daa4041e1f15cdf34b76e3e18a450,15,15,15,806.8000000000001,152.55,53.78666666666667,10.17,4.266666666666667,5.133333333333334,-10.933333333333334,0.0,11,1,SP,toys,197
ba6b4a237f92479743cf0ca06b67a9ac,8,8,8,801.89,111.82,100.23625,13.9775,4.25,12.125,-5.25,0.125,5,5,RJ,computers_accessories,198
ba6b68b55fe8704377a7d43c8e5c0185,5,5,5,739.77,92.44999999999999,147.954,18.49,4.2,10.2,-13.4,0.0,3,3,MG,sports_leisure,32
ba6ce6de456f6c11d08c17701ba5c26f,6,7,6,744.35,130.16,106.33571428571429,18.594285714285714,3.7142857142857144,11.428571428571429,-4.428571428571429,0.0,3,1,SP,sports_leisure,158
ba89796db68db180bd389de96b2ff3b6,2,2,2,309.8,43.46,154.9,21.73,5.0,8.5,-11.5,0.0,2,2,SP,cine_photo,15
ba8e85df286308fe68a2ce83a8f8b2d6,1,1,1,80.9,16.76,80.9,16.76,5.0,9.0,-21.0,0.0,1,1,SC,perfumery,0
ba90964cff9b9e0e6f32b23b82465f7b,38,38,38,44212.5,1311.0,1163.4868421052631,34.5,4.421052631578948,9.631578947368421,-12.0,0.05263157894736842,11,5,SP,small_appliances_home_oven_and_coffee,171
baa49d93c8c8841e27400a300f5d74b2,6,6,5,246.39999999999998,88.02,41.06666666666666,14.67,4.5,12.0,-9.833333333333334,0.0,3,1,SC,sports_leisure,32
bab0a8cd684e41ba6e2637dca0979d3b,1,1,1,269.9,19.14,269.9,19.14,5.0,13.0,-10.0,0.0,1,1,RJ,toys,0
babcc0ab201e4c60188427cae51a5b8b,1,1,1,79.0,14.13,79.0,14.13,5.0,8.0,-11.0,0.0,1,1,SP,construction_tools_lights,0
bac44fa8e13424950488659b5f765c41,1,1,1,19.9,14.52,19.9,14.52,5.0,8.0,-46.0,0.0,1,1,SP,furniture_decor,0
bac692d6c0ed08467878018e6cc9c26c,1,3,1,477.0,82.23,159.0,27.41,4.0,7.0,-17.0,0.0,1,1,SC,construction_tools_lights,0
bacb1f0ed56ad24198f5810d2b3fe9a5,42,42,42,6940.45,892.94,165.2488095238095,21.26047619047619,4.075,9.289473684210526,-13.342105263157896,0.023809523809523808,22,3,SP,toys,262
baeda7047354773262ba2405f97038ba,1,1,1,35.0,15.1,35.0,15.1,5.0,23.0,-9.0,0.0,1,1,SP,pet_shop,0
baf15155e37ef5492731459bdc05be8a,1,1,1,47.0,8.72,47.0,8.72,5.0,33.0,-9.0,0.0,1,1,SP,bed_bath_table,0
bafc5aa11e413978be29040f51342e70,9,9,9,1679.55,149.92,186.61666666666667,16.657777777777778,3.7777777777777777,13.0,-12.333333333333334,0.1111111111111111,6,1,MG,stationery,51
bb135baca94c82fcb731335ad5b04a03,18,38,17,1049.8,472.88,27.626315789473683,12.44421052631579,2.6578947368421053,7.7105263157894735,-24.31578947368421,0.0,16,4,SP,furniture_decor,567
bb2afe2061d53c6968aa0cffa233a8ec,5,6,5,549.4,94.62,91.56666666666666,15.770000000000001,4.833333333333333,4.333333333333333,-10.666666666666666,0.0,4,1,SP,sports_leisure,73
bb3dca718920a4d7ec3cc9ffb025108b,2,3,2,108.0,93.7,36.0,31.233333333333334,2.3333333333333335,10.333333333333334,-38.333333333333336,0.0,2,1,SP,health_beauty,7
bb5bd94c8f59cc050072d2930c869cac,16,17,16,2543.87,302.77000000000004,149.63941176470587,17.810000000000002,4.235294117647059,14.294117647058824,-11.235294117647058,0.0,12,2,SP,fashion_bags_accessories,480
bb5d956dece964a06c12bceb66b923ae,2,2,2,1278.36,50.14,639.18,25.07,5.0,10.0,-13.5,0.0,2,1,RJ,auto,28
bb7a14e229b1c95156719c3d9552eeee,11,11,11,3190.1,329.34999999999997,290.0090909090909,29.940909090909088,4.181818181818182,11.3,-10.6,0.09090909090909091,6,3,RJ,small_appliances,193
bb7ad8a45c027be8ab075b8e465f8ca0,2,2,2,19.98,32.64,9.99,16.32,5.0,5.0,-14.0,0.0,1,1,SC,food,5
bba3293d6f5d5af2f415e004e8b93ae3,17,17,17,11702.1,326.69,688.3588235294118,19.217058823529413,4.294117647058823,11.705882352941176,-9.0,0.058823529411764705,7,2,SP,health_beauty,293
bba74270a87732727b5a3b4fd9ac1c39,36,41,36,6001.59,758.85,146.38024390243902,18.508536585365853,3.8048780487804876,8.9,-16.2,0.0,20,6,MG,sports_leisure,241
bba8d0c234a52b87b3957037a215d1a4,1,1,1,120.0,19.53,120.0,19.53,5.0,23.0,-10.0,0.0,1,1,GO,furniture_decor,0
bbad7e518d7af88a0897397ffdca1979,69,85,68,4462.22,1338.2,52.49670588235294,15.743529411764706,3.0357142857142856,14.785714285714286,-7.023809523809524,0.2235294117647059,14,8,SP,baby,426
bbaff50f3b708fda865918715276cd87,12,16,12,449.7,202.07,28.10625,12.629375,4.8125,8.0,-7.625,0.125,11,1,SP,food_drink,509
bbd3acfe6de99892e73940d3fdceaf68,2,2,2,69.0,24.55,34.5,12.275,3.0,3.0,-8.0,0.0,2,1,SP,bed_bath_table,2
bbe87dce25ba8b38bb61cc7210a3f10b,2,2,2,287.0,68.39,143.5,34.195,5.0,6.0,-17.0,0.0,2,1,SP,construction_tools_construction,104
bbf4a892cac7b82422baa711dffb8997,1,1,1,70.0,35.34,70.0,35.34,5.0,3.0,-29.0,0.0,1,1,PR,pet_shop,0
bbf9ad41dca6603e614efcdad7aab8c4,14,14,14,7846.0,776.26,560.4285714285714,55.44714285714286,4.5,13.428571428571429,-21.714285714285715,0.0,4,1,CE,health_beauty,503
bc07d855eac23aab5ac8a120f21d16b2,12,13,12,1283.1100000000001,213.07,98.70076923076924,16.39,4.153846153846154,12.166666666666666,-10.75,0.15384615384615385,9,4,SP,health_beauty,156
bc2ac6b95e1accce9858528ee566c17e,18,22,17,2045.0,234.56,92.95454545454545,10.661818181818182,4.636363636363637,4.409090909090909,-9.772727272727273,0.0,14,1,SP,books_imported,272
bc302730ea8cf49b5c74f579febb5bbf,11,11,11,2640.9,289.27,240.0818181818182,26.297272727272727,3.8181818181818183,10.727272727272727,-10.090909090909092,0.09090909090909091,9,3,SP,telephony,360
bc30de0d71bd6260b936a026b5cf7200,3,3,3,392.37,90.47999999999999,130.79,30.159999999999997,4.666666666666667,12.0,-20.333333333333332,0.0,2,1,SP,housewares,14
bc39d8938f90a3a2b98193723ed59774,2,2,2,306.8,22.31,153.4,11.155,4.0,4.5,-13.0,0.0,1,1,SP,small_appliances,55
bc47d5d1490df2b36add65d733eafaba,24,25,24,1004.8,415.11,40.192,16.604400000000002,3.28,12.863636363636363,-11.727272727272727,0.08,7,1,SP,sports_leisure,208
bc503e244f187939d10c92a5c8e378ce,7,16,7,637.67,222.13,39.854375,13.883125,3.75,9.23076923076923,-11.153846153846153,0.0,4,1,SP,computers_accessories,328
bc8c8d665ec4664d286be0d521722b19,1,1,1,22.5,8.32,22.5,8.32,2.0,8.0,4.0,1.0,1,1,SP,health_beauty,0
bca9230d3bbb4efa51872bf605a2f1ad,5,5,5,117.57,50.63,23.514,10.126000000000001,4.0,6.6,-5.0,0.2,3,1,SP,books_general_interest,81
bcc9dd23e2a8bd8267cf92b19304a1b9,3,3,3,202.79000000000002,43.43,67.59666666666668,14.476666666666667,2.3333333333333335,22.0,0.0,0.6666666666666666,2,2,SP,bed_bath_table,32
bccf933e006e9b94a6184af782963e77,45,46,45,4162.74,884.47,90.49434782608695,19.227608695652176,4.533333333333333,11.130434782608695,-13.282608695652174,0.021739130434782608,22,1,SP,health_beauty,318
bcd2d7510d58e293f20fad6438c1b314,1,1,1,23.9,15.56,23.9,15.56,4.166666666666667,33.0,4.0,1.0,1,1,PR,baby,0
bce6a5ecf98e99fd2a8868b15c51f04b,14,15,14,3464.9,241.60000000000002,230.99333333333334,16.10666666666667,4.133333333333334,10.8,-8.4,0.13333333333333333,3,1,SP,watches_gifts,81
bcf5566870987da7bc811fbc8c5b9fd9,1,4,1,96.0,31.12,24.0,7.78,1.0,10.6918511755307,-12.0,0.0,1,1,SP,musical_instruments,0
bd0389da23d89b726abf911cccc54596,87,90,87,7472.16,1656.31,83.024,18.403444444444442,4.2,13.011111111111111,-12.488888888888889,0.06666666666666667,57,5,DF,computers_accessories,518
bd0a1b0aadca9a83d9304f7e8ff5fbd5,4,4,4,150.6,54.59,37.65,13.6475,4.5,5.5,-7.25,0.0,4,1,SP,telephony,13
bd149ed516d4c5d418d5781f8e18919f,8,9,8,414.0,141.94,46.0,15.77111111111111,4.888888888888889,8.444444444444445,-7.333333333333333,0.0,3,1,SP,furniture_decor,296
bd15ee794d5e640d9dd71b665b2ab15b,12,12,12,374.79999999999995,219.32999999999998,31.23333333333333,18.2775,4.0,14.083333333333334,-14.25,0.16666666666666666,4,2,SP,sports_leisure,145
bd1d49a326abfa9b1036772e40445430,12,13,12,637.7,188.5,49.05384615384616,14.5,3.8461538461538463,11.307692307692308,-12.076923076923077,0.07692307692307693,10,1,SP,health_beauty,219
bd23da7354813347129d751591d1a6e2,89,90,89,10544.300000000001,1466.83,117.1588888888889,16.298111111111112,4.022471910112359,9.379310344827585,-10.206896551724139,0.022222222222222223,9,1,SP,furniture_decor,395
bd43e172d599bed47a85da877172ca8c,1,1,1,23.92,18.27,23.92,18.27,5.0,12.0,-8.0,0.0,1,1,SC,bed_bath_table,0
bd4431c1a8dfa744b59e1e2a8bc99b9e,7,7,7,809.5,204.09,115.64285714285714,29.155714285714286,4.571428571428571,6.571428571428571,-10.571428571428571,0.0,5,1,RJ,health_beauty,130
bd4889b5e9133b35b66e42a8665cea5c,36,42,36,6271.9,984.64,149.33095238095237,23.443809523809524,4.463414634146342,9.761904761904763,-14.285714285714286,0.0,16,1,SP,furniture_decor,471
bd4ff04377f974574f7f0bf9d6ce7dde,4,4,4,164.96,50.14,41.24,12.535,3.5,21.25,-23.75,0.25,3,3,SP,furniture_decor,137
bd65d163ded559eb90a10cd09fec178f,1,2,1,19.8,18.68,9.9,9.34,4.0,4.0,-17.0,0.0,2,1,SP,perfumery,0
bd697db56ff8e7c9cd1abeb7f72029b2,22,22,22,3069.78,345.42,139.53545454545454,15.700909090909091,4.181818181818182,10.476190476190476,-12.666666666666666,0.0,18,1,SP,auto,543
bdae679a9b282249bc23b9b69dae9a99,6,12,6,663.15,188.82999999999998,55.262499999999996,15.735833333333332,3.5,7.833333333333333,-24.833333333333332,0.0,7,2,DF,construction_tools_construction,180
bdb3edbaee43a761e2d4f258dc08f348,5,5,5,259.5,68.86,51.9,13.772,3.8,11.2,-10.8,0.2,3,2,SP,stationery,26
bdf0d02d36a1d839d0c39c4a887cdd49,5,7,5,120.0,95.95,17.142857142857142,13.707142857142857,5.0,7.714285714285714,-23.714285714285715,0.0,2,1,SP,home_appliances,28
be1e9e378700cecaa4ebf71433d7915c,2,2,2,119.89000000000001,37.62,59.94500000000001,18.81,3.0,48.0,23.5,1.0,1,1,SP,unknown,64
be3b4b0f050a6aa1b2d901c4b77e979f,3,8,3,578.1999999999999,155.52,72.27499999999999,19.44,2.75,7.375,-17.25,0.0,3,2,PR,housewares,43
be67f78487e2cecb0d55bc769709e4f5,1,1,1,102.0,23.64,102.0,23.64,5.0,10.0,-17.0,0.0,1,1,MG,health_beauty,0
be7a093e5b4d147b36b72bb1f9e415e5,1,1,1,60.9,22.36,60.9,22.36,5.0,5.0,-22.0,0.0,1,1,PR,health_beauty,0
be8e909810184b9b19e886129149d8e5,15,15,15,629.85,216.23,41.99,14.415333333333333,3.7333333333333334,14.933333333333334,-7.4,0.13333333333333333,3,3,SP,computers_accessories,221
be9a160a9011f627c3e121d076c1ec7b,7,7,7,2934.0,248.52,419.14285714285717,35.502857142857145,3.5714285714285716,14.4,-17.4,0.0,7,2,SC,garden_tools,257
beadbee30901a7f61d031b6b686095ad,64,68,64,4373.98,937.54,64.32323529411764,13.78735294117647,3.9411764705882355,13.058823529411764,-9.661764705882353,0.22058823529411764,7,3,SP,health_beauty,85
bec568278124768c474ee90971ca94d1,2,2,2,219.9,29.16,109.95,14.58,4.5,3.0,-13.0,0.0,2,2,SP,furniture_decor,42
bede56095ba33c42038fb85f707b8a42,2,2,2,3973.9,210.87,1986.95,105.435,4.5,12.5,-18.0,0.0,2,1,SP,health_beauty,118
bee36b4f9a2b9fdcaff6ec05df202ed0,2,2,2,33.8,19.68,16.9,9.84,3.0,13.0,-13.0,0.0,1,1,SP,computers_accessories,22
bf00385a5f7fc1ef39a13c2e9ee50a5f,29,29,29,870.3,342.73,30.010344827586206,11.818275862068965,4.310344827586207,5.428571428571429,-10.821428571428571,0.0,18,6,SP,electronics,55
bf0045791395e66460eb04749c68672a,2,2,2,119.8,35.45,59.9,17.725,4.0,13.5,-21.5,0.0,1,1,SP,stationery,36
bf0d50a6410d487dc97d2baac0a8c0be,1,1,1,27.9,9.26,27.9,9.26,2.0,10.6918511755307,-12.0,0.0,1,1,SP,auto,0
bf100ecb7997df312b285358fb32f92c,20,21,20,1991.9,345.11,94.85238095238095,16.433809523809526,4.368421052631579,9.095238095238095,-17.523809523809526,0.0,9,3,PR,cool_stuff,377
bf3c6d2a28b2b5501e6c15448982dcc9,35,43,34,3956.5,691.65,92.01162790697674,16.084883720930232,4.4186046511627906,10.162790697674419,-12.0,0.023255813953488372,10,2,SP,baby,344
bf84056e679dbe9c69929847a40e338f,36,40,36,2024.04,453.28000000000003,50.601,11.332,3.725,11.947368421052632,-6.526315789473684,0.05,3,2,SP,health_beauty,69
bf961104a38e01b9062ee026bb657dee,4,4,4,585.56,79.9,146.39,19.975,4.5,8.25,-25.75,0.0,1,1,SP,cool_stuff,7
bfd27a966d91cfaafdb25d076585f0da,117,118,117,19921.0,2724.05,168.82203389830508,23.085169491525424,4.2844827586206895,11.904347826086957,-15.478260869565217,0.05084745762711865,54,6,SP,toys,511
bfd938b22bc99bce1ae60dc602889f52,6,12,6,922.8000000000001,195.46,76.9,16.288333333333334,3.0833333333333335,10.666666666666666,-25.166666666666668,0.0,4,4,RJ,housewares,82
bff9deb0ec77d437f3305a79cf25529e,5,5,5,161.95,80.78999999999999,32.39,16.157999999999998,4.0,6.8,-13.2,0.0,1,1,SP,telephony,54
c003204e1ab016dfa150abc119207b24,197,202,197,25108.09,4742.8,124.29747524752476,23.47920792079208,4.422885572139304,9.27,-11.57,0.04950495049504951,11,2,SP,auto,311
c00396cbdd2e088fe4281baa5920aef1,1,3,1,832.4100000000001,73.44,277.47,24.48,5.0,12.0,-10.0,0.0,1,1,PR,construction_tools_construction,0
c004e5ea15737026cecaee0447e00b75,2,2,2,4700.0,174.32,2350.0,87.16,1.0,33.0,15.0,0.5,1,1,SP,home_appliances_2,3
c0098efcf800861dcae589affca31408,9,9,9,1189.28,187.46,132.14222222222222,20.82888888888889,4.777777777777778,10.88888888888889,-11.0,0.0,8,1,SP,auto,222
c013e57c075a06e5b5c48ee03c525719,42,45,41,1971.55,857.11,43.81222222222222,19.04688888888889,4.155555555555556,8.911111111111111,-11.555555555555555,0.06666666666666667,13,1,SP,pet_shop,180
c026ef0d72e9132d9fa112308090c8dc,1,1,1,520.0,37.72,520.0,37.72,4.0,11.0,-7.0,0.0,1,1,RJ,home_construction,0
c03121937e54a93fcc1825c3098bbb6e,7,7,7,1043.0,154.94,149.0,22.134285714285713,5.0,10.714285714285714,-16.428571428571427,0.0,1,1,PR,books_general_interest,401
c04d70d515d15a7e3db3a73320598566,3,4,3,158.2,56.62,39.55,14.155,5.0,7.0,-22.5,0.0,3,2,RJ,unknown,172
c0563dd588b775f2e37747ef6ad6c92c,28,28,28,3697.2000000000003,397.47999999999996,132.04285714285714,14.195714285714285,4.357142857142857,10.392857142857142,-9.107142857142858,0.10714285714285714,8,1,SP,cool_stuff,538
c092292535a57dacd95a8765f5518f87,1,1,1,125.0,18.98,125.0,18.98,5.0,8.0,-17.0,0.0,1,1,RJ,toys,0
c0aff2da32c17759d30b22fb0af6649d,4,5,4,188.8,83.53,37.760000000000005,16.706,3.8,7.6,-17.8,0.0,3,2,SC,stationery,72
c0e0b73d039eb9a99b6ce4cb7a429cd3,1,1,1,29.88,7.68,29.88,7.68,5.0,4.0,-13.0,0.0,1,1,SC,computers_accessories,0
c0e6839516f5398edc34adf5f1d53d1a,3,3,3,432.92,87.92,144.30666666666667,29.30666666666667,2.6666666666666665,5.0,-18.0,0.0,2,1,SP,sports_leisure,98
c0f3eea2e14555b6faeea3dd58c1b1c3,1,1,1,79.99,15.66,79.99,15.66,5.0,5.0,-16.0,0.0,1,1,SP,sports_leisure,0
c0f783394e37cd9c9d7f5f81141450fa,6,6,6,249.39999999999998,87.35,41.56666666666666,14.558333333333332,3.6,12.833333333333334,-13.166666666666666,0.0,5,1,SP,unknown,33
c113b8df1fc375bc3d73d29c1b1144d1,3,5,3,333.0,67.87,66.6,13.574000000000002,4.2,6.2,-21.6,0.0,2,1,SP,unknown,48
c12b92bf1c350f3e6bf88d3596219c86,17,17,17,4808.78,444.06,282.8694117647059,26.121176470588235,3.8823529411764706,10.411764705882353,-13.117647058823529,0.058823529411764705,9,6,SP,auto,104
c12d7463a579237ffb9248bd7cff378b,1,1,1,25.9,8.72,25.9,8.72,4.0,11.0,-42.0,0.0,1,1,SP,fashion_bags_accessories,0
c13ef0cfbe42f190780f621ce81f2234,1,1,1,390.0,61.28,390.0,61.28,3.0,28.0,6.0,1.0,1,1,SP,electronics,0
c13fb473e7cb8b83ccd543c094df0608,2,2,2,54.8,28.72,27.4,14.36,3.5,12.5,-20.5,0.0,2,2,SP,fixed_telephony,48
c1552b1dab6e6f760950368ae61fb600,2,2,2,53.8,14.89,26.9,7.445,2.5,5.0,-1.0,0.0,2,1,SP,health_beauty,2
c157bdeedcbc9a8e3c8bf0d87ff24428,7,10,7,514.27,208.7,51.427,20.869999999999997,4.5,12.3,-14.6,0.0,4,2,SP,unknown,106
c161d1327ebc3a156c09582ab2f59f6c,3,3,3,52.99,23.34,17.663333333333334,7.78,3.0,3.0,-11.0,0.0,2,2,SP,perfumery,189
c18309219e789960add0b2255ca4b091,1,1,1,9.9,14.1,9.9,14.1,5.0,14.0,-9.0,0.0,1,1,RJ,telephony,0
c1849d4d32d7a6cecd5aa471809d3135,3,3,3,388.98,41.730000000000004,129.66,13.910000000000002,4.333333333333333,5.0,-2.6666666666666665,0.0,3,2,SP,auto,22
c1d1ebb4745cc43cb6f05e9c8a705c9a,3,3,3,34.5,42.67,11.5,14.223333333333334,2.3333333333333335,26.0,5.0,0.3333333333333333,3,1,SP,unknown,211
c1dde11f12d05c478f5de2d7319ad3b2,1,1,1,12.5,7.39,12.5,7.39,1.0,3.0,-9.0,0.0,1,1,SP,computers_accessories,0
c1ed9e3daf6154542826a6996af0fb8c,9,17,9,971.25,329.39,57.13235294117647,19.375882352941176,4.411764705882353,17.625,-7.0625,0.29411764705882354,7,1,SC,computers_accessories,198
c1f12f926d0ba950578b4fa41115cbb6,2,4,2,479.6,76.96,119.9,19.24,4.5,25.25,3.75,0.25,2,2,SP,housewares,158
c200c73f9d7e5a08ca439d6a0803da7c,1,2,1,40.0,28.2,20.0,14.1,1.0,10.6918511755307,-12.0,0.0,1,1,PR,sports_leisure,0
c240c4061717ac1806ae6ee72be3533b,1,1,1,59.9,13.99,59.9,13.99,4.0,6.0,-15.0,0.0,1,1,RJ,food,0
c24173065483e421f9e5e7f599de101d,9,9,9,373.91,117.3,41.54555555555556,13.033333333333333,3.5555555555555554,15.555555555555555,-6.0,0.1111111111111111,4,2,SP,sports_leisure,136
c26a2be5b53b7db6b276280da212a779,13,18,13,7482.0,806.85,415.6666666666667,44.825,2.7222222222222223,12.944444444444445,-11.944444444444445,0.0,4,1,RJ,office_furniture,360
c26ba52cf8d2f34915f2f6b7ffa0a3f3,4,4,4,125.96,46.69,31.49,11.6725,4.0,7.0,-14.0,0.0,2,1,RJ,unknown,66
c273175f7c6c80fb02f051e2fc6d0d72,14,14,14,1188.23,255.22,84.87357142857142,18.23,3.7857142857142856,10.0,-12.357142857142858,0.07142857142857142,11,2,SP,auto,175
c286ec035ee04ba81c97508f0b5df544,2,2,2,493.0,72.9,246.5,36.45,2.5,14.0,-9.0,0.0,2,1,PR,computers_accessories,130
c2bda99904207edd1834f03e0022b007,2,2,2,79.8,21.88,39.9,10.94,2.5,12.0,-7.0,0.0,1,1,SP,books_general_interest,46
c2d70ce2c5d0a2eb75e78668236e6dc8,13,15,13,2470.9,229.01999999999998,164.72666666666666,15.267999999999999,4.666666666666667,7.6,-12.733333333333333,0.0,4,1,SP,housewares,339
c31eff8334d6b3047ed34bebd4d62c36,122,123,122,13191.5,2394.55,107.2479674796748,19.46788617886179,3.8524590163934427,12.272727272727273,-10.190082644628099,0.11382113821138211,5,2,SP,art,264
c3251e13f1bbda6c74e37c160f991e19,2,2,2,437.79999999999995,75.28,218.89999999999998,37.64,5.0,12.5,-30.0,0.0,2,2,SP,auto,68
c32fc744b9160ac853450488e3cfea93,3,3,3,185.70000000000002,37.82,61.900000000000006,12.606666666666667,2.3333333333333335,15.0,-13.0,0.0,3,1,SP,sports_leisure,79
c33847515fa6305ce6feb1e818569f13,114,128,114,15519.85,4374.41,121.248828125,34.175078125,3.71875,9.0625,-15.4375,0.0390625,39,2,SC,bed_bath_table,104
c33a5c3c983090c8b78a28e65052a20d,9,9,9,629.1,145.06,69.9,16.11777777777778,4.222222222222222,11.0,-14.75,0.0,3,1,SC,perfumery,160
c353f8fc0ce8344999f17d578eb69a5e,2,2,2,175.98,36.59,87.99,18.295,5.0,9.5,-33.5,0.0,1,1,RS,health_beauty,14
c35672b10ad50968f567ea3f4b91e877,18,22,17,1150.57,364.78,52.29863636363636,16.58090909090909,4.454545454545454,9.818181818181818,-13.409090909090908,0.045454545454545456,3,2,RJ,health_beauty,347
c35affa65afd250151285c5917fc1c8a,9,9,9,5279.91,714.01,586.6566666666666,79.33444444444444,4.0,17.125,-7.125,0.1111111111111111,9,1,SP,auto,232
c360e4787614ed31ac7a2f95d3b22dc6,1,1,1,188.9,30.05,188.9,30.05,2.0,12.0,-17.0,0.0,1,1,SP,office_furniture,0
c37b2059d4f90d4feead554e5246565e,12,16,12,839.3,221.98,52.45625,13.87375,3.75,19.75,-4.375,0.4375,10,1,SP,furniture_decor,241
c3867b4666c7d76867627c2f7fb22e21,245,259,243,37153.4,5043.78,143.44942084942085,19.474054054054054,3.8443579766536966,14.771784232365146,-9.925311203319502,0.09652509652509653,98,1,SP,sports_leisure,465
c394e193cda3b4225ff2094d32184849,3,12,3,3419.88,191.56,284.99,15.963333333333333,4.666666666666667,13.454545454545455,-17.545454545454547,0.0,1,1,SP,drinks,30
c398bc00a606d33758afd91f4e64fd15,2,2,2,150.0,15.5,75.0,7.75,4.5,3.0,-28.0,0.0,1,1,RJ,sports_leisure,28
c3aad7dc65449ae90a5e9c3c6c1e78e0,6,6,6,510.0,130.36,85.0,21.72666666666667,4.666666666666667,7.0,-13.833333333333334,0.0,5,1,SP,party_supplies,12
c3acdfac4e3e97ff87529454fbc03642,12,12,12,16788.0,269.28000000000003,1399.0,22.44,4.25,10.75,-9.5,0.08333333333333333,9,1,SP,watches_gifts,145
c3cfdc648177fdbbbb35635a37472c53,278,307,266,43048.18,6079.63,140.22208469055374,19.803355048859935,4.447712418300654,9.247557003257329,-16.302931596091206,0.013029315960912053,111,2,PR,sports_leisure,577
c3e1abd72a42fe690fcd89cf5720fe29,13,13,13,1798.61,168.97,138.35461538461539,12.997692307692308,4.461538461538462,3.923076923076923,-11.384615384615385,0.0,5,1,SP,pet_shop,82
c3e2398fcc7e581cda2e546557bf6968,1,1,1,14.9,15.23,14.9,15.23,5.0,11.0,-14.0,0.0,1,1,SP,furniture_decor,0
c3ee2331a724e6fc02c4b698b57a73f3,2,3,2,1347.0,140.88,449.0,46.96,3.0,6.0,-8.0,0.0,2,1,SP,kitchen_dining_laundry_garden_furniture,10
c3f5668699a1b04c0fa61ecea1e2bff6,3,3,3,407.81,107.12,135.93666666666667,35.70666666666667,5.0,11.666666666666666,-5.333333333333333,0.0,3,2,PR,perfumery,129
c3fe93ba3085f92855c97e57f38c8c05,7,7,7,245.0,113.97,35.0,16.28142857142857,5.0,12.833333333333334,-11.166666666666666,0.0,5,1,PR,books_general_interest,411
c42fd8e4d47dfb18ce5222f2dd7752f9,7,11,5,466.99,161.64000000000001,42.45363636363636,14.694545454545455,4.0,33.72727272727273,9.545454545454545,0.45454545454545453,9,3,SP,furniture_decor,97
c43d924a0f1688ee9fae0efcd6f539d4,1,1,1,29.9,15.11,29.9,15.11,4.0,21.0,-32.0,0.0,1,1,RJ,bed_bath_table,0
c447f8dd3ed213f291d65ef074a268eb,7,8,7,655.0,122.22999999999999,81.875,15.278749999999999,3.875,11.875,-16.5,0.0,4,2,SP,sports_leisure,133
c458e2045a8aa8964f8879af03fdcce6,4,9,4,494.91,196.79,54.99,21.865555555555556,3.111111111111111,14.777777777777779,-20.666666666666668,0.0,4,1,SP,fixed_telephony,81
c4af86330efa7a2620772227d2d670c9,4,4,4,5396.0,364.96,1349.0,91.24,4.333333333333333,14.75,-18.75,0.0,1,1,SP,construction_tools_construction,164
c4b911d06343b21dd906651f8101cb49,2,2,2,90.98,50.349999999999994,45.49,25.174999999999997,1.0,10.6918511755307,-12.0,0.0,2,2,SP,pet_shop,0
c4d51195486dc781531876a7d00453d8,17,17,17,11468.98,569.37,674.6458823529412,33.49235294117647,3.9411764705882355,23.11764705882353,-12.823529411764707,0.29411764705882354,6,2,SP,telephony,65
c4f7fee5b0db50e87766f5a4d1b1b758,8,9,8,11961.829999999998,571.77,1329.092222222222,63.53,2.6666666666666665,11.2,-15.6,0.0,5,4,SP,cool_stuff,87
c4fabeea6e569d42d02993bb1f4f1cbc,11,11,11,859.3000000000001,277.22,78.11818181818182,25.201818181818183,4.0,21.363636363636363,-5.2727272727272725,0.09090909090909091,3,2,CE,baby,207
c4fb51fb1c5b7c07bc5e67be6e7e8f6e,15,16,15,1567.9,558.71,97.99375,34.919375,3.5,15.5,-11.1875,0.125,5,5,PR,housewares,384
c500367424994318b9e779ff1ae9a330,9,9,9,4346.4,311.98999999999995,482.9333333333333,34.66555555555555,3.7777777777777777,16.333333333333332,-12.222222222222221,0.1111111111111111,8,3,SP,baby,91
c510bc1718f0f2961eaa42a23330681a,13,13,13,12251.0,960.87,942.3846153846154,73.91307692307693,4.0,6.583333333333333,-9.916666666666666,0.0,11,1,SP,baby,118
c522be04e020c1e7b79f3acff36513d5,7,7,7,739.9300000000001,98.37,105.70428571428572,14.052857142857144,3.5714285714285716,15.0,-6.333333333333333,0.2857142857142857,4,4,SP,auto,122
c52c644cc0dc85121207a27013efc6af,1,2,1,397.8,283.16,198.9,141.58,5.0,7.0,-5.0,0.0,1,1,MG,furniture_decor,0
c53bcd3be457a342a97e39e5a9f0be22,5,5,5,509.5,186.09,101.9,37.218,3.2,12.0,-20.6,0.0,3,1,SE,bed_bath_table,537
c542f5a8c64d973f30e9df8d06f70b4a,1,1,1,81.0,17.31,81.0,17.31,1.0,10.6918511755307,-12.0,0.0,1,1,SP,toys,0
c54679b132454625907c773d273d4126,7,8,7,1032.0,107.92999999999999,129.0,13.491249999999999,4.875,5.5,-15.25,0.0,2,1,SP,perfumery,123
c5e60e39c0f42b8e827daa13cff74afa,6,8,6,134.0,89.10000000000001,16.75,11.137500000000001,4.125,3.0,-6.875,0.0,4,1,SP,bed_bath_table,10
c5ebe6598748b0aeaa61cfb820478b92,3,3,3,297.0,40.17,99.0,13.39,4.666666666666667,4.666666666666667,-19.0,0.0,3,1,RS,auto,54
c5f7e746b7e6d07def6c0dae9903279b,10,11,10,1429.0,229.92000000000002,129.9090909090909,20.901818181818182,4.454545454545454,4.7272727272727275,-17.181818181818183,0.0,5,1,PR,pet_shop,129
c5f7feb04a6a1fb3596322bfc3cf1917,11,11,11,1720.6,337.86,156.4181818181818,30.714545454545455,4.2727272727272725,9.545454545454545,-8.636363636363637,0.09090909090909091,10,1,SP,furniture_decor,63
c60b801f2d52c7f7f91de00870882a75,41,41,41,12913.5,739.39,314.9634146341463,18.03390243902439,3.317073170731707,15.512820512820513,-10.666666666666666,0.14634146341463414,18,5,SP,watches_gifts,205
c611f4ce9ce875bcc063fa97fd4d7d12,1,1,1,319.0,13.25,319.0,13.25,4.0,4.0,1.0,1.0,1,1,SP,garden_tools,0
c6218512d16fcac0af02fe92691cf274,8,8,8,674.0,194.64,84.25,24.33,4.0625,14.25,-11.875,0.0,4,2,MG,furniture_decor,52
c6381b1321d7d97717a5bb4ed5b77882,2,3,2,66.0,34.01,22.0,11.336666666666666,3.6666666666666665,3.6666666666666665,-8.0,0.0,3,2,SP,health_beauty,31
c6381d2d013342748761e906d45aff76,15,28,15,2042.98,571.28,72.96357142857143,20.40285714285714,3.0,16.392857142857142,-14.535714285714286,0.0,7,2,RS,housewares,266
c64a2aec32cc408a8a4c6d7c46017f91,9,9,9,3221.5,406.67,357.94444444444446,45.18555555555556,3.888888888888889,21.22222222222222,-12.222222222222221,0.0,2,1,RS,home_construction,82
c66dccfb3f109511246da627dd5a2498,45,45,45,12708.55,973.7,282.4122222222222,21.637777777777778,4.488888888888889,10.886363636363637,-14.977272727272727,0.044444444444444446,44,2,SP,watches_gifts,221
c679fb69a36e1d8349e8c50a217b4d58,14,17,14,1825.68,388.21000000000004,107.39294117647059,22.83588235294118,3.5625,10.058823529411764,-9.705882352941176,0.058823529411764705,13,2,RS,housewares,28
c68fb906c8f4b4b946d8386bfa6e5467,45,48,45,4541.16,892.45,94.6075,18.592708333333334,4.51063829787234,10.645833333333334,-12.8125,0.020833333333333332,36,8,SP,housewares,499
c6a7539d424a8402232c2228d7a03c5e,10,15,10,607.5,393.82,40.5,26.254666666666665,2.6,13.2,-10.8,0.06666666666666667,1,1,SP,housewares,259
c6bda72e4dbf5c5866b13cb1810c6d03,59,59,59,14059.380000000001,1136.74,238.29457627118646,19.26677966101695,4.398305084745763,9.745762711864407,-12.271186440677965,0.03389830508474576,27,4,SP,baby,406
c70a353f02429c00775a46a75fb787da,6,6,6,242.0,94.94,40.333333333333336,15.823333333333332,4.666666666666667,6.166666666666667,-11.166666666666666,0.0,4,1,SP,health_beauty,23
c70c1b0d8ca86052f45a432a38b73958,261,338,253,36537.369999999995,3938.91,108.09872781065087,11.653579881656805,4.3014925373134325,7.241071428571429,-9.151785714285714,0.05029585798816568,66,1,SP,health_beauty,144
c714262700f93defc16bf17a51a4cb23,4,4,4,421.8,69.53,105.45,17.3825,3.75,9.75,-10.5,0.0,4,2,SP,cool_stuff,59
c716e0b86ed568878475b60fbb6323ad,1,1,1,35.0,15.23,35.0,15.23,5.0,7.0,-9.0,0.0,1,1,SP,books_general_interest,0
c7246702dc991a06d788120dc7544391,1,1,1,54.86,17.66,54.86,17.66,5.0,20.0,-4.0,0.0,1,1,CE,cool_stuff,0
c72de06d72748d1a0dfb2125be43ba63,21,22,21,17522.0,1211.18,796.4545454545455,55.053636363636365,4.454545454545454,9.136363636363637,-18.681818181818183,0.0,8,3,BA,computers_accessories,100
c731d18cea9bf687ffee82a241c25b11,24,26,24,3662.0,610.65,140.84615384615384,23.486538461538462,3.96,7.076923076923077,-16.96153846153846,0.0,18,5,SC,la_cuisine,550
c747d5b92c7648417faea95d36d763e8,1,1,1,139.0,85.75,139.0,85.75,5.0,12.0,-15.0,0.0,1,1,CE,furniture_living_room,0
c74f14c1e26cf1bd5bd34b6a1e274426,1,1,1,39.0,16.79,39.0,16.79,5.0,24.0,-26.0,0.0,1,1,SC,books_general_interest,0
c76d418370990614e89e956c7a7567d9,2,2,2,305.24,64.53,152.62,32.265,3.5,10.0,-15.5,0.0,1,1,SP,sports_leisure,31
c79151301b9d90985d1fa52879213105,4,8,4,322.3,130.81,40.2875,16.35125,4.375,8.285714285714286,-21.285714285714285,0.0,3,1,PR,computers_accessories,149
c794dab4928dd97beb41d05514441e86,16,16,16,1312.3999999999999,232.19,82.02499999999999,14.511875,4.375,13.375,-7.4375,0.125,9,1,SP,health_beauty,197
c7a0a13cbcf29d5ce51c8f80afdc0b89,8,9,8,483.08,174.72,53.675555555555555,19.413333333333334,4.222222222222222,9.555555555555555,-14.222222222222221,0.0,4,2,SC,fashion_bags_accessories,307
c7b7db6c8f3c64a7cc1afa634db21d50,1,1,1,1489.0,22.86,1489.0,22.86,1.0,33.0,16.0,1.0,1,1,SP,housewares,0
c7bb64409aa480bb7d0335faaaf3d242,4,4,4,97.6,67.56,24.4,16.89,2.25,5.5,-17.75,0.0,2,1,SC,auto,8
c7c7b2682c648339a0e9846bb1023a39,2,3,2,168.0,31.68,56.0,10.56,4.666666666666667,7.666666666666667,-10.666666666666666,0.0,2,1,SP,unknown,61
c7dcd301ecfe5ab7f778ac172cf74be7,4,4,4,457.69,62.14,114.4225,15.535,2.5,24.666666666666668,-29.0,0.0,3,2,MG,health_beauty,2
c7fdb77fdbff3c41981bc52f787e959e,10,12,10,696.32,175.56,58.02666666666667,14.63,3.3333333333333335,17.363636363636363,-6.181818181818182,0.08333333333333333,8,1,SP,bed_bath_table,192
c8025364abeecb115431bf95c11a747f,2,2,2,928.0,43.28,464.0,21.64,4.5,7.5,-1.5,0.0,2,1,RS,sports_leisure,85
c8143b3069f6746a77421b5ce30a450c,1,1,1,142.47,43.41,142.47,43.41,5.0,24.0,-7.0,0.0,1,1,GO,health_beauty,0
c826c40d7b19f62a09e2d7c5e7295ee2,354,373,354,45643.74,5573.48,122.36927613941018,14.942305630026809,4.0431266846361185,12.745205479452055,-9.895890410958904,0.06970509383378017,17,2,SP,unknown,365
c840d3fdbba0790404fdae73d253b253,9,14,9,4522.28,359.65,323.02,25.689285714285713,3.9285714285714284,11.285714285714286,-19.0,0.0,7,2,PR,furniture_decor,251
c8417879a15366a17c30af34c798c332,26,36,26,1767.9,487.54,49.108333333333334,13.54277777777778,4.0285714285714285,8.8,-9.885714285714286,0.027777777777777776,15,5,SP,garden_tools,218
c84592044b180dec206770c38603814b,15,15,15,511.94000000000005,224.26,34.129333333333335,14.950666666666667,4.2,12.571428571428571,-13.285714285714286,0.0,5,4,SP,electronics,83
c8467937e403e76a8ee9f0ab13f6f5ef,30,33,30,1853.79,588.95,56.17545454545454,17.846969696969698,4.133333333333334,16.21212121212121,-9.484848484848484,0.12121212121212122,6,1,MG,costruction_tools_tools,326
c847e075301870dd144a116762eaff9a,42,43,42,15348.7,1112.08,356.946511627907,25.862325581395346,4.166666666666667,16.261904761904763,-10.595238095238095,0.06976744186046512,5,4,MG,cool_stuff,328
c85d7b477a709c85a1e8b8f25aa1b270,1,2,1,75.0,32.22,37.5,16.11,1.0,10.6918511755307,-12.0,0.0,1,1,SP,housewares,0
c864036feaab8c1659f65ea4faebe1da,58,58,58,10454.2,1845.57,180.2448275862069,31.820172413793102,4.568965517241379,11.793103448275861,-13.362068965517242,0.034482758620689655,29,1,PR,sports_leisure,386
c8660dcf9ba70575f45d80fe28c27713,4,7,4,335.0,103.99,47.857142857142854,14.855714285714285,4.714285714285714,10.285714285714286,-12.0,0.14285714285714285,2,2,SP,pet_shop,41
c8665a4dd081a2c436b1cd921079d0d9,1,1,1,79.39,14.14,79.39,14.14,5.0,4.0,-24.0,0.0,1,1,SP,health_beauty,0
c8771b1a10bb99bb34d3c459c5cffb53,1,1,1,64.9,31.2,64.9,31.2,5.0,6.0,-16.0,0.0,1,1,SP,toys,0
c878515173c84a492ebe50d6b493230b,9,10,9,1118.84,189.2,111.88399999999999,18.919999999999998,4.2,15.2,-13.2,0.2,6,4,PR,sports_leisure,247
c87abc38c8ed3240861729e1aeadf221,1,1,1,133.0,15.68,133.0,15.68,1.0,10.0,-31.0,0.0,1,1,SP,fashion_bags_accessories,0
c88f62b4c386a59281014d677864d016,1,1,1,1099.0,251.5,1099.0,251.5,1.0,10.6918511755307,-12.0,0.0,1,1,PR,sports_leisure,0
c89cf7c468a48af70aada384e722f9e2,14,14,14,745.0,226.01,53.214285714285715,16.143571428571427,4.0,13.857142857142858,-10.214285714285714,0.07142857142857142,7,1,RJ,toys,424
c8b0e2b0a7095e5d8219575d5e7e1181,84,85,83,12170.210000000001,1487.1299999999999,143.1789411764706,17.49564705882353,4.0476190476190474,9.670588235294117,-10.83529411764706,0.07058823529411765,58,1,SP,auto,400
c8b3445d737de6befde0c88ede534a5e,30,36,30,3149.04,651.75,87.47333333333333,18.104166666666668,3.9722222222222223,11.027777777777779,-10.555555555555555,0.027777777777777776,7,2,SP,toys,221
c8c1bea22194a4eefa2dc9a9fa89f536,7,13,7,1266.0,292.73,97.38461538461539,22.517692307692307,5.0,8.0,-24.692307692307693,0.0,3,1,SC,pet_shop,59
c8cc60ffd415254af5d9b9f34f32c369,8,9,8,722.2,194.03,80.24444444444445,21.558888888888887,4.666666666666667,4.777777777777778,-11.666666666666666,0.0,7,1,SP,pet_shop,70
c8e135e7b21ecbc36c1153a29d2f5a06,7,7,7,1165.5,101.98,166.5,14.56857142857143,4.857142857142857,7.571428571428571,-11.0,0.0,5,1,SP,health_beauty,116
c963a25b8671419c6ce9eebe8fd03218,1,1,1,49.0,19.32,49.0,19.32,5.0,6.0,-15.0,0.0,1,1,RJ,furniture_decor,0
c97aa4ee7420f937da13b7f9e2228b99,1,1,1,29.9,6.66,29.9,6.66,1.0,10.0,-28.0,0.0,1,1,RS,pet_shop,0
c990d6cf976a5718aaedc539f383ab88,10,11,10,200.9,141.09,18.263636363636365,12.826363636363636,3.1818181818181817,20.444444444444443,0.3333333333333333,0.36363636363636365,5,3,SP,telephony,107
c9a06ece156bb057372c68718ec8909b,14,14,14,4688.9,540.72,334.9214285714285,38.62285714285714,3.0,10.909090909090908,-32.90909090909091,0.0,3,3,DF,garden_tools,145
c9aafcd0621b2207c10e32c649cada4d,44,52,44,2997.25,888.65,57.63942307692308,17.089423076923076,4.019230769230769,8.595744680851064,-11.25531914893617,0.057692307692307696,31,1,SP,health_beauty,28
c9c7905cffc4ef9ff9f113554423e671,127,139,127,10657.18,2109.53,76.67035971223022,15.176474820143886,4.158273381294964,10.56115107913669,-10.071942446043165,0.07194244604316546,22,9,SP,telephony,445
c9d2ba8dde44a275ae06475ed1d2fafc,1,1,1,28.79,14.52,28.79,14.52,5.0,8.0,-20.0,0.0,1,1,MG,auto,0
c9e5ad1f6647f5dbd1172adf6ae3cada,4,4,4,259.03,60.95,64.7575,15.2375,4.75,8.5,-22.75,0.0,3,3,RS,agro_industry_and_commerce,228
ca3bd7cd9f149df75950150d010fe4a2,71,138,70,9731.85,3439.52,70.52065217391305,24.92405797101449,3.7246376811594204,13.296296296296296,-16.85925925925926,0.007246376811594203,51,2,SP,housewares,558
ca4b77513ac2040591b0d8fae6958380,14,15,14,1772.45,201.17000000000002,118.16333333333334,13.411333333333335,4.466666666666667,7.133333333333334,-3.066666666666667,0.13333333333333333,12,1,SP,health_beauty,37
ca5832c6960267b71041f74bb39e8b12,1,1,1,79.9,17.81,79.9,17.81,1.0,45.0,14.0,1.0,1,1,SC,music,0
ca77545ca4d2dfd1431bf61334e2fa3c,6,10,6,760.0,213.71,76.0,21.371000000000002,4.8,12.9,-12.9,0.0,2,2,PR,sports_leisure,112
ca7c6bd577e559472af1c699de9e764e,6,8,6,148.0,70.82,18.5,8.8525,4.0,4.0,-8.625,0.0,1,1,SP,health_beauty,13
caa9bc43a9fe8cf9c564ddd8a03cc4a6,13,14,13,803.87,233.87,57.419285714285714,16.705000000000002,4.6923076923076925,8.642857142857142,-11.357142857142858,0.0,5,2,SP,toys,133
cab85505710c7cb9b720bceb52b01cee,206,209,204,11389.1,2906.14,54.4933014354067,13.904976076555023,4.2860576923076925,9.715686274509803,-15.77450980392157,0.019138755980861243,28,1,SP,fashion_bags_accessories,689
cac4c8e7b1ca6252d8f20b2fc1a2e4af,75,83,75,4168.18,1554.3600000000001,50.21903614457832,18.727228915662653,3.5304878048780486,19.426829268292682,-5.012195121951219,0.18072289156626506,33,7,SP,furniture_decor,676
cac4e0bc1a3269fa2b6ea5e763f6115b,2,3,2,57.88,50.14,19.293333333333333,16.713333333333335,5.0,11.666666666666666,-11.666666666666666,0.0,2,2,SC,housewares,120
cac63f48c38cd7d002a7e846dcd99a23,10,10,8,874.0,140.62,87.4,14.062000000000001,4.8,6.7,-12.7,0.0,7,1,SP,toys,263
cac876b37d3abcd6bd76caca30277996,27,33,27,2229.77,729.02,67.56878787878787,22.09151515151515,4.5625,11.696969696969697,-14.818181818181818,0.0,14,6,PR,housewares,163
cad10cc982ab6a391570c211b995c17c,1,1,1,47.4,12.79,47.4,12.79,5.0,4.0,-14.0,0.0,1,1,SP,costruction_tools_garden,0
cad9969167c09b48ae6f1d123f7fa68d,2,2,2,43.2,26.98,21.6,13.49,3.0,3.0,-11.0,0.0,2,1,MG,furniture_decor,7
cb0b3bcf14e0a709df412a99424a59d7,2,2,2,460.0,47.43,230.0,23.715,4.5,21.5,-10.0,0.0,2,1,SP,auto,10
cb162c8eef257253782d245c08d9097c,1,1,1,34.99,14.13,34.99,14.13,5.0,10.0,-8.0,0.0,1,1,SP,cool_stuff,0
cb32766839f443db85c82a43c4a6c19e,2,2,2,234.0,31.51,117.0,15.755,3.0,19.0,-9.0,0.0,2,1,SP,fashio_female_clothing,16
cb3dd9ce66268c7a3ca7241ac70ab58c,50,52,47,2879.76,845.95,55.38,16.26826923076923,4.173076923076923,13.36,-13.48,0.038461538461538464,27,2,SP,sports_leisure,440
cb41bfbcbda0aea354a834ab222f9a59,12,12,12,4002.0,886.68,333.5,73.89,3.3333333333333335,37.0,9.545454545454545,0.3333333333333333,3,1,SP,home_construction,220
cb4a705d00e100b9732d0ca34817d441,1,2,1,998.0,82.56,499.0,41.28,1.0,24.0,-2.0,0.0,1,1,SC,furniture_decor,0
cb5df0dcb9e280b1780e9d589889f2c7,16,19,16,2934.7200000000003,754.49,154.45894736842106,39.71,2.5555555555555554,20.166666666666668,-16.333333333333332,0.10526315789473684,15,5,SP,furniture_bedroom,136
cb5ff1b9715e99589f3e0c7a6afab9e3,4,4,4,85.0,54.03,21.25,13.5075,4.0,5.5,-12.25,0.0,2,1,PR,sports_leisure,19
cb6c9f5888a7a090c75beaf615925792,11,11,11,779.8900000000001,229.08,70.89909090909092,20.825454545454548,3.8181818181818183,9.636363636363637,-11.181818181818182,0.0,9,5,ES,garden_tools,111
cb810bd318f51b3dc3c753944d61a1fa,1,1,1,1750.0,39.02,1750.0,39.02,4.0,12.0,-27.0,0.0,1,1,RJ,health_beauty,0
cb8bcce248bb1fb274ba762d8b971456,68,69,68,9402.2,1232.82,136.26376811594204,17.86695652173913,4.260869565217392,12.074626865671641,-11.970149253731343,0.014492753623188406,5,3,MG,cool_stuff,569
cb9fb4ca75d7ba8437480e8dde64fe98,10,10,10,532.14,173.42000000000002,53.214,17.342000000000002,4.0,8.7,-11.7,0.0,3,1,SP,unknown,125
cbbd5ae8f53de5f5097cd8217b529e24,2,2,2,351.8,70.44999999999999,175.9,35.224999999999994,2.5,20.0,-18.0,0.0,1,1,SP,baby,1
cbd996ad3c1b7dc71fd0e5f5df9087e2,165,196,164,8411.04,2873.92,42.91346938775511,14.662857142857144,4.081081081081081,12.34920634920635,-11.25925925925926,0.07653061224489796,13,3,SP,food,558
cbf09e831b0c11f6f23ffb51004db972,10,10,10,1535.2,280.2,153.52,28.02,4.4,4.7,-13.5,0.0,4,2,SP,housewares,110
cc1f04647be106ba74e62b21f358af25,1,1,1,11.9,8.29,11.9,8.29,1.0,13.0,-6.0,0.0,1,1,SP,health_beauty,0
cc3d14116804f7209f3884f6367f1152,27,30,27,5477.8,582.79,182.59333333333333,19.426333333333332,4.666666666666667,12.566666666666666,-17.3,0.0,4,3,PR,small_appliances,474
cc419e0650a3c5ba77189a1882b7556a,1706,1775,1657,104288.42,25668.99,58.75403943661972,14.46140281690141,4.066402565553669,11.063408958696916,-13.052356020942408,0.049577464788732394,37,4,SP,health_beauty,572
cc5a78bbad32776dc4e3af205218368c,33,38,33,4269.18,1304.17,112.34684210526316,34.320263157894736,4.473684210526316,7.184210526315789,-16.605263157894736,0.02631578947368421,25,5,MG,housewares,107
cc63f0dd2acba93ffed4fe9f8e0321fa,55,63,54,7096.71,1399.97,112.64619047619048,22.221746031746033,4.0476190476190474,8.555555555555555,-12.317460317460318,0.0,17,2,SP,housewares,105
cc80e2f693fa6e2408f47ccf62413fc1,2,2,2,420.0,88.63,210.0,44.315,4.0,14.0,-17.0,0.0,1,1,PR,auto,3
cca3071e3e9bb7d12640c9fbe2301306,712,830,700,64009.89,14371.4,77.12034939759036,17.314939759036143,3.850985221674877,13.746634026927785,-15.274173806609546,0.04457831325301205,322,6,SP,furniture_decor,688
ccada0ef508e698917a6eab263375905,3,3,3,172.8,59.160000000000004,57.6,19.720000000000002,3.6666666666666665,9.666666666666666,-22.666666666666668,0.0,3,2,PR,unknown,84
ccb83a794700270fde70898fe9ff368b,12,12,12,11062.0,1723.73,921.8333333333334,143.64416666666668,4.333333333333333,16.083333333333332,-9.916666666666666,0.16666666666666666,2,1,SC,sports_leisure,165
ccbd753e6863fe7314dc6c0ca5a074e7,1,1,1,495.0,101.56,495.0,101.56,4.0,11.0,-19.0,0.0,1,1,SC,auto,0
ccc4bbb5f32a6ab2b7066a4130f114e3,187,192,186,74004.62,5256.98,385.44072916666664,27.380104166666666,4.282722513089006,15.365079365079366,-16.85185185185185,0.0625,12,2,PR,health_beauty,591
cce6ab8d1682639fe45ab70234f1665f,63,66,63,2522.7,1167.44,38.22272727272727,17.688484848484848,4.4393939393939394,14.9375,-13.828125,0.030303030303030304,17,1,SP,bed_bath_table,409
ccf8813e5a7d6c84d865cd38bfc2b130,26,26,26,2635.5,415.79,101.36538461538461,15.991923076923078,4.384615384615385,11.115384615384615,-13.5,0.038461538461538464,8,2,SP,furniture_decor,357
cd06602b43d8800bd0afad514919d35c,44,53,44,2588.07,747.26,48.83150943396227,14.099245283018869,3.6792452830188678,11.423076923076923,-11.634615384615385,0.03773584905660377,20,3,SP,housewares,555
cd2169d9f31ff6fbb9ca3373b0c9e354,1,1,1,569.0,56.33,569.0,56.33,4.0,15.0,-17.0,0.0,1,1,RJ,baby,0
cd233f8bfa30ebfd651f47ee7d054951,1,1,1,79.9,18.66,79.9,18.66,5.0,9.0,-20.0,0.0,1,1,SP,sports_leisure,0
cd3d09fbe6e3e9ff0c0ac0c300e93ae7,12,12,12,651.04,229.19,54.25333333333333,19.099166666666665,4.166666666666667,11.25,-9.75,0.08333333333333333,11,1,SP,auto,52
cd52a8efd71af3336b14b5039b951cc1,3,3,3,170.8,59.74,56.93333333333334,19.913333333333334,2.3333333333333335,11.0,-8.5,0.0,1,1,SP,fashion_bags_accessories,74
cd68562d3f44870c08922d380acae552,125,132,125,18569.7,2207.49,140.67954545454546,16.72340909090909,3.8396946564885495,16.286821705426355,-7.573643410852713,0.17424242424242425,58,9,SP,sports_leisure,425
cd6efc47efaabf134f8bdb654e10b4f1,31,32,31,4158.55,598.61,129.9546875,18.7065625,4.5,8.09375,-14.03125,0.0625,10,6,RJ,stationery,275
cd843d4cf8ef32827de0396605163ba3,5,5,5,1915.0,697.56,383.0,139.512,3.8,15.6,-6.2,0.0,3,1,MG,kitchen_dining_laundry_garden_furniture,381
cda598c48d7c614bc1cad7d8ff6f0010,17,18,17,1118.6000000000001,301.6,62.14444444444445,16.755555555555556,3.9444444444444446,7.777777777777778,-13.777777777777779,0.0,4,4,SP,auto,150
ce20a2ec1514c25e16f2b5b39bc818f0,4,7,3,287.0,209.03,41.0,29.861428571428572,4.857142857142857,14.428571428571429,-15.0,0.0,3,1,SP,pet_shop,73
ce248b21cb2adc36282ede306b7660e5,65,66,62,15230.06,2066.89,230.75848484848484,31.316515151515148,4.196969696969697,15.184615384615384,-10.523076923076923,0.07575757575757576,37,8,SC,musical_instruments,381
ce27a3cc3c8cc1ea79d11e561e9bebb6,135,164,135,10682.65,2329.22,65.13810975609756,14.202560975609755,3.8714285714285714,9.66225165562914,-13.43046357615894,0.012195121951219513,40,11,SP,consoles_games,690
ce33c6211beaa8fef4cae8b52db39862,1,1,1,49.0,14.52,49.0,14.52,3.0,18.0,-11.0,0.0,1,1,SP,sports_leisure,0
ce3ad9de960102d0677a81f5d0bb7b2d,1,1,1,158.0,16.21,158.0,16.21,5.0,4.0,-13.0,0.0,1,1,RJ,baby,0
ce4755084bc097113867e6454f8f5e52,1,1,1,18.9,12.79,18.9,12.79,5.0,6.0,-11.0,0.0,1,1,SP,health_beauty,0
ce616e1913288884e7742faac9d981db,15,24,15,365.1,274.93,15.2125,11.455416666666666,4.666666666666667,7.090909090909091,-12.454545454545455,0.041666666666666664,9,1,SP,auto,93
ce69a8021d18961dd2a40269b7c2c293,19,19,19,4818.0,471.05,253.57894736842104,24.792105263157897,4.473684210526316,9.736842105263158,-11.473684210526315,0.05263157894736842,13,4,PR,cool_stuff,145
ce7d1888639e6fb06b2749cbfdac1ff7,78,84,78,11793.89,3082.65,140.4034523809524,36.698214285714286,4.107142857142857,13.726190476190476,-12.833333333333334,0.08333333333333333,14,4,MG,housewares,370
cea729054f157f5870bdd321a958d994,24,26,24,2482.1,349.52,95.46538461538461,13.443076923076923,4.1923076923076925,6.884615384615385,-9.346153846153847,0.038461538461538464,17,2,SP,sports_leisure,139
ceaec5548eefc6e23e6607c5435102e7,203,211,201,52917.18,6331.84,250.7923222748815,30.00872037914692,4.14975845410628,12.451456310679612,-15.228155339805825,0.04739336492890995,33,7,SP,cool_stuff,208
ceb7b4fb9401cd378de7886317ad1b47,1,1,1,399.9,16.55,399.9,16.55,3.0,10.6918511755307,-12.0,0.0,1,1,RJ,health_beauty,0
cecd97bc34ed8330bd4cd15713eda670,1,1,1,57.99,18.51,57.99,18.51,1.0,7.0,-9.0,0.0,1,1,SC,toys,0
cee48807215b30a12ca2ca10ffb5f250,39,40,39,7212.2300000000005,913.29,180.30575000000002,22.83225,3.7,23.025,-13.125,0.125,27,2,SP,auto,381
cf1313c6e2c01c2f4b014f97db4bcd2b,5,5,5,315.70000000000005,81.3,63.14000000000001,16.259999999999998,5.0,8.0,-11.2,0.0,3,2,RJ,toys,52
cf2384dd2f1dddea3f838efed0945e65,16,16,16,2101.5,433.44,131.34375,27.09,3.9375,13.8125,-8.6875,0.0,5,2,SP,furniture_living_room,510
cf281cf8b7affbdfe751b29cc85580e1,1,1,1,64.9,25.33,64.9,25.33,1.0,10.6918511755307,-12.0,0.0,1,1,CE,cool_stuff,0
cf654707ed6a99f112c7ec3d6f314b8b,3,4,3,756.0,33.54,189.0,8.385,4.75,4.0,-7.5,0.0,4,1,SP,fashion_bags_accessories,92
cf6f6bc4df3999b9c6440f124fb2f687,1,1,1,3.5,8.72,3.5,8.72,5.0,10.6918511755307,-12.0,0.0,1,1,SP,art,0
cf8ab1616079e2793aa29d524df01bb1,9,9,9,14391.0,759.37,1599.0,84.37444444444445,2.0,25.833333333333332,-9.666666666666666,0.1111111111111111,2,1,SP,sports_leisure,97
cfa5ab0e4d3fc212fd0b3410e7081c62,16,21,16,6180.8,1039.01,294.32380952380953,49.47666666666667,3.5238095238095237,13.65,-15.7,0.0,11,6,MG,furniture_living_room,309
cfb1a033743668a192316f3c6d1d2671,147,184,147,12803.64,3432.56,69.585,18.655217391304348,3.959016393442623,11.430167597765363,-11.53072625698324,0.08695652173913043,61,1,SP,bed_bath_table,555
cfd7ddab722b902f7ac5b5f3ba6d723d,12,13,12,3385.0299999999997,673.0799999999999,260.38692307692304,51.77538461538461,4.538461538461538,5.6923076923076925,-12.461538461538462,0.0,8,5,MG,housewares,56
cfe94489ddd337d1e29e12f2a7205d10,20,24,19,2376.0,296.82,99.0,12.3675,4.125,7.333333333333333,-6.875,0.08333333333333333,1,1,SP,construction_tools_safety,176
d03698c2efd04a549382afa6623e27fb,18,21,18,8865.47,779.15,422.16523809523807,37.102380952380955,4.523809523809524,15.142857142857142,-15.523809523809524,0.047619047619047616,14,2,BA,computers_accessories,661
d05ae8f7a5bd1d2a690a44cd079e4e27,78,81,75,13436.0,1159.43,165.87654320987653,14.313950617283952,3.7875,10.775,-11.2125,0.06172839506172839,11,1,RJ,sports_leisure,482
d06d019f72a04e5497a0b64190af170c,17,17,17,2415.93,225.51,142.1135294117647,13.26529411764706,4.529411764705882,8.0,-12.529411764705882,0.0,5,1,SP,health_beauty,146
d0d70d21e2234dd7cd3cf63fe414148a,8,9,8,598.4,366.59,66.48888888888888,40.73222222222222,4.222222222222222,8.666666666666666,-19.333333333333332,0.0,6,1,PB,bed_bath_table,48
d101c6da914ae3d53f7bee42283f2fe2,13,16,13,1297.4,260.15,81.0875,16.259375,3.8125,13.125,-21.3125,0.0625,4,3,SP,furniture_decor,237
d12c926d74ceff0a90a21184466ce161,78,99,77,3944.18,1248.64,39.84020202020202,12.612525252525254,4.090909090909091,8.11340206185567,-14.29896907216495,0.010101010101010102,30,8,SP,sports_leisure,583
d13e50eaa47b4cbe9eb81465865d8cfc,67,69,67,7155.05,857.79,103.6963768115942,12.431739130434782,4.811594202898551,4.573529411764706,-4.8088235294117645,0.08695652173913043,7,2,SP,food,24
d149de2f383552baea37a7198c2296ce,3,3,3,320.70000000000005,33.67,106.90000000000002,11.223333333333334,5.0,4.333333333333333,-6.333333333333333,0.0,2,1,SP,toys,6
d1582f4043306e6b91afa6a8a884f898,9,9,9,990.0,131.92,110.0,14.657777777777776,4.111111111111111,11.666666666666666,-14.444444444444445,0.1111111111111111,1,1,SP,toys,84
d17f467e4bf608a510c20d82f4ba3b6b,12,12,12,3021.66,534.89,251.80499999999998,44.57416666666666,4.0,11.545454545454545,-7.181818181818182,0.16666666666666666,11,3,RS,agro_industry_and_commerce,13
d180e07dc1e58c31c3f0cd599dc4d945,1,1,1,58.8,14.16,58.8,14.16,3.0,7.0,-16.0,0.0,1,1,MG,unknown,0
d197aa8fbc64087f61984deef05f6227,6,7,6,519.09,111.56,74.1557142857143,15.937142857142858,4.714285714285714,6.714285714285714,-10.714285714285714,0.0,6,2,SP,stationery,96
d1a1b40ec554c593a1a99366746289dd,1,1,1,49.7,14.52,49.7,14.52,2.0,10.6918511755307,-12.0,0.0,1,1,PR,auto,0
d1a5cc844736958c11b8efab9a2b4c87,1,1,1,237.6,16.41,237.6,16.41,1.0,30.0,8.0,1.0,1,1,PR,furniture_decor,0
d1aa1ec0839dcab73a6161130eb1f94a,1,1,1,119.9,16.14,119.9,16.14,4.0,35.0,2.0,1.0,1,1,PR,furniture_decor,0
d1b65fc7debc3361ea86b5f14c68d2e2,40,41,40,11703.07,1438.73,285.44073170731707,35.0909756097561,4.560975609756097,8.625,-16.0,0.024390243902439025,30,3,SP,luggage_accessories,435
d1b9d4be4b6f9ebd85f8acd6745ba612,11,11,10,1154.35,194.18,104.94090909090909,17.652727272727272,4.181818181818182,10.454545454545455,-17.818181818181817,0.0,10,1,MG,furniture_decor,314
d1c281d3ae149232351cd8c8cc885f0d,215,240,212,26942.6,5396.46,112.26083333333332,22.48525,3.7857142857142856,11.94560669456067,-11.493723849372385,0.0625,115,2,SP,bed_bath_table,547
d1c7fa84e48cfa21a0e595167c1c500e,12,12,12,1156.03,321.35,96.33583333333333,26.77916666666667,4.333333333333333,11.5,-19.083333333333332,0.0,6,3,RS,garden_tools,120
d1e2fe627180431ffda076abb303c56f,1,1,1,289.0,9.05,289.0,9.05,1.0,10.6918511755307,-12.0,0.0,1,1,RJ,housewares,0
d1ef48b38baca7e831711c4a0aeb398f,29,35,29,1469.1200000000001,675.5699999999999,41.97485714285715,19.302,4.428571428571429,9.323529411764707,-15.529411764705882,0.08571428571428572,18,6,PR,small_appliances,152
d20b021d3efdf267a402c402a48ea64b,90,106,89,4140.17,1575.0,39.058207547169815,14.858490566037736,3.638095238095238,16.11764705882353,-5.8431372549019605,0.16037735849056603,45,3,SP,furniture_decor,518
d23019c84ffae2d5ef2270367b8605fc,39,39,39,29205.1,2749.7400000000002,748.8487179487179,70.50615384615385,4.410256410256411,10.717948717948717,-14.384615384615385,0.02564102564102564,8,1,PR,musical_instruments,316
d2374cbcbb3ca4ab1086534108cc3ab7,524,631,509,21223.92,9593.88,33.63537242472266,15.204247226624405,3.6813804173354736,13.80967741935484,-15.435483870967742,0.04754358161648178,111,4,SP,bed_bath_table,556
d2572f31e9023e9850ef986a636ff9bf,1,1,1,279.0,26.69,279.0,26.69,5.0,10.0,-21.0,0.0,1,1,MG,auto,0
d25aa0aaacb370e912f8cf6efeba38b3,17,21,17,2658.45,714.6800000000001,126.59285714285713,34.032380952380954,4.523809523809524,8.523809523809524,-16.714285714285715,0.047619047619047616,5,2,SC,housewares,156
d263fa444c1504a75cbca5cc465f592a,1,1,1,399.0,45.07,399.0,45.07,5.0,9.0,-14.0,0.0,1,1,SP,furniture_decor,0
d26aa40b90272d4843d63be7c1462c8d,2,2,2,152.9,24.52,76.45,12.26,4.5,4.0,-12.0,0.0,2,1,SP,baby,20
d297f1055de2956aedfd3b04113dce3e,1,1,1,54.3,7.64,54.3,7.64,4.0,3.0,-4.0,0.0,1,1,SP,agro_industry_and_commerce,0
d29ba1220fb8634fa3a107e54497b8a4,9,9,9,724.94,182.92000000000002,80.5488888888889,20.324444444444445,3.2222222222222223,6.0,-13.11111111111111,0.0,7,2,SP,unknown,122
d2df77822373f19934e87694d8640767,2,2,2,155.9,40.5,77.95,20.25,3.0,22.0,-16.5,0.0,2,2,PR,baby,7
d2e753bb80b7d4faa77483ed00edc8ca,14,15,14,1320.7,454.24,88.04666666666667,30.282666666666668,3.7,12.266666666666667,-15.533333333333333,0.06666666666666667,9,2,BA,fashion_bags_accessories,223
d2f3e277560ed4c6361284429b00f037,7,7,7,320.55,134.11,45.792857142857144,19.15857142857143,4.714285714285714,7.571428571428571,-16.0,0.0,7,2,SP,pet_shop,92
d32e3909cfb714fb2a6cb092c85b9c5f,10,11,10,2827.9,251.0,257.08181818181816,22.818181818181817,3.6363636363636362,21.727272727272727,-10.636363636363637,0.18181818181818182,8,3,SP,housewares,257
d354c38a7182125a748cb10474fe963b,18,20,18,1610.33,315.85,80.5165,15.7925,4.315789473684211,12.68421052631579,-12.894736842105264,0.05,7,2,RJ,sports_leisure,318
d3674f271c91f824f82d24d92011f669,20,20,20,1718.3,383.52,85.91499999999999,19.176,4.1,13.35,-11.4,0.1,6,2,DF,perfumery,401
d36b07fd3c5088e477a72d1fccfe29d4,1,1,1,328.9,10.96,328.9,10.96,5.0,13.0,-11.0,0.0,1,1,SP,garden_tools,0
d379f449f2a3b271bc01c0782020f705,28,29,28,4423.06,1076.74,152.5193103448276,37.12896551724138,3.9310344827586206,13.068965517241379,-14.862068965517242,0.034482758620689655,13,3,MG,furniture_decor,570
d3891911c2feae53c52fea2bd14054e5,2,2,2,141.0,25.990000000000002,70.5,12.995000000000001,5.0,3.5,-15.5,0.0,2,1,SP,telephony,14
d3dcf0604eabf0224fbd5948b5e02f69,9,9,9,2902.2999999999997,165.10999999999999,322.47777777777776,18.345555555555553,3.888888888888889,17.22222222222222,-5.0,0.3333333333333333,8,4,SP,toys,162
d3e7d37c0df9aef383f3f2a15b0dddfb,1,1,1,161.0,40.34,161.0,40.34,5.0,13.0,-24.0,0.0,1,1,PR,kitchen_dining_laundry_garden_furniture,0
d3f39f05462b79a4562d35893a28f159,34,38,34,2411.3,557.47,63.45526315789474,14.670263157894738,3.3684210526315788,11.756756756756756,-12.297297297297296,0.13157894736842105,6,2,SP,health_beauty,360
d4828feed4cda2cd9d6b37899a95a71e,1,1,1,39.9,22.21,39.9,22.21,2.0,13.0,-23.0,0.0,1,1,CE,fashion_bags_accessories,0
d4910f1cdcfdabd48d6b316e395d4a23,11,12,11,1146.88,215.04,95.57333333333334,17.919999999999998,4.916666666666667,5.666666666666667,-10.333333333333334,0.0,2,1,SP,pet_shop,18
d4a5e99e0dd915df64ba55a7fbd583fd,2,6,2,65.15,84.6,10.858333333333334,14.1,1.6666666666666667,12.666666666666666,-13.666666666666666,0.0,2,2,SP,health_beauty,0
d4d99b60c4c94cd35acd502cec65dc8d,1,1,1,72.9,14.39,72.9,14.39,3.0,19.0,-35.0,0.0,1,1,SP,furniture_decor,0
d4e12e7884759a14fa0f5f896c791cae,29,32,28,1400.0,439.67,43.75,13.7396875,4.625,7.84375,-12.28125,0.0625,14,1,SP,bed_bath_table,318
d4e4b5192cba4e0e66eb12a9d347239d,12,12,12,441.8,210.29,36.81666666666667,17.524166666666666,4.166666666666667,13.0,-16.09090909090909,0.0,11,1,PR,telephony,237
d4f117125b59ce73c3302f88ee40c458,17,17,17,783.29,215.32,46.07588235294117,12.665882352941177,4.823529411764706,7.294117647058823,-11.705882352941176,0.0,8,1,SP,health_beauty,249
d4f91e8be86b38da2ee35bc489645a9d,1,1,1,49.99,11.17,49.99,11.17,5.0,17.0,-36.0,0.0,1,1,SP,sports_leisure,0
d4ffeb15b67e81ff9af2b4252d99fb7e,11,12,11,1400.4,324.40999999999997,116.7,27.034166666666664,4.3,8.583333333333334,-13.166666666666666,0.0,8,4,SP,luggage_accessories,92
d50d79cb34e38265a8649c383dcffd48,70,70,69,13012.42,1932.26,185.8917142857143,27.603714285714286,4.246376811594203,12.628571428571428,-13.285714285714286,0.04285714285714286,19,5,SP,garden_tools,670
d51e0a403fe2e689ece6c73359d96e12,19,26,19,7790.0,673.02,299.61538461538464,25.885384615384616,4.230769230769231,12.48,-15.84,0.07692307692307693,5,1,SP,costruction_tools_garden,337
d52cbce9845184537284a23c3bc3da0e,2,4,2,75.0,63.78,18.75,15.945,5.0,10.0,-21.5,0.0,3,1,SC,stationery,28
d558ebe531605a1285ab2b1bc3256dfb,3,3,3,709.0,73.23,236.33333333333334,24.41,4.666666666666667,9.0,-13.0,0.0,2,1,MG,musical_instruments,85
d566c37fa119d5e66c4e9052e83ee4ea,65,73,65,5145.7,979.22,70.48904109589041,13.413972602739726,4.71830985915493,5.342465753424658,-10.493150684931507,0.0,25,2,SP,sports_leisure,163
d57e18d5f73c7ccb7f7339b61166898d,61,63,60,3187.7,923.49,50.598412698412695,14.65857142857143,4.444444444444445,8.666666666666666,-11.507936507936508,0.0,25,3,SP,fashion_bags_accessories,345
d58d521f3789def2e7a22715e0badd93,2,2,2,65.98,18.22,32.99,9.11,3.5,4.5,-9.0,0.0,1,1,SP,computers_accessories,130
d594982fd877af63ace38ea1fca27c76,7,7,7,217.04,92.66,31.005714285714284,13.237142857142857,4.428571428571429,7.714285714285714,-13.285714285714286,0.0,2,2,SP,cool_stuff,52
d598f929fc44e1e38678e7f47250ec04,1,1,1,69.9,37.4,69.9,37.4,5.0,11.0,-23.0,0.0,1,1,GO,auto,0
d5b9a084373da994a6e37f732169a853,7,7,7,1769.0,176.29000000000002,252.71428571428572,25.184285714285718,3.5714285714285716,17.428571428571427,-6.0,0.14285714285714285,5,1,SP,baby,107
d5ba419e26d246a0719437cf37d9b46d,34,35,34,4061.4,520.11,116.04,14.860285714285714,3.823529411764706,9.352941176470589,-9.058823529411764,0.08571428571428572,9,1,SP,computers_accessories,473
d5c530f4884a75ae0dba9c148718d278,6,9,6,280.88,164.05,31.20888888888889,18.227777777777778,2.6666666666666665,7.625,-14.125,0.1111111111111111,6,2,MG,unknown,74
d624126b9206f595fb3fbb6ba03b28a8,23,28,23,7198.8,569.7,257.1,20.34642857142857,4.333333333333333,9.535714285714286,-16.178571428571427,0.03571428571428571,13,2,PR,auto,458
d63c73efd41eb002280e7ec831424edb,2,2,2,5598.0,168.58999999999997,2799.0,84.29499999999999,4.0,6.0,-20.5,0.0,2,1,SP,health_beauty,190
d63f306de130e0391d38a792541723b8,1,1,1,49.0,7.6,49.0,7.6,5.0,3.0,-4.0,0.0,1,1,SP,auto,0
d650b663c3b5f6fb392b6326366efa9a,60,60,59,19242.9,910.14,320.71500000000003,15.169,4.2,9.31578947368421,-11.631578947368421,0.05,30,2,SP,watches_gifts,253
d65f31d2413268e671989503f6cf9993,2,3,2,488.8,71.15,162.93333333333334,23.71666666666667,1.0,10.6918511755307,-12.0,0.0,3,1,SP,auto,26
d66c11a9572221d92fbb8c4897db5f9b,16,16,16,776.56,387.82,48.535,24.23875,4.5625,7.9375,-11.25,0.0,9,3,RJ,electronics,59
d66c305afaec317ebee552073a674429,41,47,41,4886.46,1199.24,103.96723404255319,25.515744680851064,4.404255319148936,9.454545454545455,-19.59090909090909,0.02127659574468085,25,9,MG,unknown,128
d673a59aac7a70d8b01e6902bf090a11,79,84,79,3908.94,1590.62,46.535000000000004,18.93595238095238,3.9642857142857144,13.321428571428571,-12.107142857142858,0.07142857142857142,16,2,SP,baby,295
d6ab728cf30867cf3f1a2e216ae2f9b7,12,14,12,2002.0,231.82,143.0,16.55857142857143,4.428571428571429,10.857142857142858,-8.785714285714286,0.0,13,2,SP,sports_leisure,162
d6b1ce66b035a475f00c017792ff9769,92,108,92,12277.4,2038.48,113.67962962962963,18.874814814814815,4.165048543689321,9.685185185185185,-12.685185185185185,0.06481481481481481,18,3,SP,construction_tools_lights,162
d6b664fa0667064c6d76394e7848d790,6,6,6,6080.0,324.34,1013.3333333333334,54.056666666666665,4.833333333333333,17.0,-15.333333333333334,0.0,2,1,SP,garden_tools,377
d6cd01c59123df02fc226eadbadb5f89,2,3,2,244.9,31.21,81.63333333333334,10.403333333333334,2.3333333333333335,18.0,-10.0,0.0,2,2,SP,computers_accessories,136
d71d863e5ef30d94e440c11be17dcd8f,29,36,29,11900.9,754.75,330.5805555555555,20.96527777777778,3.242424242424242,19.333333333333332,-9.666666666666666,0.08333333333333333,7,5,SP,construction_tools_safety,215
d73cbd89533ce8b041a9190241453ac8,4,4,4,368.6,65.02,92.15,16.255,3.5,12.0,-13.0,0.0,4,1,MG,fashion_bags_accessories,130
d7485b33791774c36108f8c69602d48d,10,10,10,399.82,219.32,39.982,21.932,3.7,8.2,-12.3,0.1,8,1,PR,sports_leisure,109
d7827b2af99326a03b0ed9c7a24db0d3,1,1,1,1455.0,101.7,1455.0,101.7,5.0,13.0,-13.0,0.0,1,1,SP,garden_tools,0
d79e8478eed9999493990b44955fb22e,5,5,5,721.89,80.72,144.378,16.144,4.0,7.8,-10.0,0.2,3,2,RJ,computers_accessories,52
d7ab82074b5f1dfba46db123df101bff,2,3,2,38.67,45.3,12.89,15.1,4.333333333333333,5.333333333333333,-22.666666666666668,0.0,2,1,SP,unknown,0
d7b2377bae6ace1b11fc69a11900ac36,4,4,4,329.6,51.96,82.4,12.99,3.25,19.333333333333332,-2.3333333333333335,0.25,4,1,SP,fashion_underwear_beach,90
d7d517afce974cd491b8d52bb5b5b1fc,1,1,1,89.99,18.73,89.99,18.73,4.0,13.0,-23.0,0.0,1,1,SP,housewares,0
d7f1cfc638473be93baedbfd02208016,1,1,1,30.0,17.14,30.0,17.14,5.0,12.0,-10.0,0.0,1,1,RJ,flowers,0
d85efbc8eff2b7adf524e2820569adc8,1,1,1,55.0,8.29,55.0,8.29,5.0,2.0,-9.0,0.0,1,1,SP,stationery,0
d8b8f2cf9ff6ba0389072541cb42498c,1,1,1,149.0,20.01,149.0,20.01,5.0,12.0,-17.0,0.0,1,1,GO,health_beauty,0
d8bf0fc082fd4a77fc2e5679b6c00133,1,1,1,139.9,9.14,139.9,9.14,5.0,7.0,-5.0,0.0,1,1,SP,construction_tools_construction,0
d8c7ba53e7e38711eaef8c2849d6d2e1,22,22,22,1190.87,597.47,54.13045454545454,27.157727272727275,4.5,7.636363636363637,-18.545454545454547,0.0,6,3,PR,baby,104
d8cf3b6a2151949f930d0252b180ec42,6,19,6,623.7,406.48,32.82631578947369,21.393684210526317,3.0,6.947368421052632,-16.157894736842106,0.0,4,1,PR,drinks,69
d8d9567d0bfb0bc7eb845a205ba42657,4,4,4,74.6,59.71,18.65,14.9275,3.5,13.0,-3.25,0.25,3,2,SP,books_general_interest,146
d8dd176509baa37f359644d082bf7f7b,2,2,2,198.0,31.9,99.0,15.95,1.5,30.0,10.0,1.0,1,1,SP,cool_stuff,8
d90fe2229fee1a5da999ccd0c06c1667,3,3,3,450.0,66.91,150.0,22.30333333333333,4.666666666666667,9.0,-15.333333333333334,0.0,2,1,SP,auto,17
d91fb3b7d041e83b64a00a3edfb37e4f,535,536,491,40889.74,9290.77,76.28682835820895,17.333526119402986,4.092731829573935,10.862857142857143,-12.708571428571428,0.03731343283582089,315,6,SP,home_appliances,562
d921b68bf747894be13a97ae52b0f386,77,77,77,15645.8,1758.01,203.1922077922078,22.8312987012987,4.558441558441558,9.493506493506494,-16.09090909090909,0.012987012987012988,46,6,MG,watches_gifts,127
d93844a9c55ba7ce353388bcf849ea56,12,14,12,2708.5,521.02,193.46428571428572,37.215714285714284,4.214285714285714,15.785714285714286,-9.5,0.0,12,1,PR,furniture_decor,410
d93919c944be9cff128f6c9cb899eacb,33,33,33,2666.7000000000003,957.31,80.80909090909091,29.009393939393938,4.0,22.575757575757574,-8.06060606060606,0.15151515151515152,6,2,SP,christmas_supplies,236
d93b8458c6fe139d85cfa5eadbf55bd2,1,1,1,19.9,14.1,19.9,14.1,5.0,5.0,-19.0,0.0,1,1,SP,sports_leisure,0
d9442042130b7fe579d1295f9f4a248f,19,22,19,772.16,338.88,35.098181818181814,15.403636363636364,4.2272727272727275,10.863636363636363,-7.863636363636363,0.045454545454545456,8,5,SP,housewares,141
d94a40fd42351c259927028d163af842,101,110,100,13823.8,3397.14,125.67090909090908,30.883090909090907,4.102803738317757,13.238532110091743,-14.18348623853211,0.02727272727272727,17,2,MG,housewares,382
d94ba08b99bedd6a5f6c875ecc4a6fac,9,10,9,599.0,179.27,59.9,17.927,4.8,11.222222222222221,-12.777777777777779,0.0,1,1,PR,housewares,105
d97df38225e5abadaff1e72cb72b823c,29,29,29,1846.0,516.92,63.6551724137931,17.824827586206894,3.925925925925926,11.607142857142858,-9.321428571428571,0.13793103448275862,19,1,SP,auto,278
d98eec89afa3380e14463da2aabaea72,168,183,165,6968.53,3256.7799999999997,38.07939890710382,17.79661202185792,4.293956043956044,8.032786885245901,-18.7103825136612,0.02185792349726776,26,4,RS,baby,586
d9a84e1403de8da0c3aa531d6d108ba6,54,59,54,1425.2,732.14,24.15593220338983,12.409152542372881,4.559322033898305,7.0344827586206895,-9.948275862068966,0.05084745762711865,35,5,SP,toys,186
d9b00a97818674c7f8d8b1ef0e689679,1,1,1,69.9,9.18,69.9,9.18,3.0,2.0,-5.0,0.0,1,1,PR,health_beauty,0
d9bd94811c3338dceb4181f3dbc0c73e,54,61,54,6911.02,771.09,113.29540983606559,12.640819672131148,4.819672131147541,7.262295081967213,-8.524590163934427,0.04918032786885246,20,5,SP,baby,112
d9c349beabc06aa6ff1c6d68b5e9e22e,1,1,1,168.1,37.55,168.1,37.55,5.0,21.0,-11.0,0.0,1,1,SP,construction_tools_construction,0
d9cb0052a666de5308b32f32ad5f1b1c,3,3,3,231.89999999999998,38.59,77.3,12.863333333333335,3.6666666666666665,12.666666666666666,-10.666666666666666,0.0,3,2,SP,health_beauty,116
d9cd369bffa979d1634f8e1318bf2f1b,3,3,3,678.0,66.81,226.0,22.27,5.0,10.666666666666666,-24.666666666666668,0.0,3,1,SP,home_construction,88
d9d43faf741ceaa8da52fdbb81d9e0e3,6,8,6,210.0,211.25,26.25,26.40625,3.5,9.166666666666666,-15.5,0.0,8,1,SP,books_general_interest,123
d9e7e7778b32987280a6f2cb9a39c57d,11,13,11,722.5,263.89,55.57692307692308,20.299230769230768,3.1538461538461537,18.46153846153846,-9.615384615384615,0.15384615384615385,7,1,SP,health_beauty,149
d9e8c084b68fe958861d8f2c21202e6b,9,12,9,3050.0,181.86,254.16666666666666,15.155000000000001,4.166666666666667,10.75,-7.916666666666667,0.0,2,2,SP,agro_industry_and_commerce,288
da03c298e3999e9d828591fc2179d109,4,5,4,787.7,54.78,157.54000000000002,10.956,4.8,8.8,-7.6,0.0,2,1,SP,food,85
da20530872245d6cd9d2f5725613c430,2,3,2,314.96000000000004,79.25999999999999,104.98666666666668,26.419999999999998,4.666666666666667,8.666666666666666,-14.0,0.0,2,1,RS,sports_leisure,8
da2782c804606d2a5d8e1760dbb3e7ec,1,1,1,89.0,14.37,89.0,14.37,1.0,32.0,13.0,1.0,1,1,SP,baby,0
da3fede3469bf49b7293ce3fc45b294d,1,1,1,44.9,12.79,44.9,12.79,5.0,11.0,-8.0,0.0,1,1,SP,books_general_interest,0
da4d149c0ddbac90557103ac0a0ec356,1,1,1,730.0,45.98,730.0,45.98,3.0,10.6918511755307,-12.0,0.0,1,1,SP,home_construction,0
da6a60cc8cc724fe51be021ff8be779c,12,13,12,728.79,255.79,56.060769230769225,19.676153846153845,4.769230769230769,7.230769230769231,-14.076923076923077,0.0,9,2,RJ,books_general_interest,87
da7039f29f90ce5b4846ffc0fcc93beb,17,18,17,1259.1,244.45000000000002,69.94999999999999,13.580555555555556,4.555555555555555,8.38888888888889,-11.777777777777779,0.05555555555555555,7,1,SP,cine_photo,120
da8622b14eb17ae2831f4ac5b9dab84a,1314,1551,1275,160236.57,24955.75,103.31177949709866,16.090103159252095,4.063754045307443,10.698320413436692,-11.239018087855298,0.06382978723404255,222,4,SP,bed_bath_table,569
dace965ca58120f92f8d742a9fa1864b,8,8,8,1442.0,131.77,180.25,16.47125,4.625,7.625,-11.0,0.0,7,1,SP,health_beauty,54
dadc51ef321949ec9a3ab25cd902e23d,1,1,1,85.0,14.34,85.0,14.34,1.0,10.6918511755307,-12.0,0.0,1,1,SP,small_appliances,0
daeb5653dd96c1b11860f72209795012,40,41,40,2305.9,632.16,56.24146341463415,15.418536585365853,4.109756097560975,11.0,-11.384615384615385,0.07317073170731707,27,8,MG,toys,336
daf565f087a52def0fd5c5825b3661bc,9,9,9,813.9000000000001,307.93,90.43333333333334,34.214444444444446,3.625,8.88888888888889,-17.666666666666668,0.0,5,1,SC,bed_bath_table,66
db1f0f7c7e5e87f40b62226f020bb297,3,3,3,59.01,64.72,19.669999999999998,21.573333333333334,4.666666666666667,9.0,-33.0,0.0,3,1,PR,signaling_and_security,35
db2956745b3a8e9f3785c99f34b5d25e,47,48,47,8599.0,975.27,179.14583333333334,20.318125,3.7291666666666665,13.978260869565217,-11.891304347826088,0.08333333333333333,6,1,SP,health_beauty,118
db4350fd57ae30082dec7acbaacc17f9,137,146,135,3331.31,2090.33,22.81719178082192,14.317328767123287,4.124137931034483,10.393103448275863,-15.551724137931034,0.0410958904109589,51,5,SP,telephony,532
db46ca7bce82b11f7e247539271fc390,16,16,16,933.97,215.89,58.373125,13.493125,4.5625,7.6875,-13.4375,0.0,8,1,RJ,pet_shop,105
db6a4d4b5f1f5f98820ce6ce2619e2de,1,1,1,135.99,12.16,135.99,12.16,5.0,3.0,-19.0,0.0,1,1,SP,luggage_accessories,0
db7ed69a53aa9fb1c01930ba54a88bbe,1,1,1,109.0,11.78,109.0,11.78,5.0,3.0,-9.0,0.0,1,1,SP,sports_leisure,0
dbb9b48c841a0e39e21f98e1a6b2ec3e,108,118,108,7186.85,1581.41,60.90550847457627,13.401779661016949,4.203389830508475,9.466101694915254,-11.813559322033898,0.0423728813559322,55,10,SP,housewares,531
dbbcfe2c8d026742134ac3e28ccde274,4,4,4,308.59000000000003,54.379999999999995,77.14750000000001,13.594999999999999,4.0,8.0,-16.0,0.0,4,1,PR,sports_leisure,316
dbc22125167c298ef99da25668e1011f,406,429,404,33776.78,8012.38,78.73375291375291,18.676876456876457,4.2266355140186915,10.93285371702638,-13.904076738609113,0.023310023310023312,101,4,MG,luggage_accessories,501
dbc51f5e45d654ecc16cb68e6817ecea,1,1,1,199.99,18.14,199.99,18.14,4.0,17.0,-7.0,0.0,1,1,SP,health_beauty,0
dbd66278cbfe1aa1000f90a217ca4695,85,99,84,4928.9,1543.87,49.78686868686869,15.594646464646464,4.454545454545454,8.606060606060606,-12.525252525252526,0.04040404040404041,18,5,SP,electronics,270
dbdd0ec73a4817971d962698f2fea022,16,16,16,6384.0,1790.8,399.0,111.925,4.375,12.1875,-17.25,0.0625,3,1,CE,health_beauty,111
dbec9a0a7efeff029d4d9dce7dc4cc95,3,3,3,1170.0,118.59,390.0,39.53,4.0,11.333333333333334,-12.0,0.0,2,1,MG,furniture_decor,59
dc120d932ddf9d4dfb6fd68beefda622,1,1,1,130.0,14.44,130.0,14.44,1.0,14.0,-6.0,0.0,1,1,PR,computers_accessories,0
dc317f341ab0e22f39acbd9dbf9b4a1f,55,58,54,18988.4,3581.73,327.38620689655176,61.75396551724138,4.120689655172414,11.758620689655173,-15.189655172413794,0.05172413793103448,7,3,RS,cool_stuff,531
dc4a0fc896dc34b0d5bfec8438291c80,231,249,230,24180.77,4614.32,97.11152610441768,18.53140562248996,3.7771084337349397,13.293388429752065,-11.491735537190083,0.0642570281124498,167,4,SP,bed_bath_table,561
dc50afafdfa325eadc890c7fa42a8f4e,4,4,4,424.2,57.28,106.05,14.32,4.75,6.0,-11.75,0.0,3,2,PR,home_appliances,46
dc64d75cc406bb0697be983831430e60,4,4,4,813.0,92.55000000000001,203.25,23.137500000000003,4.75,10.0,-13.5,0.0,2,1,MG,computers_accessories,85
dc7192adf8ba09569261f4a8d576afe0,7,8,7,917.0,161.43,114.625,20.17875,3.625,5.625,-16.875,0.0,5,3,SP,small_appliances_home_oven_and_coffee,30
dc8798cbf453b7e0f98745e396cc5616,41,51,41,2056.3,624.4,40.319607843137256,12.24313725490196,3.1470588235294117,13.069767441860465,-9.395348837209303,0.058823529411764705,37,3,SP,fashion_male_clothing,411
dcb7367a92f5ffb89f1e2152ed260285,1,1,1,79.9,18.44,79.9,18.44,5.0,10.0,-14.0,0.0,1,1,SP,signaling_and_security,0
dcf3755cefcdc158ad0b7bdde51e871b,3,3,3,269.70000000000005,89.33,89.90000000000002,29.776666666666667,4.0,13.0,-14.333333333333334,0.0,3,2,RS,furniture_decor,145
dd264199fc8b687ad029de7de6d760e6,1,1,1,87.9,20.7,87.9,20.7,5.0,18.0,-11.0,0.0,1,1,PR,auto,0
dd2bdf855a9172734fbc3744021ae9b9,108,113,107,10816.7,2037.18,95.72300884955753,18.028141592920356,3.794392523364486,14.745454545454546,-22.78181818181818,0.05309734513274336,43,8,MG,bed_bath_table,454
dd39ad39b5d3df33037e141c72497ba6,2,2,2,135.8,29.049999999999997,67.9,14.524999999999999,5.0,8.0,-19.0,0.0,2,2,SP,fashio_female_clothing,38
dd4d95ba2d15c071e6c695e2ef6ce169,4,4,4,1748.0,214.41,437.0,53.6025,4.25,14.25,-4.0,0.5,2,1,ES,stationery,34
dd533b429f380718b70ad9922c294bae,41,45,41,2819.77,1151.21,62.66155555555555,25.582444444444445,3.7333333333333334,16.325581395348838,-9.30232558139535,0.08888888888888889,15,2,SP,toys,340
dd5450b022b2d00a2145a66331e1aef6,1,1,1,59.0,22.34,59.0,22.34,5.0,7.0,-32.0,0.0,1,1,SC,housewares,0
dd55f1bb788714a40e7954c3be6df745,35,37,35,7041.759999999999,659.42,190.31783783783783,17.82216216216216,3.810810810810811,18.2972972972973,-9.486486486486486,0.16216216216216217,10,7,SP,cool_stuff,248
dd58ee93286b0821565574c570e9e1dc,2,2,2,2948.0,75.31,1474.0,37.655,5.0,11.5,-14.0,0.0,2,1,PR,health_beauty,95
dd7ddc04e1b6c2c614352b383efe2d36,122,143,122,9178.51,2893.4900000000002,64.18538461538462,20.234195804195807,3.76056338028169,14.352112676056338,-8.077464788732394,0.11188811188811189,41,2,SP,pet_shop,455
dd88d13bea9e4c2bf47daf224f8141e5,1,1,1,458.0,29.38,458.0,29.38,5.0,5.0,-7.0,0.0,1,1,RS,furniture_decor,0
dd8a29ce82d5c705ba932d81494600a5,2,2,2,205.75,27.5,102.875,13.75,3.5,8.5,-10.0,0.0,2,1,SP,market_place,98
dd9661d3cda1e6feb237f0c4d8b26f2e,1,1,1,174.0,16.98,174.0,16.98,5.0,18.0,-11.0,0.0,1,1,SC,housewares,0
dda37071807e404c5bb2a1590c66326f,1,1,1,199.99,19.28,199.99,19.28,5.0,16.0,-4.0,0.0,1,1,SP,luggage_accessories,0
ddd51ae8cda92f3995a51fc0f0f3eec7,8,25,8,842.6999999999999,276.92,33.708,11.0768,4.6,6.44,-14.8,0.0,6,1,RJ,housewares,353
dde698c6d0bd24834c586e5111c2bba7,1,1,1,155.9,19.19,155.9,19.19,5.0,7.0,-15.0,0.0,1,1,RJ,fashion_bags_accessories,0
de09d00cfc265b8804c7df34075a68fa,3,3,3,784.0,43.97,261.3333333333333,14.656666666666666,3.3333333333333335,5.666666666666667,-16.666666666666668,0.0,3,1,SP,fashion_bags_accessories,204
de0c78824586e9a5f5f04fd84e25df39,14,16,14,2489.3,208.53,155.58125,13.033125,4.4375,6.0,-20.125,0.0,4,1,SP,pet_shop,117
de23c3b98a88888289c6f5cc1209054a,164,181,160,26399.670000000002,2682.14,145.85453038674035,14.818453038674033,4.281767955801105,10.314606741573034,-10.612359550561798,0.06629834254143646,93,6,SP,toys,468
de66a66f2dd06bb9ec37aa96987466a3,7,8,7,353.32,115.66,44.165,14.4575,4.25,14.125,-26.375,0.0,2,2,RJ,furniture_decor,117
de722cd6dad950a92b7d4f82673f8833,339,379,338,55426.1,9686.65,146.2430079155673,25.55844327176781,4.159151193633952,12.36339522546419,-16.116710875331567,0.0316622691292876,7,2,PE,computers_accessories,225
de9727ca376d1be6ec121b110aa7954c,10,12,10,1058.7,211.39,88.22500000000001,17.61583333333333,3.75,10.909090909090908,-19.09090909090909,0.08333333333333333,4,1,PR,computers_accessories,94
deaadd805612bf94faaa9fa702516e11,1,1,1,50.0,15.11,50.0,15.11,1.0,10.6918511755307,-12.0,0.0,1,1,SP,sports_leisure,0
debe6615cd90cc0c2eac2b8988e1f628,5,5,5,278.5,95.53,55.7,19.106,4.6,11.2,-14.0,0.0,3,2,SP,electronics,50
dedcab67899479e4ea5dcc4eba47f587,2,2,2,84.0,21.64,42.0,10.82,4.5,5.0,-5.0,0.0,1,1,SC,auto,67
dee656f0f566ed1aa85bd137c943f08f,93,95,92,6271.9800000000005,1696.69,66.02084210526316,17.859894736842104,4.382978723404255,12.01063829787234,-14.117021276595745,0.042105263157894736,32,12,SP,sports_leisure,315
df0f42bc4c2142eacf0eaf2cffd0cfbb,14,16,14,1654.0,292.45,103.375,18.278125,4.0625,13.875,-9.5625,0.0,2,1,SC,health_beauty,237
df47da4ae86fa4db890d05aaf24e21d8,5,5,4,310.5,77.18,62.1,15.436000000000002,4.2,6.6,-18.2,0.0,2,2,SP,housewares,30
df560393f3a51e74553ab94004ba5c87,28,29,28,3661.1800000000003,606.15,126.24758620689656,20.901724137931033,3.7241379310344827,17.51851851851852,-13.62962962962963,0.06896551724137931,10,2,PR,garden_tools,522
df56d7b40d437f88407c5f78b63bc328,22,25,22,2791.28,460.21999999999997,111.6512,18.4088,3.88,11.72,-12.04,0.04,8,1,PR,sports_leisure,160
df683dfda87bf71ac3fc63063fba369d,1,1,1,39.9,16.05,39.9,16.05,1.0,189.0,167.0,1.0,1,1,RS,furniture_decor,0
df91910b6a03bb2e3358fa6a35e32f6f,14,14,14,2312.1,395.02,165.15,28.215714285714284,4.357142857142857,8.846153846153847,-13.307692307692308,0.0,4,1,SP,housewares,51
dfa0c4c6229ab200a4a1336b4d7128ff,77,86,77,4777.1,1767.11,55.54767441860466,20.54779069767442,4.011627906976744,9.186046511627907,-15.511627906976743,0.011627906976744186,35,11,SC,housewares,112
dfc475d54e1b6dbeeb7d7d9bdaa63827,19,21,19,1793.76,434.31,85.41714285714286,20.681428571428572,4.380952380952381,12.5,-15.4,0.0,5,2,PR,housewares,183
dfc5fb7259bb2b599ca565e6e9448f0f,33,34,33,6124.63,721.35,180.13617647058823,21.216176470588238,4.117647058823529,13.970588235294118,-12.205882352941176,0.058823529411764705,11,2,SP,garden_tools,375
dff87e4de60c9736ce8df835951b09bc,2,2,2,998.0,45.43,499.0,22.715,2.5,10.6918511755307,-12.0,0.0,2,1,SP,garden_tools,2
e00d85ce20ea50c1224c66ca5050527d,1,1,1,149.0,8.3,149.0,8.3,4.0,2.0,-11.0,0.0,1,1,SP,audio,0
e0482f2c769468c3bbcd8a01e09d98c5,1,1,1,189.0,45.4,189.0,45.4,4.0,5.0,-14.0,0.0,1,1,SP,construction_tools_safety,0
e0487761face83d64fcada2408959a36,2,2,2,49.25,14.870000000000001,24.625,7.4350000000000005,4.5,3.0,-3.5,0.0,2,2,SP,food,3
e067ad2c1c0b48758eb1b5228bcf7a68,54,61,54,5042.55,1005.36,82.66475409836066,16.481311475409836,4.131147540983607,14.0,-10.60655737704918,0.06557377049180328,36,1,SP,pet_shop,558
e06f09ec0a4aca210779cf1cfc63cf19,29,31,29,5279.49,621.92,170.30612903225807,20.061935483870965,4.016129032258065,14.548387096774194,-17.193548387096776,0.06451612903225806,25,11,SP,housewares,175
e0878efa0e0b7e5313ac0b43bc04c081,27,29,27,5065.299999999999,529.61,174.6655172413793,18.26241379310345,3.4482758620689653,17.714285714285715,-11.25,0.13793103448275862,4,2,PR,toys,120
e09887ca8c7bf8a4621ce481820414ef,3,4,3,119.96000000000001,58.699999999999996,29.990000000000002,14.674999999999999,3.0,41.666666666666664,24.333333333333332,0.25,4,1,SP,furniture_decor,77
e0a366315b1b726b6c7832d664c0f530,43,51,42,7400.09,745.08,145.09980392156862,14.609411764705882,4.333333333333333,6.9411764705882355,-11.686274509803921,0.0196078431372549,21,4,SP,construction_tools_construction,432
e0a3c37054ade6478d923a6efc10f308,2,2,2,219.8,35.18,109.9,17.59,5.0,7.0,-16.0,0.0,2,1,SC,baby,14
e0b162a693bc7f9eab00f783a31d60ea,1,1,1,20.0,29.69,20.0,29.69,5.0,11.0,-13.0,0.0,1,1,RS,health_beauty,0
e0eabded302882513ced4ea3eb0c7059,8,8,8,978.4000000000001,138.79,122.30000000000001,17.34875,4.625,10.875,-17.125,0.0,3,2,SP,consoles_games,62
e116c7455dd26a4d8c3e92532583905f,1,2,1,36.76,14.78,18.38,7.39,4.0,10.6918511755307,-12.0,0.0,1,1,SP,sports_leisure,0
e1643dff33666ca629e3644c02738179,3,3,3,170.0,29.31,56.666666666666664,9.77,4.333333333333333,4.0,-12.333333333333334,0.0,2,2,SP,unknown,17
e174dc2de86d60fee178170a154c05e7,1,1,1,19.8,14.1,19.8,14.1,1.0,10.6918511755307,-12.0,0.0,1,1,SP,auto,0
e1a210d482714ce337763a19aef94ba4,1,1,1,49.9,26.61,49.9,26.61,1.0,10.6918511755307,-12.0,0.0,1,1,PR,sports_leisure,0
e1b12447a7563944843191754aeb5562,9,10,9,472.46000000000004,126.67,47.246,12.667,4.5,15.5,-7.0,0.3,6,4,SP,sports_leisure,114
e1bed63d68ac36fe1f3061befe196af5,1,1,1,199.0,18.0,199.0,18.0,5.0,8.0,-26.0,0.0,1,1,SP,cool_stuff,0
e1c76f339ebd5460999f25a2aa8c92c5,1,1,1,899.9,28.8,899.9,28.8,5.0,29.0,-15.0,0.0,1,1,SP,small_appliances,0
e1dc0754bada9ee4cfe9713f22f61292,12,12,12,885.0,264.78,73.75,22.064999999999998,3.8333333333333335,7.833333333333333,-13.083333333333334,0.0,4,4,RJ,baby,67
e21a1e8be4715b0fcfd5385643bc49c4,21,24,20,703.5999999999999,472.28999999999996,29.316666666666663,19.678749999999997,3.6666666666666665,16.130434782608695,-11.173913043478262,0.0,14,4,SC,auto,303
e24d3429d294b2eb200b064ebb035879,19,22,19,1878.58,372.12,85.39,16.914545454545454,4.136363636363637,7.318181818181818,-10.772727272727273,0.045454545454545456,14,1,SP,health_beauty,61
e24fc9fcd865784fb25705606fe3dfe7,52,56,52,12936.0,1030.71,231.0,18.405535714285715,4.196428571428571,12.181818181818182,-13.418181818181818,0.07142857142857142,22,3,SP,health_beauty,534
e250d617a0ad591ba9bd663e584a895d,8,20,8,904.12,300.79,45.206,15.0395,2.8,7.8,-14.45,0.0,9,1,SP,furniture_decor,175
e256a62e0ac58c0edfba09966142d561,12,14,11,1474.1100000000001,335.44,105.29357142857144,23.96,4.5,8.0,-16.642857142857142,0.0,5,2,PR,housewares,105
e26901d5ab434ce92fd9b5c256820a4e,202,221,201,11990.9,2947.98,54.25746606334842,13.339276018099548,4.0588235294117645,8.78139534883721,-13.53953488372093,0.013574660633484163,16,7,SP,garden_tools,225
e2a1ac9bf33e5549a2a4f834e70df2f8,5,5,5,14999.449999999999,201.11,2999.89,40.222,4.8,11.8,-9.8,0.0,1,1,SP,computers_accessories,119
e2aee0892199b1d92530e371abd825bf,38,41,38,5662.57,2654.72,138.11146341463413,64.74926829268293,3.8048780487804876,14.564102564102564,-13.35897435897436,0.12195121951219512,13,4,PR,sports_leisure,565
e2c92f9c1c7746d899d18f2e158bbff7,14,14,13,1894.7,391.91,135.3357142857143,27.993571428571432,4.071428571428571,8.666666666666666,-10.083333333333334,0.0,8,1,SP,auto,110
e333046ce6517bd8bb510291d44f0130,68,74,68,7268.0,1431.32,98.21621621621621,19.34216216216216,4.391891891891892,9.554054054054054,-13.58108108108108,0.04054054054054054,47,6,SP,housewares,407
e38db885400cd35c71dfd162f2c1dbcf,30,32,30,2066.8,670.75,64.5875,20.9609375,4.5,12.21875,-12.5625,0.09375,17,1,DF,bed_bath_table,359
e3a386fc36e22064434e1fa256f6a9fa,16,17,16,793.9,253.25,46.699999999999996,14.897058823529411,4.235294117647059,10.117647058823529,-10.882352941176471,0.11764705882352941,10,1,SP,health_beauty,204
e3b4998c7a498169dc7bce44e6bb6277,3,3,3,6897.9,216.79,2299.2999999999997,72.26333333333334,2.6666666666666665,18.0,-6.0,0.0,3,3,SP,cool_stuff,27
e3d3b3efac954a60d61be70b7e05b49b,3,3,3,1282.05,123.78,427.34999999999997,41.26,4.333333333333333,10.666666666666666,-17.666666666666668,0.0,3,1,SP,home_construction,18
e3dd723429d1b23614b7fa85e2c7a853,7,8,7,471.05,126.57,58.88125,15.82125,3.375,13.0,-7.25,0.125,4,2,SP,health_beauty,75
e3e15e2c0b9700561efac21c6be48066,3,4,3,97.24,42.5,24.31,10.625,2.5,10.6918511755307,-12.0,0.0,3,1,SP,housewares,159
e3e290b38963293022cdcd6db8328103,3,3,3,135.7,46.34,45.23333333333333,15.446666666666667,3.3333333333333335,9.0,-11.0,0.0,2,2,SP,sports_leisure,8
e4253cef933647000a82ff39c67b7bde,2,2,2,68.0,40.73,34.0,20.365,2.0,10.6918511755307,-12.0,0.0,2,1,SP,fashion_bags_accessories,12
e433f5fd4050e3352b5d83522b7fe24b,1,1,1,548.06,48.71,548.06,48.71,4.0,7.0,-7.0,0.0,1,1,PR,home_construction,0
e439f7176d763f92de325271111b2fd5,7,7,7,1348.4,235.62,192.62857142857143,33.660000000000004,5.0,9.333333333333334,-9.166666666666666,0.0,4,1,SC,electronics,91
e45edf75f568ed2f93f78d060e246e25,6,7,6,164.29999999999998,113.92,23.471428571428568,16.274285714285714,4.142857142857143,11.285714285714286,-8.857142857142858,0.0,6,1,RJ,housewares,48
e46bc031f2c5bae4ccb40bb90712e9b4,1,1,1,277.3,50.09,277.3,50.09,1.0,10.6918511755307,-12.0,0.0,1,1,SP,auto,0
e48b04bf1aa1ef711caebeb7aede6180,25,25,25,3187.1000000000004,645.63,127.48400000000001,25.8252,4.48,10.12,-15.64,0.0,5,3,PR,toys,550
e48cc16ab70bfa09e1401740dce0b3d7,14,17,14,1084.83,326.3,63.813529411764705,19.194117647058825,3.235294117647059,14.176470588235293,-10.235294117647058,0.0,9,1,SP,computers_accessories,383
e49c26c3edfa46d227d5121a6b6e4d37,35,36,35,3654.25,1175.46,101.50694444444444,32.65166666666667,4.416666666666667,11.114285714285714,-19.542857142857144,0.0,31,7,PE,consoles_games,535
e4ebd3f87bf70440014f07ddda7fbe03,7,7,7,671.5,115.75999999999999,95.92857142857143,16.537142857142857,4.571428571428571,17.571428571428573,-8.285714285714286,0.0,4,3,SP,health_beauty,87
e4f121bf6ef8b9a1d4d3e65dd0473fab,2,2,2,70.0,36.46,35.0,18.23,3.0,21.0,-2.5,0.5,2,2,SP,party_supplies,35
e4fc40017a6d22c46a14ac2e17f87c3e,3,3,3,387.0,275.05,129.0,91.68333333333334,2.3333333333333335,10.0,-13.0,0.0,2,2,PR,furniture_bedroom,63
e503f22be6a4f456d9851920a5d9c670,2,2,2,198.9,32.44,99.45,16.22,4.0,5.5,-12.5,0.0,2,1,SP,drinks,15
e504a4e2efaa45cbff7e268a2c58c956,11,12,11,1188.8000000000002,275.26,99.06666666666668,22.938333333333333,3.6666666666666665,12.181818181818182,-7.2727272727272725,0.25,6,1,SP,housewares,92
e51f22821f0c12a16ad5c020cdcd55e9,4,4,4,898.71,98.13,224.6775,24.5325,4.75,9.75,-16.25,0.0,4,1,SP,computers_accessories,70
e53d5b9b29d1218281f4a907ada18626,4,5,4,350.67,133.25,70.134,26.65,4.8,6.6,-16.8,0.0,4,1,PR,toys,30
e546117ed9cafbc40239c0c78635c584,2,2,2,456.0,28.34,228.0,14.17,4.5,6.0,-10.0,0.0,1,1,SP,perfumery,122
e5475dcab1e07b63d7f6e902d8f5eda8,19,19,19,2192.0,251.22,115.36842105263158,13.222105263157895,4.105263157894737,9.157894736842104,-10.421052631578947,0.05263157894736842,10,2,SP,sports_leisure,330
e5545d4d4473876ea78c5bcebca365c3,1,1,1,44.5,12.97,44.5,12.97,5.0,5.0,-16.0,0.0,1,1,SP,toys,0
e560e4022d8f7aebf155db95946c5c0f,2,2,2,780.0,90.21000000000001,390.0,45.105000000000004,5.0,9.5,-11.5,0.0,1,1,MG,cool_stuff,29
e5899683388855d3dabe8913bbe365de,3,3,3,452.88,80.98,150.96,26.993333333333336,4.0,7.333333333333333,-20.0,0.0,3,1,SP,furniture_decor,51
e58a5b390e28abc0b216cfb0e07d27d7,7,7,7,1022.6,144.63,146.0857142857143,20.66142857142857,4.857142857142857,7.0,-19.571428571428573,0.0,3,2,RJ,sports_leisure,105
e595809a6c31ec4314fd06ef198c244d,1,1,1,39.0,18.23,39.0,18.23,5.0,15.0,-13.0,0.0,1,1,SC,telephony,0
e59aa562b9f8076dd550fcddf0e73491,70,84,70,31574.3,2229.67,375.8845238095238,26.543690476190477,4.25,13.304878048780488,-12.365853658536585,0.07142857142857142,9,1,PR,agro_industry_and_commerce,348
e59e489e2ea74bd409b798b5daf49de3,3,5,3,495.0,86.76,99.0,17.352,2.2,14.0,-9.4,0.0,3,1,PR,furniture_decor,237
e59e575a175fadcadf8479e191770425,1,1,1,199.9,50.98,199.9,50.98,5.0,5.0,-20.0,0.0,1,1,RJ,air_conditioning,0
e5a3438891c0bfdb9394643f95273d8e,224,255,217,7738.349999999999,3374.27,30.34647058823529,13.23243137254902,3.8293650793650795,14.902834008097166,-6.708502024291498,0.15294117647058825,185,2,SP,fashion_bags_accessories,330
e5a38146df062edaf55c38afa99e42dc,121,125,121,15360.07,1894.52,122.88056,15.15616,3.943548387096774,11.766129032258064,-10.60483870967742,0.072,27,9,SP,housewares,682
e5bd51692380fd8cabb19b756b95e714,3,3,3,119.69999999999999,33.34,39.9,11.113333333333335,2.3333333333333335,33.0,5.5,0.6666666666666666,2,1,SP,unknown,135
e5c84227854980f1db19a58958c551d9,4,4,4,72.81,68.83,18.2025,17.2075,4.75,9.75,-10.25,0.0,4,2,PR,housewares,19
e5cbe890e679490127e9a390b46bbd20,2,2,2,908.99,28.72,454.495,14.36,4.5,5.0,-14.5,0.0,2,1,SP,health_beauty,68
e5d4b2b0c3bca22085f7a19a28de0c42,4,4,4,205.8,63.76,51.45,15.94,4.5,12.25,-11.5,0.0,4,3,SC,housewares,91
e5def42655b7490edac5a56fe8e9e603,1,1,1,129.9,11.52,129.9,11.52,5.0,5.0,-14.0,0.0,1,1,SP,watches_gifts,0
e5e33c0d8e7e002f398f5dc4cbbb338f,28,29,28,6698.7,778.63,230.9896551724138,26.849310344827586,4.344827586206897,11.407407407407407,-14.777777777777779,0.06896551724137931,21,2,SP,auto,522
e5f9e61ceb5f523cc966e0f34095032f,4,4,4,2238.0,115.44,559.5,28.86,4.0,20.0,-6.5,0.25,2,2,SC,computers_accessories,232
e601b04acf48b4576e73ddca9481f0dc,15,16,15,491.94,211.0,30.74625,13.1875,3.875,6.625,-16.375,0.0,11,7,SP,garden_tools,136
e603cf3fec55f8697c9059638d6c8eb5,8,11,8,297.0,185.47,27.0,16.86090909090909,4.454545454545454,6.1,-24.2,0.0,1,1,RS,unknown,129
e627629ba868740e287800f1a9be81c2,13,13,13,504.5,139.05,38.80769230769231,10.696153846153846,4.461538461538462,6.545454545454546,-11.454545454545455,0.0,13,3,SP,food_drink,159
e628d4a53c109f09ca88098338b3a3f5,1,1,1,285.0,58.9,285.0,58.9,1.0,10.6918511755307,-12.0,0.0,1,1,MG,garden_tools,0
e62b2d6ac10570a035a30bafcf01d263,62,71,61,5340.39,1035.08,75.21676056338029,14.578591549295774,3.8333333333333335,14.267605633802816,-9.183098591549296,0.14084507042253522,24,12,SP,tablets_printing_image,337
e63e8bfa530fb16910dd6956e592bb81,42,43,42,1311.7,667.47,30.504651162790697,15.522558139534885,4.255813953488372,8.880952380952381,-13.69047619047619,0.046511627906976744,12,2,SP,housewares,386
e644cbadf7eeb30d0d29f335ce7d52ec,8,10,8,878.9,184.69,87.89,18.469,3.7,6.555555555555555,-10.0,0.0,4,3,SP,sports_leisure,49
e64882b4ef12aee8d0faca4db5b681f4,1,2,1,230.0,43.22,115.0,21.61,4.0,25.0,-2.0,0.0,1,1,GO,construction_tools_safety,0
e64d65bc8dbec2accda90c58de5d1246,12,12,12,1678.8000000000002,221.16,139.9,18.43,3.0833333333333335,13.0,-7.333333333333333,0.25,2,1,SP,health_beauty,115
e64ddbe1cbcf4f2fc3092b7c481f3f9d,1,1,1,20.9,7.39,20.9,7.39,5.0,5.0,-7.0,0.0,1,1,SP,health_beauty,0
e6a69c4a27dfdd98ffe5aa757ad744bc,24,29,24,2076.2,442.74,71.59310344827585,15.266896551724138,3.6206896551724137,9.782608695652174,-16.043478260869566,0.0,13,4,SP,housewares,494
e6ffc9ac6a7adc9d16a1cfc2286dd546,1,1,1,34.99,8.29,34.99,8.29,1.0,10.6918511755307,-12.0,0.0,1,1,SP,bed_bath_table,0
e70053bf73d1b5863932e53a9fa47496,7,7,7,4025.0,133.58,575.0,19.082857142857144,4.285714285714286,13.0,-9.857142857142858,0.0,7,2,SP,telephony,171
e72b4feb7abe210c52aa667abc25a3a2,1,2,1,38.2,17.44,19.1,8.72,5.0,4.0,-13.0,0.0,1,1,SP,bed_bath_table,0
e732329483fd5f27367dd997b47f598a,1,1,1,109.9,34.57,109.9,34.57,5.0,12.0,-14.0,0.0,1,1,SC,fashion_bags_accessories,0
e73bf2cea7fe4b0b4d287a7568ed1099,4,5,4,737.6999999999999,100.13000000000001,147.54,20.026000000000003,5.0,4.4,-26.0,0.0,4,2,SC,construction_tools_construction,27
e76ecc7e9a1a1e3c6df9d2a8261c423d,1,1,1,20.0,14.1,20.0,14.1,5.0,12.0,-11.0,0.0,1,1,MG,books_general_interest,0
e7d5b006eb624f13074497221eb37807,28,63,27,3478.93,741.49,55.22111111111111,11.76968253968254,3.111111111111111,10.53968253968254,-8.206349206349206,0.031746031746031744,8,2,SP,telephony,341
e7df4cd29ab5abab70fb0783ddb53987,23,24,23,9608.699999999999,413.37,400.36249999999995,17.22375,4.291666666666667,9.791666666666666,-11.25,0.08333333333333333,21,3,SP,fashion_sport,549
e7f3bf1ecd8526eb7f3b18059e6716e5,18,19,18,1471.54,276.15,77.44947368421053,14.534210526315789,4.368421052631579,8.277777777777779,-15.38888888888889,0.0,10,4,SP,toys,209
e819bcfade7b5d88a27325eb6cfd62c5,5,11,5,202.89999999999998,135.35,18.44545454545454,12.304545454545455,3.5454545454545454,8.545454545454545,-7.181818181818182,0.09090909090909091,4,3,SP,furniture_decor,31
e81e1f9c3e762e620f3fb60a51499e16,17,18,17,4465.99,513.5,248.11055555555555,28.52777777777778,3.823529411764706,30.444444444444443,-13.666666666666666,0.1111111111111111,7,3,SC,sports_leisure,358
e82de6494d91d3c4c54450f59b227a94,3,3,3,118.9,38.8,39.63333333333333,12.933333333333332,5.0,18.0,-2.6666666666666665,0.3333333333333333,2,2,SP,watches_gifts,144
e83c76265fc54bf41eac728805e4da77,8,8,8,237.29999999999998,99.19,29.662499999999998,12.39875,3.625,32.125,10.25,0.125,3,1,SP,auto,86
e83e93b71371817b11d78a63ff156aee,2,3,2,286.0,87.38000000000001,95.33333333333333,29.12666666666667,4.666666666666667,17.666666666666668,-8.333333333333334,0.0,2,1,SP,furniture_decor,60
e84ad2127668df3aafc6b73531a0beb8,19,23,19,987.0,286.73,42.91304347826087,12.466521739130435,4.391304347826087,9.217391304347826,-7.565217391304348,0.043478260869565216,5,2,SP,cool_stuff,239
e88165a185134e13fdfc85d4fa654db8,2,2,2,108.0,41.22,54.0,20.61,3.0,8.5,0.0,0.5,2,1,SP,sports_leisure,32
e882b2a25a10b9c057cc49695f222c19,57,58,56,51057.54,2856.22,880.3024137931035,49.2451724137931,4.586206896551724,9.017241379310345,-18.948275862068964,0.0,19,8,RJ,home_appliances_2,225
e883aa812c37a7413226856f4579fe91,26,29,26,4097.1,457.36,141.2793103448276,15.77103448275862,3.896551724137931,9.551724137931034,-12.96551724137931,0.034482758620689655,6,5,SP,small_appliances,193
e88c9b79e592e370d6bd852eeefbf057,8,9,8,251.87,142.10999999999999,27.985555555555557,15.79,4.777777777777778,8.11111111111111,-17.666666666666668,0.0,7,2,PR,toys,52
e88f7a2995ba184710d339c5c4bf2e30,2,2,2,251.6,35.91,125.8,17.955,5.0,10.5,-13.0,0.0,1,1,SP,pet_shop,48
e89c4adbe7b1d0819dbb636e16461cf1,24,25,24,3181.3,454.85,127.25200000000001,18.194000000000003,3.88,14.32,-10.56,0.12,8,1,SP,sports_leisure,219
e8a85b5f3df47be0984c55fd4064dbb4,8,14,8,743.0,222.99,53.07142857142857,15.927857142857144,4.714285714285714,10.214285714285714,-5.571428571428571,0.14285714285714285,6,4,DF,housewares,191
e8b3a3a38279a82f0e5d006d5e5b7d2c,87,92,87,13154.7,1761.69,142.9858695652174,19.148804347826086,3.7282608695652173,16.48235294117647,-18.788235294117648,0.03260869565217391,52,6,PR,consoles_games,146
e8b4225284fbb02d16f200513f1f395d,31,31,31,5788.52,1297.6100000000001,186.72645161290325,41.858387096774194,4.193548387096774,9.666666666666666,-13.8,0.0967741935483871,18,1,SP,baby,135
e8dba4d70f7f2b20e775d09cae01142d,9,9,9,855.91,176.48,95.10111111111111,19.608888888888888,4.333333333333333,8.333333333333334,-10.666666666666666,0.1111111111111111,6,2,SP,sports_leisure,83
e8f6dc8e6a1dcde89d20e3995c8d90b3,36,48,36,2256.34,2051.68,47.007083333333334,42.74333333333333,3.3541666666666665,12.318181818181818,-20.386363636363637,0.0625,29,9,SP,furniture_decor,421
e8ff5a6ceb895583033fc2a0f314e3c2,1,1,1,139.89,19.08,139.89,19.08,5.0,3.0,-13.0,0.0,1,1,SC,diapers_and_hygiene,0
e908c0f3646e8b60375734a350d95d71,1,1,1,2951.0,58.53,2951.0,58.53,4.0,27.0,-9.0,0.0,1,1,SP,computers_accessories,0
e94b64dc6979b302a5a5be1662c83bb6,2,2,2,306.89,31.740000000000002,153.445,15.870000000000001,5.0,8.5,-16.0,0.0,2,1,SP,construction_tools_lights,2
e9511df20ccd82658a30c37b7fb343af,22,30,22,2096.6,726.5,69.88666666666667,24.216666666666665,4.466666666666667,9.133333333333333,-13.633333333333333,0.0,9,2,SP,construction_tools_construction,257
e96498ed8daaa3e9c23f7a62da76591c,34,34,34,9619.09,713.1,282.9144117647059,20.973529411764705,3.9411764705882355,14.735294117647058,-10.235294117647058,0.14705882352941177,23,1,SP,auto,282
e9729944ba65dc3ce425e0c5a22ae7b2,4,4,4,916.7,61.73,229.175,15.4325,3.75,9.75,-23.75,0.25,3,1,RJ,garden_tools,37
e9779976487b77c6d4ac45f75ec7afe9,657,750,644,43162.95,10139.71,57.550599999999996,13.519613333333332,4.166219839142091,9.387533875338754,-9.811653116531165,0.06133333333333333,133,8,SP,sports_leisure,544
e9874ae10b2d60d43917b6bbfa13a599,1,1,1,199.0,23.1,199.0,23.1,5.0,6.0,-20.0,0.0,1,1,PR,bed_bath_table,0
e99e927c81e3f51739c94fcdfca9f10f,22,25,22,2702.83,657.64,108.11319999999999,26.3056,3.56,13.583333333333334,-9.916666666666666,0.04,6,3,MG,garden_tools,420
e9b6c33b71b67737693b4cfa68341c8d,1,1,1,119.9,21.49,119.9,21.49,4.0,11.0,-1.0,0.0,1,1,SP,housewares,0
e9bc59e7b60fc3063eb2290deda4cced,216,269,213,34343.06,4688.5,127.66936802973977,17.429368029739777,3.9442379182156135,14.103846153846154,-14.007692307692308,0.09293680297397769,42,2,PR,computers_accessories,527
e9c2dc0dd4ac38448289be644ac94f42,3,3,3,118.39,56.22,39.46333333333333,18.74,5.0,5.0,-11.333333333333334,0.0,3,2,SC,toys,48
e9c6969d40e6a3d2d0f90013165c2b98,10,10,10,5239.98,242.0,523.9979999999999,24.2,4.4,8.7,-18.3,0.0,8,1,SP,pet_shop,209
e9d99831abad74458942f21e16f33f92,130,149,130,4922.4800000000005,1993.58,33.036778523489936,13.37973154362416,3.9054054054054053,12.114093959731544,-9.718120805369127,0.09395973154362416,35,4,SP,computers_accessories,579
e9e446d01bd10a97a8ffcfc4a3a20cb2,4,4,4,60.05,29.56,15.0125,7.39,3.5,5.0,-8.333333333333334,0.0,4,1,SP,perfumery,33
ea00f977a203ff88adf7057cb7806998,19,19,19,389.71999999999997,183.68,20.51157894736842,9.667368421052632,4.105263157894737,4.888888888888889,-6.277777777777778,0.05263157894736842,5,1,SP,auto,49
ea1776927851da2532aa70d6a32c095a,3,3,3,318.8,53.519999999999996,106.26666666666667,17.84,2.6666666666666665,8.5,-9.0,0.0,3,2,SP,portateis_cozinha_e_preparadores_de_alimentos,19
ea3ebea5317b0efbc663ecc8ce5e9bc2,3,3,3,299.70000000000005,57.65,99.90000000000002,19.216666666666665,4.0,8.666666666666666,-16.333333333333332,0.0,3,1,SC,auto,17
ea4e9ce63a2134743b4a92777437fcdd,3,4,3,316.6,65.7,79.15,16.425,4.75,8.75,-28.25,0.0,3,1,SC,air_conditioning,127
ea566164622c6b439516ab18062c42cd,50,52,50,10309.42,858.56,198.2580769230769,16.51076923076923,3.75,13.807692307692308,-7.788461538461538,0.19230769230769232,19,9,SP,health_beauty,279
ea65d8b58316a6f2362f2a9e4b3e86ad,9,16,9,2061.4,230.82,128.8375,14.42625,3.1875,9.6875,-6.25,0.0,8,6,SP,construction_tools_construction,176
ea67327e24487bdfac5fbfa37ea124df,32,34,31,6250.18,930.1,183.82882352941178,27.355882352941176,3.5588235294117645,8.117647058823529,-15.235294117647058,0.029411764705882353,24,1,SP,bed_bath_table,226
ea6b12bf9ffe2bac34602ec631d97a47,11,11,11,2625.7999999999997,205.52,238.7090909090909,18.683636363636364,4.090909090909091,16.0,-17.666666666666668,0.0,8,4,SP,unknown,236
ea846a0e7ad98a741783e886d89dfa44,2,3,2,137.0,55.26,45.666666666666664,18.419999999999998,5.0,11.0,-8.0,0.0,2,1,SP,perfumery,10
ea8482cd71df3c1969d7b9473ff13abc,1146,1203,1133,37177.52,17544.77,30.90400665004156,14.584181213632586,3.952341137123746,12.8510101010101,-10.117845117845118,0.0831255195344971,220,2,SP,telephony,373
eaaa46e98c9e61f6764dd1d7a2ab8b3e,1,1,1,98.0,27.64,98.0,27.64,5.0,11.0,-12.0,0.0,1,1,RN,small_appliances,0
ead2bab70821ea148476ae9bc08548ac,9,9,9,412.1,116.2,45.78888888888889,12.911111111111111,4.5,6.777777777777778,-19.444444444444443,0.0,4,1,MG,fashion_bags_accessories,301
eae9af4811c294c56795d70e715b7337,1,1,1,15.9,11.11,15.9,11.11,5.0,2.0,-8.0,0.0,1,1,SP,unknown,0
eaf6d55068dea77334e8477d3878d89e,3,3,3,51.0,33.01,17.0,11.003333333333332,5.0,5.666666666666667,-11.0,0.0,2,1,SP,auto,32
eb1bf309f4f6af9a97e9ddac3fdbeabe,1,1,1,22.3,8.88,22.3,8.88,5.0,8.0,-10.0,0.0,1,1,SP,sports_leisure,0
eb3071b9f0b0ddaa2df5ea130f09f26b,9,11,9,6230.0,581.42,566.3636363636364,52.85636363636363,4.636363636363637,7.909090909090909,-13.181818181818182,0.09090909090909091,2,2,SP,furniture_bedroom,454
eb4a59a06b3948e851a7d7a830bcbc42,2,2,2,64.0,44.0,32.0,22.0,3.0,11.0,-10.0,0.0,1,1,BA,health_beauty,79
eb4df17aed01d918c65f0f8d650900c0,11,11,11,3739.87,185.59,339.98818181818183,16.87181818181818,3.909090909090909,12.545454545454545,-10.545454545454545,0.2727272727272727,9,2,SP,auto,279
eb5b6204dde3a6e03b5f1bb8479f055b,19,21,19,452.2,275.13,21.53333333333333,13.10142857142857,3.857142857142857,10.19047619047619,-13.142857142857142,0.047619047619047616,8,5,SP,housewares,177
eb72802c83dc7547529c9546d1a9b8ef,8,8,8,1063.92,117.71,132.99,14.71375,4.625,5.875,-11.5,0.0,7,6,SP,garden_tools,80
eb9267cccc90f1b49c8d2f9887c7dd97,1,1,1,319.9,26.37,319.9,26.37,5.0,7.0,-10.0,0.0,1,1,PE,sports_leisure,0
eb9cd5b35d95206585e2185318cb5c61,2,3,2,550.0,61.55,183.33333333333334,20.516666666666666,2.3333333333333335,16.666666666666668,-6.666666666666667,0.0,1,1,SP,furniture_decor,24
eba88037e1dca898cd02881f67ced679,6,6,6,838.1,93.47,139.68333333333334,15.578333333333333,4.333333333333333,10.833333333333334,-10.166666666666666,0.16666666666666666,4,1,SP,stationery,318
ebd1417732defaf66c50b5a800eb293e,1,1,1,309.0,16.33,309.0,16.33,5.0,6.0,-22.0,0.0,1,1,PR,cool_stuff,0
ebd2d60905fb58271facef5596b620d3,84,88,84,7941.72,1733.3,90.24681818181818,19.696590909090908,4.125,12.388235294117647,-11.282352941176471,0.03409090909090909,39,1,SP,health_beauty,550
ebe3dabc4955c9b0d695e7bda38bf5c3,1,1,1,55.0,11.89,55.0,11.89,3.0,23.0,4.0,1.0,1,1,SP,computers_accessories,0
ebef8d8c92b4fd3226e5d407bbff21ac,3,3,3,253.70000000000002,48.36,84.56666666666668,16.12,2.6666666666666665,39.666666666666664,12.666666666666666,0.3333333333333333,3,2,SP,sports_leisure,43
ec21206b7894c503788a684a7bc822a6,3,3,3,247.8,48.61,82.60000000000001,16.203333333333333,2.6666666666666665,8.0,-20.0,0.0,3,2,RJ,baby,105
ec2e006556300a79a5a91e4876ab3a56,4,8,4,125.2,66.04,15.65,8.255,1.375,13.0,1.0,0.375,2,2,SP,construction_tools_construction,193
ec4608a1f76453166bb312b2968aeaf4,18,35,18,1181.75,939.61,33.76428571428571,26.846,2.6857142857142855,13.620689655172415,-7.275862068965517,0.11428571428571428,5,1,SP,furniture_decor,537
ec5c1d94df153d473b37f880977ae58e,2,3,2,199.67000000000002,84.07,66.55666666666667,28.02333333333333,1.6666666666666667,11.333333333333334,-22.0,0.0,2,2,SP,perfumery,11
ec80e49e69745ab6c14f984bf2149423,12,12,12,3709.0,188.31,309.0833333333333,15.6925,4.0,12.25,-10.416666666666666,0.08333333333333333,2,1,SP,housewares,199
ec8463980a4e0ea9f8517aea1ed0c419,2,8,2,239.2,118.75999999999999,29.9,14.844999999999999,5.0,12.75,-0.5,0.75,1,1,SC,construction_tools_lights,0
ec8879960bd2221d5c32f8e12f7da711,36,36,36,4062.4,818.98,112.84444444444445,22.749444444444446,4.314285714285714,16.057142857142857,-8.714285714285714,0.16666666666666666,9,1,SP,computers_accessories,329
ec933281fb017b5020d06df29c3f77e8,8,8,8,1432.0,230.85,179.0,28.85625,5.0,9.0,-13.25,0.0,3,1,SP,baby,287
ecccfa2bb93b34a3bf033cc5d1dcdc69,15,19,15,1338.64,262.71,70.45473684210526,13.826842105263157,2.3333333333333335,34.625,-13.625,0.21052631578947367,7,1,PR,health_beauty,24
ececbfcff9804a2d6b40f589df8eef2b,98,104,97,6792.4,1868.66,65.31153846153846,17.967884615384616,4.115384615384615,12.62135922330097,-11.83495145631068,0.08653846153846154,62,3,SP,health_beauty,415
ed4311e67debd72b8610a5347a743087,25,26,25,3636.0,706.81,139.84615384615384,27.185,4.48,7.576923076923077,-8.846153846153847,0.038461538461538464,7,1,SP,housewares,257
ed46f1eb4a638113deb2a1137b5f22e9,4,4,4,3470.0,216.68,867.5,54.17,4.0,6.75,-13.0,0.0,3,1,SC,health_beauty,28
ed49da7cadefc454d6a67de249eab240,2,2,2,43.0,22.83,21.5,11.415,3.0,21.0,-31.5,0.0,1,1,SP,sports_leisure,4
ed4acab38528488b65a9a9c603ff024a,32,40,32,12759.45,610.31,318.98625000000004,15.257749999999998,3.725,8.717948717948717,-12.666666666666666,0.0,30,4,SP,computers_accessories,490
ed859002ad59dbf8cf3602696a6c3000,7,13,7,2421.7,268.94,186.28461538461536,20.68769230769231,4.0,21.454545454545453,-28.363636363636363,0.0,5,3,PR,air_conditioning,110
ed8cb7b190ceb6067227478e48cf8dde,15,17,15,573.5,242.71,33.73529411764706,14.277058823529412,3.176470588235294,6.882352941176471,-9.823529411764707,0.058823529411764705,10,4,SP,portateis_cozinha_e_preparadores_de_alimentos,38
ed9eef5be0992d413d251fadba1a410d,3,9,3,404.09999999999997,143.24,44.9,15.915555555555557,4.555555555555555,9.88888888888889,-19.22222222222222,0.0,5,1,SP,furniture_decor,50
edb1ef5e36e0c8cd84eb3c9b003e486d,166,175,164,79284.55,3905.1,453.0545714285714,22.314857142857143,4.434285714285714,11.25287356321839,-13.545977011494253,0.06857142857142857,55,1,RJ,health_beauty,326
edb58a1390adf273840030a3d6253829,1,1,1,39.9,18.38,39.9,18.38,5.0,5.0,-12.0,0.0,1,1,SP,home_appliances,0
edb65fe661681b1c0de8bd47c8655855,1,1,1,69.0,15.24,69.0,15.24,3.0,14.0,-7.0,0.0,1,1,SP,small_appliances,0
edc518ba25576a0188a0e8f2c3af186f,6,8,6,1647.3899999999999,262.15999999999997,205.92374999999998,32.769999999999996,3.5,6.25,-8.25,0.0,5,4,SP,housewares,50
edd066cd02126d7800f9b66e980e9931,6,6,6,987.6999999999999,186.23,164.61666666666665,31.03833333333333,5.0,11.666666666666666,-13.333333333333334,0.16666666666666666,6,1,DF,housewares,360
eddd1991bd6d9309995a480c39b95137,3,3,3,866.0,132.41,288.6666666666667,44.13666666666666,2.6666666666666665,14.5,-7.5,0.0,2,1,PR,unknown,30
ede0c03645598cdfc63ca8237acbe73d,46,50,46,2518.37,751.5,50.367399999999996,15.03,3.617021276595745,18.04255319148936,-4.191489361702128,0.3,24,3,SP,computers_accessories,118
ede2977fbaf3738583170735ca403f6c,1,1,1,289.9,37.35,289.9,37.35,5.0,14.0,-15.0,0.0,1,1,PR,health_beauty,0
edf3fabebcc20f7463cc9c53da932ea8,1,1,1,219.9,24.12,219.9,24.12,4.0,21.0,4.0,1.0,1,1,SP,furniture_decor,0
edf96ef93ed595084bbcbd9224bd2894,25,28,25,3757.0,608.78,134.17857142857142,21.742142857142856,3.7857142857142856,13.071428571428571,-8.928571428571429,0.07142857142857142,8,2,SP,electronics,554
ee27a8f15b1dded4d213a468ba4eb391,1,1,1,6499.0,227.66,6499.0,227.66,5.0,11.0,-23.0,0.0,1,1,GO,art,0
ee2fbacc2fc3794e656cc4d933d59ce7,2,3,2,464.97,53.73,154.99,17.91,4.333333333333333,6.0,-11.666666666666666,0.0,2,1,SP,sports_leisure,14
eeb6de78f79159600292e314a77cbd18,83,84,82,43739.84,3055.44,520.712380952381,36.37428571428571,4.428571428571429,11.590361445783133,-16.85542168674699,0.03571428571428571,46,3,SC,garden_tools,538
eebb3372362aa9a46975164bed19a7e7,7,8,7,591.92,119.4,73.99,14.925,2.2857142857142856,52.25,27.0,0.25,2,1,SP,telephony,56
eec3469d83e142f9a104886655338c37,4,4,4,185.7,54.74,46.425,13.685,4.5,9.75,-18.0,0.0,4,2,SP,furniture_decor,559
eed78ac17f7f795a19a709745f00cd4e,22,56,20,4349.5,846.34,77.66964285714286,15.113214285714287,3.4107142857142856,9.410714285714286,-13.017857142857142,0.0,12,1,SP,furniture_decor,349
ef0ace09169ac090589d85746e3e036f,129,140,129,16223.300000000001,2315.65,115.88071428571429,16.540357142857143,4.3428571428571425,12.093525179856115,-11.683453237410072,0.07142857142857142,22,2,RJ,perfumery,282
ef2fbc2b607d8492bcffe657a4645434,20,22,20,970.8,362.89,44.127272727272725,16.495,3.909090909090909,6.571428571428571,-10.142857142857142,0.09090909090909091,7,5,RJ,auto,54
ef30892870c278497523264be1be2241,9,9,9,783.2,109.33999999999999,87.02222222222223,12.148888888888887,4.555555555555555,7.444444444444445,-16.444444444444443,0.0,5,1,SP,stationery,56
ef506c96320abeedfb894c34db06f478,324,340,323,9771.43,5197.0,28.7395,15.285294117647059,3.9017857142857144,12.792168674698795,-11.183734939759036,0.07941176470588235,116,4,SP,telephony,575
ef728fa1f17436c91ed1ccd03dcf9631,3,4,3,128.7,58.12,32.175,14.53,4.0,3.75,-9.75,0.0,4,1,SP,arts_and_craftmanship,30
ef990a83bbea832f36ebe81376335aa8,43,44,43,4642.59,914.65,105.5134090909091,20.787499999999998,3.659090909090909,16.454545454545453,-8.454545454545455,0.20454545454545456,8,2,SC,sports_leisure,257
ef9952469137ff190bacafe117f51537,5,5,5,1002.66,83.94,200.53199999999998,16.788,4.8,9.8,-17.0,0.0,2,1,MG,furniture_decor,81
efb628aa07c8ca93d7db0d85b91a4f5a,1,1,1,204.0,58.1,204.0,58.1,4.0,25.0,1.0,1.0,1,1,RJ,furniture_bedroom,0
efcd8d2104f1a05d028af7bad20d974b,47,51,44,2424.78,855.41,47.54470588235294,16.772745098039216,4.176470588235294,9.76,-14.52,0.0196078431372549,34,1,SP,fashion_bags_accessories,482
efff9341f3f8f5237b44ff67ed36a7bf,5,5,5,872.99,99.66,174.598,19.932,4.4,11.4,-9.4,0.0,4,3,ES,garden_tools,105
f00e21b1e91a79653163b7fd8f293ff1,31,31,31,3900.09,570.97,125.80935483870968,18.418387096774193,4.1,12.516129032258064,-16.225806451612904,0.03225806451612903,29,5,SP,toys,251
f00f5b35d0abcacbdd863672f4bb2c1a,1,1,1,299.0,14.43,299.0,14.43,4.0,12.0,-21.0,0.0,1,1,SP,furniture_decor,0
f021c962aaba8ef6eb527a9c2c8394d1,5,5,5,4398.5,135.37,879.7,27.074,4.2,7.8,-16.4,0.0,4,1,SC,musical_instruments,81
f049a72cf58fd31b11f8919cade515e7,3,4,3,138.75,32.24,34.6875,8.06,3.5,3.5,-14.25,0.0,3,3,SP,health_beauty,12
f0563bacf40c311f1c4d3d6b67b8a7a7,1,1,1,1199.0,28.78,1199.0,28.78,1.0,10.6918511755307,-12.0,0.0,1,1,SC,electronics,0
f0837c8d71434931d9e38e7b79234797,22,23,22,3446.9,602.46,149.86521739130436,26.19391304347826,4.608695652173913,11.217391304347826,-20.17391304347826,0.043478260869565216,8,1,RS,housewares,269
f08a5b9dd6767129688d001acafc21e5,11,18,11,14069.630000000001,496.11,781.6461111111112,27.561666666666667,3.4444444444444446,18.77777777777778,-8.444444444444445,0.0,7,3,RS,agro_industry_and_commerce,100
f08c008c8a8d31417763738a1788a2a8,22,23,22,1291.72,422.96999999999997,56.16173913043478,18.389999999999997,3.090909090909091,18.714285714285715,-6.809523809523809,0.13043478260869565,3,1,PR,sports_leisure,103
f09b760d23495ac9a7e00d29b769007c,1,1,1,21.9,17.19,21.9,17.19,4.0,24.0,-11.0,0.0,1,1,SP,sports_leisure,0
f09e26011d833ddab11593c1a097a92a,1,1,1,79.9,22.19,79.9,22.19,1.0,10.6918511755307,-12.0,0.0,1,1,SP,furniture_decor,0
f0b47fbbc6dee9aafe415a6e33051b3f,68,86,67,3795.91,1336.28,44.13848837209302,15.53813953488372,4.232558139534884,9.929411764705883,-12.705882352941176,0.09302325581395349,38,4,SP,books_general_interest,399
f0e103c63864d5405b958d984b6e94c9,11,11,11,951.7,149.71,86.51818181818182,13.610000000000001,4.7272727272727275,8.181818181818182,-12.0,0.0,7,3,SP,unknown,143
f0ec6a2adb05c62655a26dd347b8dede,1,2,1,72.0,14.78,36.0,7.39,1.0,10.6918511755307,-12.0,0.0,1,1,SP,health_beauty,0
f0ec78809fe0bc3edb11c9fe5b97b059,2,2,2,62.599999999999994,23.659999999999997,31.299999999999997,11.829999999999998,4.0,9.0,-10.0,0.0,2,1,SP,housewares,39
f114dca2828bf718548db175ebe2cfcd,1,1,1,139.0,13.99,139.0,13.99,1.0,10.0,-22.0,0.0,1,1,PR,sports_leisure,0
f1198c871e0171278b63f40d112caeec,2,2,2,475.8,82.27,237.9,41.135,4.5,11.0,-7.5,0.0,2,1,SP,kitchen_dining_laundry_garden_furniture,86
f125f3a310c2e5f822d116147de1e474,16,22,16,2761.4,287.89,125.51818181818182,13.085909090909091,4.363636363636363,13.772727272727273,-10.181818181818182,0.09090909090909091,4,2,SP,construction_tools_construction,216
f12d3c2a14729ae461b920c11fe20fdc,9,11,9,364.45,94.87,33.13181818181818,8.624545454545455,4.2727272727272725,4.363636363636363,-12.0,0.0,4,2,SP,furniture_decor,89
f12ff17ad8bbf01ec5c33b17e506649b,29,29,29,6241.0,651.73,215.20689655172413,22.47344827586207,3.8275862068965516,13.321428571428571,-10.428571428571429,0.10344827586206896,14,1,SP,auto,138
f18112da765e0971ca5d510dec322bdd,2,2,2,327.8,82.95,163.9,41.475,4.0,17.0,-7.5,0.0,2,1,SC,unknown,0
f181738b150df1f37cb0bd72e705b193,36,37,36,5529.7,1103.05,149.45135135135135,29.81216216216216,4.486486486486487,8.72972972972973,-10.054054054054054,0.08108108108108109,8,3,SP,cool_stuff,463
f19516b9ff26bfeb091b30108db4ddbd,5,5,5,727.6,141.84,145.52,28.368000000000002,2.6,10.0,-18.333333333333332,0.0,5,2,SP,costruction_tools_garden,89
f1b854361f4e15d5851b494df66f22b2,3,4,3,1168.8,306.44,292.2,76.61,2.75,7.25,-13.0,0.0,3,2,RJ,pet_shop,100
f1b93673502375d491780bb49d615dbc,8,10,8,2638.9300000000003,320.35,263.89300000000003,32.035000000000004,2.7,12.6,-6.3,0.1,8,3,SP,construction_tools_construction,159
f1c1ac3f3efc07e659c035008e615e66,4,14,4,2561.96,302.82,182.99714285714285,21.63,3.5714285714285716,12.11111111111111,-13.11111111111111,0.0,4,1,SP,auto,181
f1ce5fdecd64935c28b9ff932751d0dc,2,2,2,158.0,22.53,79.0,11.265,4.5,9.5,-8.0,0.0,2,1,SP,furniture_decor,95
f1ed6bd0a9b11b581f16c851c6a5a527,17,18,17,1622.77,373.81,90.15388888888889,20.767222222222223,4.444444444444445,20.61111111111111,-9.222222222222221,0.05555555555555555,3,3,RS,furniture_decor,440
f1fd5ab1181f827ffad998c1a5de7d74,15,15,15,7045.99,831.97,469.73266666666666,55.464666666666666,4.666666666666667,9.0,-12.866666666666667,0.0,11,2,PR,luggage_accessories,265
f1fdf2d13186575751aa25876536d85c,1,1,1,26.3,8.29,26.3,8.29,5.0,6.0,-6.0,0.0,1,1,SP,sports_leisure,0
f205b1a3ca9a34e0f8a228bae6e4c7b3,8,8,8,1088.0,396.9,136.0,49.6125,4.875,8.125,-10.375,0.0,7,1,RS,furniture_decor,44
f214d28e8d8e3ef068748498ccc2f813,54,59,54,2212.41,809.11,37.498474576271185,13.713728813559323,4.017241379310345,9.666666666666666,-13.105263157894736,0.06779661016949153,21,4,SP,fashion_bags_accessories,371
f22a247b79dd22ecd91dc8e3b2a1b07c,8,8,8,439.94,134.9,54.9925,16.8625,4.0,17.625,1.625,0.25,5,1,SP,health_beauty,113
f2336e113377dd21c744d9c4fc8293a9,4,4,4,3563.0,199.07999999999998,890.75,49.769999999999996,4.25,19.75,-15.0,0.0,2,2,SP,garden_tools,204
f235413f677777a0738ff215d0184901,3,3,3,1696.7,91.64,565.5666666666667,30.546666666666667,3.6666666666666665,5.5,-33.0,0.0,2,1,SP,auto,36
f25e239052084705e17a982bc600ab2a,8,8,8,7380.0,405.48,922.5,50.685,4.25,12.0,-12.25,0.0,8,4,SP,pet_shop,515
f262cbc1c910c83959f849465454ddd3,192,207,191,10482.83,2507.02,50.64169082125604,12.1112077294686,4.089805825242719,8.504901960784315,-9.901960784313726,0.07246376811594203,80,9,SP,computers_accessories,295
f266295f49a28eee21f413e0cbb0521d,2,2,2,149.8,28.14,74.9,14.07,4.5,11.5,-9.0,0.0,2,2,PR,construction_tools_construction,0
f26d70155c2b6326fcfa1780c8c684e4,1,1,1,202.89,16.17,202.89,16.17,5.0,8.0,-13.0,0.0,1,1,SC,garden_tools,0
f27e33c6d29b5138fa9967bcd445b6d5,93,98,92,8888.3,1593.95,90.69693877551019,16.264795918367348,4.091836734693878,12.061224489795919,-10.704081632653061,0.08163265306122448,22,11,SP,pet_shop,396
f3041c2e75ec683697a6a5ea82192210,1,1,1,145.0,24.0,145.0,24.0,5.0,4.0,-21.0,0.0,1,1,MG,furniture_decor,0
f3055483058c84d75ca2a3314fb4deef,1,1,1,67.5,35.79,67.5,35.79,1.0,10.6918511755307,-12.0,0.0,1,1,BA,pet_shop,0
f307937c1bb287c3efc2a514b94b0d1d,1,1,1,189.99,26.61,189.99,26.61,5.0,12.0,-20.0,0.0,1,1,MG,auto,0
f326006815956455b2859abd58fe7e39,9,30,9,3147.16,666.02,104.90533333333333,22.200666666666667,4.7,14.866666666666667,-9.966666666666667,0.0,6,3,SP,furniture_decor,266
f3295428338a40977a03f555246a70f4,7,7,7,644.98,124.4,92.14,17.771428571428572,3.5714285714285716,14.285714285714286,-10.285714285714286,0.14285714285714285,7,2,ES,health_beauty,105
f3511c85f59f8dec53d140501ee8e7a8,1,1,1,69.9,8.11,69.9,8.11,5.0,1.0,-10.0,0.0,1,1,PR,health_beauty,0
f356c348fbc8df6a882823e21f5ce8b7,2,2,2,195.18,30.47,97.59,15.235,2.5,7.0,-24.0,0.0,1,1,RS,housewares,2
f35b3c613c4f7b2275f4185d0a3c59ec,9,9,9,4047.25,167.04,449.69444444444446,18.56,4.555555555555555,12.333333333333334,-8.11111111111111,0.1111111111111111,8,2,SP,sports_leisure,94
f35becee938e982bd615edf8ef12bcfb,6,6,6,148.59,78.22,24.765,13.036666666666667,4.0,7.333333333333333,-13.833333333333334,0.0,5,2,SP,home_confort,146
f3862c2188522d89860c38a3ea8b550d,1,1,1,15.5,12.79,15.5,12.79,5.0,5.0,-8.0,0.0,1,1,SP,perfumery,0
f3975e8a41157005d4bcbb358678cd9b,2,2,2,178.8,83.97999999999999,89.4,41.989999999999995,5.0,8.5,-5.5,0.0,2,2,SC,baby,138
f3b80352b986ab4d1057a4b724be19d0,87,92,86,10505.1,2187.63,114.1858695652174,23.77858695652174,4.130434782608695,10.087912087912088,-13.0,0.0,4,2,DF,health_beauty,527
f3c38ab652836d21de61fb8314b69182,15,15,15,1581.0,247.59,105.4,16.506,4.266666666666667,7.8,-11.133333333333333,0.0,11,4,SP,computers_accessories,117
f3da5b2ff499efb8d4a6d371d175d7dd,79,84,79,3702.29,1124.57,44.07488095238095,13.387738095238095,3.8493975903614457,10.878048780487806,-8.195121951219512,0.10714285714285714,30,12,SP,housewares,248
f410c8873029fcc3809b9df6d0b28914,2,2,2,289.8,37.3,144.9,18.65,5.0,7.0,-7.5,0.0,2,1,SP,auto,11
f419677537694f0462a91990df6ca44f,6,6,5,220.5,78.78,36.75,13.13,4.0,14.0,-6.333333333333333,0.16666666666666666,6,1,SP,unknown,77
f41ce2e25237f9092cd8e6e7516c7a2f,27,28,26,2030.9,331.7,72.53214285714286,11.846428571428572,4.321428571428571,8.11111111111111,-14.25925925925926,0.0,10,5,SP,consoles_games,437
f435898e493ba0356019a0b1cb8b55b1,10,12,10,649.76,230.92000000000002,54.14666666666667,19.243333333333336,4.333333333333333,10.166666666666666,-21.666666666666668,0.0,5,1,PR,auto,474
f43827dd686be3a4a80e00aa299990fb,1,2,1,95.54,30.2,47.77,15.1,2.0,21.0,-14.0,0.0,1,1,SP,housewares,0
f44b6f775a2b390380e0e30b5c9d3eee,10,10,10,2930.0,258.24,293.0,25.824,4.9,8.3,-12.3,0.0,10,2,SP,cool_stuff,421
f44bdc12aa39f5271f0b95f66cd4c289,5,7,5,357.5,74.57,51.07142857142857,10.652857142857142,2.857142857142857,10.285714285714286,-6.428571428571429,0.14285714285714285,4,1,SP,auto,260
f45122a9ab94eb4f3f8953578bc0c560,187,200,186,22078.29,3325.84,110.39145,16.6292,3.91,11.949238578680204,-10.345177664974619,0.065,89,8,SP,pet_shop,558
f457c46070d02cadd8a68551231220dd,199,234,193,19093.0,3714.22,81.59401709401709,15.872735042735043,3.769396551724138,14.030434782608696,-12.382608695652173,0.05555555555555555,23,1,PR,computers_accessories,188
f46490624488d3ff7ce78613913a7711,83,91,83,5802.85,1747.82,63.767582417582425,19.206813186813186,3.4615384615384617,9.586206896551724,-9.160919540229886,0.0989010989010989,35,1,SP,health_beauty,90
f4a04f7be452aa3bb31760bf00055dd0,18,18,18,1312.1,241.85,72.89444444444445,13.43611111111111,4.666666666666667,8.61111111111111,-19.88888888888889,0.0,8,1,SP,perfumery,289
f4aba7c0bca51484c30ab7bdc34bcdd1,110,117,110,3009.79,1547.71,25.724700854700853,13.228290598290599,3.8956521739130436,10.356521739130434,-15.565217391304348,0.05982905982905983,12,3,SP,health_beauty,294
f4c4daa86e30c7e5a553a8d518ac03a5,20,20,20,6301.91,369.29,315.0955,18.4645,3.7,16.11111111111111,-13.555555555555555,0.05,20,3,PR,watches_gifts,250
f4ce8ca9fa7157e3b33f536ac9a4487d,4,4,4,409.6,97.53,102.4,24.3825,4.75,6.5,-7.5,0.0,3,2,SP,bed_bath_table,35
f4db9b37944bcb8873e6b456ee190bbf,21,22,21,3409.78,500.16,154.99,22.734545454545454,4.545454545454546,12.863636363636363,-11.090909090909092,0.09090909090909091,8,2,SP,fashion_bags_accessories,493
f524ad65d7e0f1daab730ef2d2e86196,1,2,1,578.0,31.5,289.0,15.75,1.0,24.0,3.0,1.0,1,1,RS,garden_tools,0
f52c2422904463fdd7741f99045fecb6,12,13,12,567.79,177.01,43.676153846153845,13.616153846153846,4.3076923076923075,5.0,-10.384615384615385,0.0,10,3,SP,housewares,66
f5403d3f50089112c4eed37928b7f622,2,2,2,190.8,32.4,95.4,16.2,1.0,10.6918511755307,-12.0,0.0,2,2,SP,fashio_female_clothing,19
f543ba3c973276f519d89d59bd46cead,2,2,2,258.0,164.04000000000002,129.0,82.02000000000001,2.0,10.6918511755307,-12.0,0.0,1,1,SP,kitchen_dining_laundry_garden_furniture,134
f593898ec748b7a8cb81fc04edafd98a,20,23,20,2813.04,728.08,122.30608695652174,31.655652173913044,3.4782608695652173,17.5,-14.181818181818182,0.17391304347826086,8,5,SP,furniture_decor,142
f5a590cf36251cf1162ea35bef76fe84,117,122,117,53201.78,4239.16,436.0801639344262,34.747213114754096,4.237704918032787,11.347457627118644,-11.05084745762712,0.06557377049180328,63,4,SP,musical_instruments,508
f5b44895715ddfe3087dc414f30268f3,19,19,19,378.8,275.64,19.936842105263157,14.50736842105263,4.0,12.105263157894736,-9.736842105263158,0.0,17,1,SP,auto,310
f5b84683a9bf9e1df748cf40f601b39c,1,1,1,83.9,9.07,83.9,9.07,5.0,6.0,-46.0,0.0,1,1,SP,baby,0
f5f1f2c5f923f36ad79ea1d07185ddc9,12,13,12,1912.15,203.68,147.08846153846156,15.667692307692308,3.076923076923077,12.363636363636363,-8.545454545454545,0.07692307692307693,6,1,SP,pet_shop,41
f5f2ab9bdb6b30c14c61be68c5ed37da,18,18,18,2134.6800000000003,339.87,118.59333333333335,18.881666666666668,4.277777777777778,13.0,-14.944444444444445,0.05555555555555555,14,3,SP,toys,424
f5f46307a4d15880ca14fab4ad9dfc9b,9,10,9,1422.94,231.38,142.294,23.137999999999998,4.0,12.5,-11.4,0.1,6,3,SC,sports_leisure,140
f5fea3ffed6c2e889bab72705557c63a,3,3,3,1059.9,268.28,353.3,89.42666666666666,3.6666666666666665,28.0,1.0,0.3333333333333333,3,1,RJ,furniture_decor,54
f6122bc84774df1b372bdb3bb88ddb9f,3,3,3,4799.87,74.49000000000001,1599.9566666666667,24.830000000000002,3.6666666666666665,15.333333333333334,-5.666666666666667,0.3333333333333333,1,1,SP,computers_accessories,166
f615fe7efbef0f4f08fd3086bc7a3e60,23,24,23,2359.27,389.69,98.30291666666666,16.237083333333334,4.375,7.217391304347826,-12.695652173913043,0.08333333333333333,18,4,SP,toys,100
f61c63d13f7cd800549d5acdd390ae72,26,26,26,3072.3,429.39,118.16538461538462,16.515,4.0,11.384615384615385,-11.23076923076923,0.07692307692307693,11,4,SP,housewares,339
f626e15b7314c267e4429010866f70e9,5,7,5,193.54999999999998,125.47,27.65,17.924285714285713,4.142857142857143,9.142857142857142,-16.571428571428573,0.0,3,3,SP,drinks,156
f62d7bb4a613ec758a03342d46b580b2,32,32,32,24665.0,2125.59,770.78125,66.4246875,4.375,13.4375,-9.6875,0.09375,2,2,MG,small_appliances_home_oven_and_coffee,210
f63d8f293af3a6454377546bd9dd19ff,17,28,17,1751.82,495.13,62.565,17.683214285714286,3.8214285714285716,17.821428571428573,-9.785714285714286,0.14285714285714285,11,2,SP,auto,275
f650a9708fa1bab22bdd8d3a818cc415,5,5,5,507.75,86.83,101.55,17.366,3.4,14.75,-21.25,0.0,4,1,SC,furniture_decor,189
f664f98bfda2eaf266a23ff144e7a872,2,2,2,153.99,7.8100000000000005,76.995,3.9050000000000002,3.0,2.5,-10.0,0.0,2,2,SP,pet_shop,124
f67efa3f0b6761102a7f8c6b7b571f5d,31,32,31,5188.68,841.49,162.14625,26.2965625,4.4375,9.1875,-18.1875,0.0,9,4,PR,pet_shop,551
f680f85bee2d253556ac91be391d2c82,45,54,44,5183.92,893.42,95.99851851851852,16.544814814814814,4.296296296296297,9.907407407407407,-12.833333333333334,0.018518518518518517,10,2,SP,baby,328
f682e0f848abafc6f41e0d4e868c66ef,2,2,2,269.98,34.02,134.99,17.01,3.5,19.5,-2.0,0.5,2,1,SP,auto,219
f7315bb81aea4ddca2d39e249a801c98,2,2,2,379.8,50.28,189.9,25.14,4.5,10.0,-6.5,0.0,1,1,SP,luggage_accessories,48
f7496d659ca9fdaf323c0aae84176632,26,27,26,5087.57,844.9399999999999,188.4285185185185,31.29407407407407,4.592592592592593,12.0,-20.846153846153847,0.037037037037037035,16,3,SP,furniture_decor,677
f76a3b1349b6df1ee875d1f3fa4340f0,24,24,24,4160.79,588.19,173.36625,24.50791666666667,3.4583333333333335,16.666666666666668,-5.541666666666667,0.2916666666666667,6,1,SP,housewares,225
f7720c4fa8e3aba4546301ab80ea1f1b,60,78,59,2083.45,1335.52,26.710897435897433,17.12205128205128,4.198717948717949,9.454545454545455,-14.727272727272727,0.038461538461538464,28,3,PR,furniture_decor,506
f783a638e9c6af4a7d0dbfde811e7a81,5,5,5,849.8,153.1,169.95999999999998,30.619999999999997,4.0,17.2,-4.0,0.2,4,2,SP,toys,58
f789d2c4f2c2eb38fc4373e7a4b35264,44,49,43,4864.24,869.0,99.27020408163264,17.73469387755102,4.183673469387755,10.387755102040817,-14.877551020408163,0.04081632653061224,28,2,MG,pet_shop,504
f7ba60f8c3f99e7ee4042fdef03b70c4,219,230,219,68395.0,4341.01,297.3695652173913,18.87395652173913,4.2043478260869565,12.668122270742359,-9.152838427947598,0.13043478260869565,9,2,SP,health_beauty,391
f7c31656c19db6275a8acadca289f426,1,1,1,61.56,16.19,61.56,16.19,3.0,13.0,-9.0,0.0,1,1,SP,unknown,0
f7ccf836d21b2fb1de37564105216cc1,70,74,70,2787.4,1123.04,37.667567567567566,15.176216216216215,3.8194444444444446,10.643835616438356,-9.013698630136986,0.06756756756756757,23,2,SP,bed_bath_table,254
f7df46c1e0ec44eed5c6726478da4a17,3,3,3,429.70000000000005,57.739999999999995,143.23333333333335,19.246666666666666,1.0,10.6918511755307,-12.0,0.0,2,1,RS,sports_leisure,18
f805b96fa705ba7995a221f1749dc141,7,7,7,2744.44,242.43,392.0628571428571,34.63285714285714,4.428571428571429,12.571428571428571,-13.285714285714286,0.0,6,1,PR,musical_instruments,259
f80edd2c5aaa505cc4b0a3b219abf4b8,119,128,118,9108.2,3000.74,71.1578125,23.44328125,4.078740157480315,11.656,-12.136,0.0625,23,6,SP,kitchen_dining_laundry_garden_furniture,507
f8201cab383e484733266d1906e2fdfa,10,10,10,889.0,255.82999999999998,88.9,25.583,4.1,12.7,-11.7,0.1,4,1,SC,cool_stuff,420
f84a00e60c73a49e7e851c9bdca3a5bb,90,99,90,5949.9400000000005,2001.82,60.100404040404044,20.22040404040404,3.6666666666666665,10.77319587628866,-10.814432989690722,0.09090909090909091,22,2,RJ,health_beauty,519
f84fa566034f5e8e880a07ec624c56af,91,102,91,5093.79,1232.91,49.93911764705882,12.087352941176471,4.267326732673268,11.07,-8.28,0.08823529411764706,8,3,SP,health_beauty,389
f88adb15807168d3c43d71021090ce4a,3,3,3,488.8,52.26,162.93333333333334,17.419999999999998,3.3333333333333335,6.0,-15.0,0.0,2,2,SP,party_supplies,112
f8d5c7085db9a4ad2b8c1ffbeb2798c8,6,6,6,263.0,100.41,43.833333333333336,16.735,5.0,12.166666666666666,-16.0,0.0,5,1,SP,fashion_bags_accessories,312
f8db351d8c4c4c22c6835c19a46f01b0,667,724,664,50525.6,12554.2,69.78674033149171,17.340055248618786,4.220833333333333,9.431372549019608,-11.694677871148459,0.049723756906077346,146,20,SP,housewares,576
f8e2c1b59cd4225a3e4fd0d013a76b93,2,3,2,219.8,44.63,73.26666666666667,14.876666666666667,5.0,10.0,-16.666666666666668,0.0,2,2,SP,furniture_decor,120
f8f35af4634605e6693c17cc3ffff5a8,1,1,1,90.0,16.39,90.0,16.39,5.0,10.0,-14.0,0.0,1,1,MG,housewares,0
f90f77ef2799a27f80d90c425ca944f7,1,1,1,70.0,19.46,70.0,19.46,5.0,7.0,-20.0,0.0,1,1,PR,books_technical,0
f918546be4bec7104d117789ba758b2b,20,23,20,1483.0,347.15,64.47826086956522,15.093478260869563,3.8260869565217392,11.521739130434783,-10.217391304347826,0.13043478260869565,3,1,SP,garden_tools,203
f9244d45189d3a3605499abddeade7d5,21,21,21,15731.43,875.99,749.1157142857143,41.71380952380952,4.285714285714286,14.6,-24.25,0.0,11,3,SP,small_appliances,556
f92d8c817434bd2d84d4e9c61322b7fa,5,5,5,174.84,50.769999999999996,34.968,10.154,4.6,8.0,-9.0,0.0,3,1,SP,sports_leisure,188
f97e2b0650c2068227e1d366140eb62f,16,21,16,3654.0,1011.98,174.0,48.18952380952381,3.65,13.666666666666666,-18.761904761904763,0.047619047619047616,7,2,SP,pet_shop,430
f9903dd0f812c7e771fcad47b6fff231,10,15,10,1684.8500000000001,416.63,112.32333333333334,27.775333333333332,2.933333333333333,12.866666666666667,-18.066666666666666,0.0,9,3,SC,construction_tools_lights,278
f9a02f1922d1de564392e656d82b3fda,1,1,1,125.9,11.49,125.9,11.49,4.0,10.6918511755307,-12.0,0.0,1,1,SP,garden_tools,0
f9bbdd976532d50b7816d285a22bd01e,2,2,2,268.0,30.369999999999997,134.0,15.184999999999999,5.0,14.0,-18.0,0.0,2,1,SP,sports_leisure,111
f9d010e39375d9c91dce3f40b73a2f84,4,5,4,1212.0,138.14,242.4,27.627999999999997,3.0,18.2,-5.4,0.4,2,1,SP,toys,155
f9ec7093df3a7b346b7bcf7864069ca3,9,9,9,519.2,118.93,57.6888888888889,13.214444444444446,4.777777777777778,5.888888888888889,-7.666666666666667,0.0,9,5,SP,housewares,52
f9eda05b67bef472deaddbba84aca289,1,1,1,185.0,51.79,185.0,51.79,1.0,10.6918511755307,-12.0,0.0,1,1,SC,watches_gifts,0
f9eedec3129e8cc6b6429c42d0808c5b,2,2,2,789.8,43.35,394.9,21.675,4.5,6.0,-9.0,0.0,2,1,RJ,watches_gifts,1
f9f68daa2af419d38f745478bcb3da1a,2,2,2,22.4,28.96,11.2,14.48,3.0,11.0,-27.0,0.0,1,1,SP,sports_leisure,86
fa14641f57b655e933124a9ea49cd7a5,7,7,7,359.92999999999995,83.06,51.41857142857142,11.865714285714287,4.571428571428571,6.428571428571429,-12.0,0.0,6,3,SP,computers_accessories,261
fa18c782a4866d313cadab567097f8f1,1,1,1,58.99,19.65,58.99,19.65,1.0,10.6918511755307,-12.0,0.0,1,1,MG,housewares,0
fa1a9dec3a9940c072684a46728bf1fc,55,60,55,6674.0,1201.71,111.23333333333333,20.0285,3.983050847457627,14.1,-14.983333333333333,0.0,35,1,SC,pet_shop,685
fa1c13f2614d7b5c4749cbc52fecda94,585,586,581,194042.03,10042.7,331.12974402730373,17.137713310580207,4.34020618556701,12.839378238341968,-10.309153713298791,0.09044368600682594,289,5,SP,watches_gifts,598
fa3a0b5aabb344b9a92e3524b0202123,7,7,7,1789.0,164.41,255.57142857142858,23.487142857142857,4.142857142857143,11.0,-14.571428571428571,0.14285714285714285,3,1,SP,musical_instruments,141
fa40cc5b934574b62717c68f3d678b6d,307,340,302,16055.87,4530.9,47.22314705882353,13.326176470588234,4.437869822485207,10.691394658753708,-11.370919881305637,0.05,16,3,SP,toys,588
fa5fdc4e4bb6bd1009ad0e4ac4096562,1,1,1,161.99,32.86,161.99,32.86,5.0,7.0,-58.0,0.0,1,1,SP,auto,0
fa74b2f3287d296e9fbd2cc80f2d1cf1,11,11,11,2459.89,175.79000000000002,223.62636363636364,15.980909090909092,2.3636363636363638,30.0,-5.6,0.18181818181818182,5,1,SP,perfumery,158
fa7ad8ae9bcb2c4493fdf38e96b1d74f,1,2,1,88.0,23.7,44.0,11.85,1.0,10.6918511755307,-12.0,0.0,1,1,SP,housewares,0
fa8d335d68129e464e60c1826a683e96,1,1,1,139.9,34.78,139.9,34.78,4.0,22.0,-11.0,0.0,1,1,RS,auto,0
fac1a9017ade7bdc94058fc1c969f355,9,10,9,2010.84,212.07,201.084,21.207,4.7,7.3,-10.1,0.0,9,2,SP,computers_accessories,97
fac35d150712afb921ec59ac5f39bb11,5,6,5,696.0,104.64,116.0,17.44,4.166666666666667,10.333333333333334,-16.5,0.0,2,2,MG,construction_tools_construction,141
fad44952713764836814be105382aee5,32,32,32,5129.0,507.88,160.28125,15.87125,4.28125,10.28125,-11.96875,0.0,1,1,RJ,health_beauty,221
fadb07c842a2aef5d5a676b85f220e71,7,7,7,398.75,171.62,56.964285714285715,24.517142857142858,4.714285714285714,5.857142857142857,-16.0,0.0,6,2,SP,sports_leisure,83
fb3cfbc8a86f5d7fbb4d36b8df63f60d,10,15,10,1007.3000000000001,217.76,67.15333333333334,14.517333333333333,3.1333333333333333,7.0,-16.666666666666668,0.0,7,1,RJ,bed_bath_table,67
fb503a924a0b9db19d83dd0ac6dbef8c,1,1,1,13.9,17.92,13.9,17.92,5.0,6.0,-18.0,0.0,1,1,RS,health_beauty,0
fb8904a8ea99f8831b64ce27db2c1765,2,2,2,278.0,24.36,139.0,12.18,4.5,11.0,-3.0,0.0,2,2,SP,sports_leisure,12
fb89df7f89fd1b8f03fa2acca1ba7364,22,25,22,2220.0,467.43,88.8,18.6972,3.84,15.04,-9.92,0.08,10,1,PR,health_beauty,312
fbc14c0cf93505ef89f64665ffa4a7b5,18,18,18,12227.82,531.11,679.3233333333333,29.50611111111111,4.176470588235294,11.61111111111111,-13.88888888888889,0.05555555555555555,16,5,SP,fixed_telephony,356
fc0b214b59a83615fea981c6424a02ae,1,1,1,159.9,12.14,159.9,12.14,5.0,4.0,-6.0,0.0,1,1,SP,baby,0
fc38b5dceee1a730fad8853453437fbd,5,5,5,119.2,58.81,23.84,11.762,4.6,7.4,-14.2,0.0,5,2,SP,perfumery,254
fc4751cfe3b279c419615b9b00c1abb4,1,1,1,453.7,17.35,453.7,17.35,5.0,8.0,-28.0,0.0,1,1,PR,housewares,0
fc59392d66ef99377e50356ee4f3b4e1,5,5,5,519.99,86.97,103.998,17.394,3.6,7.6,-14.4,0.0,5,3,BA,computers_accessories,84
fc5a0d7a310a7a41abf86a458585ff2b,2,2,2,162.8,27.36,81.4,13.68,2.5,13.0,-19.0,0.0,2,1,SP,books_general_interest,347
fc6295add6f51a0936407ead70c1001d,1,4,1,160.0,70.52,40.0,17.63,1.0,13.0,-9.0,0.0,4,1,SP,furniture_decor,0
fc906263ca5083d09dce42fe02247800,114,119,114,4497.7,1885.58,37.79579831932773,15.845210084033614,4.369747899159663,8.914529914529915,-14.803418803418804,0.0,17,4,MG,computers_accessories,256
fc908879b9ca1bd65419e54e50432d38,4,4,4,119.19999999999999,52.68,29.799999999999997,13.17,5.0,8.25,-11.25,0.0,2,1,SP,books_general_interest,219
fc99f99385ae90f66f01733856fb88c9,1,1,1,89.9,21.12,89.9,21.12,1.0,10.6918511755307,-12.0,0.0,1,1,SP,toys,0
fcb5ace8bcc92f75707dc0f01a27d269,62,73,61,8318.63,954.7,113.95383561643834,13.078082191780823,3.7916666666666665,9.942857142857143,-9.2,0.0273972602739726,43,11,SP,cool_stuff,262
fcba71d4d5db057f43249145e4eb1e27,3,3,3,494.55,53.72,164.85,17.906666666666666,4.666666666666667,18.0,-7.666666666666667,0.0,3,1,SP,watches_gifts,118
fcdd820084f17e9982427971e4e9d47f,16,27,16,4783.99,881.75,177.1848148148148,32.657407407407405,3.259259259259259,10.74074074074074,-20.333333333333332,0.07407407407407407,5,2,SP,air_conditioning,162
fce62094ffe6a4009188ec44e681dfdd,4,11,4,2969.7,482.93,269.97272727272724,43.902727272727276,3.1818181818181817,18.454545454545453,-11.909090909090908,0.45454545454545453,3,3,SP,furniture_decor,387
fcf16b7a8697e559f0123190bb30177d,3,7,3,1052.8,499.77,150.4,71.39571428571428,3.142857142857143,15.285714285714286,-1.8571428571428572,0.5714285714285714,1,1,SP,musical_instruments,176
fd312b6bf05efac6c3772d5b52205d8a,2,4,2,118.69999999999999,45.62,29.674999999999997,11.405,5.0,5.5,-12.5,0.0,2,1,SP,health_beauty,88
fd386aa7bed2af3c7035c65506c9b4a3,69,76,69,2304.15,1012.02,30.31776315789474,13.316052631578946,4.355263157894737,7.828947368421052,-9.644736842105264,0.10526315789473684,41,14,SP,stationery,186
fd435faa3c0422b60440ea3480d0e77c,1,1,1,749.0,133.87,749.0,133.87,5.0,9.0,-14.0,0.0,1,1,PB,electronics,0
fdaaf5bfda82b7b80535610c831b8d09,10,15,10,2588.9,259.42,172.59333333333333,17.294666666666668,3.933333333333333,10.533333333333333,-10.866666666666667,0.2,12,2,SP,sports_leisure,242
fdb9095204a334cd8872252ffec6f2db,46,61,46,8156.0,1133.37,133.70491803278688,18.57983606557377,4.139344262295082,8.37704918032787,-11.950819672131148,0.04918032786885246,14,1,SP,bed_bath_table,334
fde0cc9ea29c8ccfc0a2c22256a58c71,35,35,33,3922.0,999.27,112.05714285714286,28.550571428571427,4.485714285714286,8.17142857142857,-16.34285714285714,0.02857142857142857,9,3,PR,toys,312
fdf736c18c589ed030e058312203e1b2,1,1,1,30.0,14.51,30.0,14.51,5.0,5.0,-3.0,0.0,1,1,MG,computers_accessories,0
fe19dce63ae80346207c6c55713d1023,1,1,1,49.9,21.82,49.9,21.82,5.0,7.0,-22.0,0.0,1,1,MG,health_beauty,0
fe1b067411b8c5066e962aa146ccee03,8,8,8,847.78,143.1,105.9725,17.8875,4.625,8.25,-9.625,0.0,2,2,SP,perfumery,27
fe1bbc5feda5c8979a8a1b3b2512d5a6,9,10,9,724.72,137.53,72.47200000000001,13.753,3.8,10.9,-13.8,0.1,7,2,MG,sports_leisure,161
fe2032dab1a61af8794248c8196565c9,294,306,293,65959.61,4721.34,215.55428104575162,15.42921568627451,4.3841059602649,10.118032786885246,-11.065573770491802,0.08496732026143791,70,2,SP,perfumery,531
fe26f3ecb51a15e6d8335cd92da42562,7,7,7,2708.96,262.59000000000003,386.9942857142857,37.51285714285715,4.428571428571429,10.285714285714286,-10.428571428571429,0.14285714285714285,7,2,SP,auto,93
fe49ee029e61e789a1f3a5525f57ba8d,17,17,17,2527.5899999999997,224.85,148.68176470588233,13.226470588235294,4.0588235294117645,10.0625,-11.875,0.058823529411764705,11,6,SP,toys,117
fe4cd9461203cee790d36792420b310f,3,3,3,391.15,54.379999999999995,130.38333333333333,18.126666666666665,4.0,13.666666666666666,-10.0,0.0,2,1,MG,telephony,177
fe701d88b67eaca109dffd464d1be9f9,11,11,11,1548.9,239.04,140.8090909090909,21.73090909090909,4.0,11.9,-15.9,0.09090909090909091,3,1,RJ,fashion_bags_accessories,244
fe8055980a4ff7f64ed889c2b5926929,3,3,3,196.70000000000002,53.28,65.56666666666668,17.76,4.666666666666667,6.0,-15.333333333333334,0.0,2,2,PR,electronics,44
fe87f472055fbcf1d7e691c00b1560dc,6,6,6,1085.8,130.16,180.96666666666667,21.69333333333333,4.5,5.5,-3.0,0.16666666666666666,4,1,SP,housewares,104
fe9d9cf8631285d5982c6e2cf27fb114,1,1,1,69.9,23.64,69.9,23.64,4.0,4.0,-14.0,0.0,1,1,MG,sports_leisure,0
feb793c88d836c3a75efa4b5a3465d70,1,1,1,466.0,64.17,466.0,64.17,5.0,5.0,-8.0,0.0,1,1,SP,garden_tools,0
febab0275244b9a49a623f0bd613ca2f,109,129,108,7272.42,3016.75,56.3753488372093,23.385658914728683,4.263565891472868,7.650793650793651,-11.753968253968255,0.031007751937984496,45,3,SP,housewares,547
fec6275253471ace26d209bbaa64cd0f,9,10,9,2840.0,355.66999999999996,284.0,35.56699999999999,4.6,12.9,-17.9,0.0,2,1,RJ,health_beauty,165
fec6912baad85d41729669edd6b4d3b8,1,1,1,210.0,51.97,210.0,51.97,1.0,10.6918511755307,-12.0,0.0,1,1,SP,construction_tools_construction,0
fec8cd45395b3cb0c2b173d7739706a1,4,4,4,1280.0,96.94,320.0,24.235,3.75,10.25,-11.25,0.0,3,1,SP,toys,111
fedaedd3ca31d56ab33e92035e4b361c,1,1,1,39.9,10.96,39.9,10.96,4.0,8.0,-44.0,0.0,1,1,RJ,baby,0
fedf2c1386e137f296b3bbf3b635e69d,2,5,2,131.74,79.16,26.348000000000003,15.831999999999999,3.2,10.4,-19.8,0.0,2,2,SP,home_construction,84
ff063b022a9a0aab91bad2c9088760b7,94,96,94,12076.5,1984.77,125.796875,20.6746875,4.28421052631579,8.927083333333334,-12.03125,0.03125,9,3,SP,furniture_decor,552
ff1e15b778c700abdd4d239b81ac466d,7,7,7,414.3,114.86,59.18571428571429,16.408571428571427,4.571428571428571,7.0,-8.0,0.0,2,2,PR,sports_leisure,19
ff1fb4c404b2efe68b03350a8dc24122,46,49,45,6771.0,895.95,138.18367346938774,18.28469387755102,4.061224489795919,9.489795918367347,-8.755102040816327,0.12244897959183673,21,6,SP,toys,212
ff314fa6033cc68ec451c47aee2d6ba4,2,2,2,537.9,32.44,268.95,16.22,5.0,10.5,-20.5,0.0,2,1,SP,unknown,114
ff4e2d38692ce827b1a4f4b8196e680d,11,11,11,518.9,150.28,47.17272727272727,13.661818181818182,4.2727272727272725,8.818181818181818,-14.090909090909092,0.0,3,2,SP,books_technical,321
ff4ea69c2a729e83e63c7579e4ef8170,9,9,9,7017.0,171.62,779.6666666666666,19.06888888888889,4.5,10.875,-12.25,0.0,4,1,SP,small_appliances,142
ff69aa92bb6b1bf9b8b7a51c2ed9cf8b,20,20,20,21940.8,1754.4,1097.04,87.72,3.65,11.0,-9.1,0.2,13,2,SP,baby,198
ff82e8873fba613f2261a9acc896fd84,4,4,4,124.6,58.93,31.15,14.7325,3.5,9.25,-15.25,0.0,3,2,MG,baby,72
ffa6adafb71b807dc13159e26431354c,18,18,18,2669.9,537.08,148.32777777777778,29.83777777777778,3.7777777777777777,9.352941176470589,-12.705882352941176,0.0,10,5,PR,cine_photo,150
ffad1e7127fb622cb64a900751590acd,10,15,9,884.3,206.53,58.95333333333333,13.768666666666666,4.866666666666666,8.0,-10.266666666666667,0.0,8,2,SP,furniture_decor,123
ffc470761de7d0232558ba5e786e57b7,28,31,28,1649.01,438.12,53.19387096774194,14.132903225806452,4.3,9.6,-11.666666666666666,0.06451612903225806,15,8,SP,housewares,178
ffcfefa19b08742c5d315f2791395ee5,1,1,1,69.9,9.62,69.9,9.62,1.0,10.6918511755307,-12.0,0.0,1,1,PR,books_general_interest,0
ffdd9f82b9a447f6f8d4b91554cc7dd3,18,20,18,2101.2,727.46,105.05999999999999,36.373000000000005,4.25,9.8,-12.2,0.0,12,2,PR,housewares,531
ffeee66ac5d5a62fe688b9d26f83f534,14,14,14,1839.8600000000001,419.69,131.41857142857143,29.977857142857143,4.214285714285714,17.642857142857142,-8.357142857142858,0.14285714285714285,3,1,SP,home_appliances,225
fffd5413c0700ac820c7069d66d98c89,60,61,60,9062.3,2833.74,148.5622950819672,46.45475409836065,3.8666666666666667,13.327586206896552,-11.327586206896552,0.11475409836065574,29,3,SP,housewares,397
ffff564a4f9085cd26170f4732393726,20,20,20,1426.3,344.56,71.315,17.228,2.1,11.875,-48.0,0.0,15,7,SP,auto,178
